core_case_id,corpus,topic_id,agent_field,memory_condition,ranker,policy,selected_count,gold_available_cluster_count,gold_cluster_recall_at_k,gold_cluster_recall_null_reason,gold_cluster_capacity_coverage_at_k,gold_cluster_precision,gold_cluster_precision_null_reason,selected_redundancy,strict_topic_label_match,shortfall
corpus_expanded__agent_communication__agents__empty__stage_a_reference__balanced,corpus_expanded,agent_communication,agents,empty,stage_a_reference,balanced,3,7,0.42857142857142855,,1.0,1.0,,0.0,1.0,False
corpus_expanded__agent_communication__agents__empty__stage_a_reference__novelty,corpus_expanded,agent_communication,agents,empty,stage_a_reference,novelty,3,7,0.42857142857142855,,1.0,1.0,,0.0,1.0,False
corpus_expanded__agent_communication__agents__empty__stage_a_reference__recognition,corpus_expanded,agent_communication,agents,empty,stage_a_reference,recognition,3,7,0.42857142857142855,,1.0,1.0,,0.0,1.0,False
corpus_expanded__agent_communication__agents__empty__stage_a_supplement__balanced,corpus_expanded,agent_communication,agents,empty,stage_a_supplement,balanced,3,7,0.42857142857142855,,1.0,1.0,,0.0,1.0,False
corpus_expanded__agent_communication__agents__empty__stage_a_supplement__novelty,corpus_expanded,agent_communication,agents,empty,stage_a_supplement,novelty,3,7,0.42857142857142855,,1.0,1.0,,0.0,1.0,False
corpus_expanded__agent_communication__agents__empty__stage_a_supplement__recognition,corpus_expanded,agent_communication,agents,empty,stage_a_supplement,recognition,3,7,0.42857142857142855,,1.0,1.0,,0.0,1.0,False
corpus_expanded__agent_communication__agents__related__stage_a_reference__balanced,corpus_expanded,agent_communication,agents,related,stage_a_reference,balanced,3,7,0.42857142857142855,,1.0,1.0,,0.0,1.0,False
corpus_expanded__agent_communication__agents__related__stage_a_reference__novelty,corpus_expanded,agent_communication,agents,related,stage_a_reference,novelty,3,7,0.42857142857142855,,1.0,1.0,,0.0,1.0,False
corpus_expanded__agent_communication__agents__related__stage_a_reference__recognition,corpus_expanded,agent_communication,agents,related,stage_a_reference,recognition,3,7,0.42857142857142855,,1.0,1.0,,0.0,1.0,False
corpus_expanded__agent_communication__agents__related__stage_a_supplement__balanced,corpus_expanded,agent_communication,agents,related,stage_a_supplement,balanced,3,7,0.42857142857142855,,1.0,1.0,,0.0,1.0,False
corpus_expanded__agent_communication__agents__related__stage_a_supplement__novelty,corpus_expanded,agent_communication,agents,related,stage_a_supplement,novelty,3,7,0.42857142857142855,,1.0,1.0,,0.0,1.0,False
corpus_expanded__agent_communication__agents__related__stage_a_supplement__recognition,corpus_expanded,agent_communication,agents,related,stage_a_supplement,recognition,3,7,0.42857142857142855,,1.0,1.0,,0.0,1.0,False
corpus_expanded__agent_communication__agents__unrelated__stage_a_reference__balanced,corpus_expanded,agent_communication,agents,unrelated,stage_a_reference,balanced,3,7,0.42857142857142855,,1.0,1.0,,0.0,1.0,False
corpus_expanded__agent_communication__agents__unrelated__stage_a_reference__novelty,corpus_expanded,agent_communication,agents,unrelated,stage_a_reference,novelty,3,7,0.42857142857142855,,1.0,1.0,,0.0,1.0,False
corpus_expanded__agent_communication__agents__unrelated__stage_a_reference__recognition,corpus_expanded,agent_communication,agents,unrelated,stage_a_reference,recognition,3,7,0.42857142857142855,,1.0,1.0,,0.0,1.0,False
corpus_expanded__agent_communication__agents__unrelated__stage_a_supplement__balanced,corpus_expanded,agent_communication,agents,unrelated,stage_a_supplement,balanced,3,7,0.42857142857142855,,1.0,1.0,,0.0,1.0,False
corpus_expanded__agent_communication__agents__unrelated__stage_a_supplement__novelty,corpus_expanded,agent_communication,agents,unrelated,stage_a_supplement,novelty,3,7,0.42857142857142855,,1.0,1.0,,0.0,1.0,False
corpus_expanded__agent_communication__agents__unrelated__stage_a_supplement__recognition,corpus_expanded,agent_communication,agents,unrelated,stage_a_supplement,recognition,3,7,0.42857142857142855,,1.0,1.0,,0.0,1.0,False
corpus_expanded__agent_communication__learning__empty__stage_a_reference__balanced,corpus_expanded,agent_communication,learning,empty,stage_a_reference,balanced,3,7,0.42857142857142855,,1.0,1.0,,0.0,1.0,False
corpus_expanded__agent_communication__learning__empty__stage_a_reference__novelty,corpus_expanded,agent_communication,learning,empty,stage_a_reference,novelty,3,7,0.42857142857142855,,1.0,1.0,,0.0,1.0,False
corpus_expanded__agent_communication__learning__empty__stage_a_reference__recognition,corpus_expanded,agent_communication,learning,empty,stage_a_reference,recognition,3,7,0.42857142857142855,,1.0,1.0,,0.0,1.0,False
corpus_expanded__agent_communication__learning__empty__stage_a_supplement__balanced,corpus_expanded,agent_communication,learning,empty,stage_a_supplement,balanced,3,7,0.42857142857142855,,1.0,1.0,,0.0,1.0,False
corpus_expanded__agent_communication__learning__empty__stage_a_supplement__novelty,corpus_expanded,agent_communication,learning,empty,stage_a_supplement,novelty,3,7,0.42857142857142855,,1.0,1.0,,0.0,1.0,False
corpus_expanded__agent_communication__learning__empty__stage_a_supplement__recognition,corpus_expanded,agent_communication,learning,empty,stage_a_supplement,recognition,3,7,0.42857142857142855,,1.0,1.0,,0.0,1.0,False
corpus_expanded__agent_communication__learning__related__stage_a_reference__balanced,corpus_expanded,agent_communication,learning,related,stage_a_reference,balanced,3,7,0.42857142857142855,,1.0,1.0,,0.0,1.0,False
corpus_expanded__agent_communication__learning__related__stage_a_reference__novelty,corpus_expanded,agent_communication,learning,related,stage_a_reference,novelty,3,7,0.42857142857142855,,1.0,1.0,,0.0,1.0,False
corpus_expanded__agent_communication__learning__related__stage_a_reference__recognition,corpus_expanded,agent_communication,learning,related,stage_a_reference,recognition,3,7,0.42857142857142855,,1.0,1.0,,0.0,1.0,False
corpus_expanded__agent_communication__learning__related__stage_a_supplement__balanced,corpus_expanded,agent_communication,learning,related,stage_a_supplement,balanced,3,7,0.42857142857142855,,1.0,1.0,,0.0,1.0,False
corpus_expanded__agent_communication__learning__related__stage_a_supplement__novelty,corpus_expanded,agent_communication,learning,related,stage_a_supplement,novelty,3,7,0.42857142857142855,,1.0,1.0,,0.0,1.0,False
corpus_expanded__agent_communication__learning__related__stage_a_supplement__recognition,corpus_expanded,agent_communication,learning,related,stage_a_supplement,recognition,3,7,0.42857142857142855,,1.0,1.0,,0.0,1.0,False
corpus_expanded__agent_communication__learning__unrelated__stage_a_reference__balanced,corpus_expanded,agent_communication,learning,unrelated,stage_a_reference,balanced,3,7,0.42857142857142855,,1.0,1.0,,0.0,1.0,False
corpus_expanded__agent_communication__learning__unrelated__stage_a_reference__novelty,corpus_expanded,agent_communication,learning,unrelated,stage_a_reference,novelty,3,7,0.42857142857142855,,1.0,1.0,,0.0,1.0,False
corpus_expanded__agent_communication__learning__unrelated__stage_a_reference__recognition,corpus_expanded,agent_communication,learning,unrelated,stage_a_reference,recognition,3,7,0.42857142857142855,,1.0,1.0,,0.0,1.0,False
corpus_expanded__agent_communication__learning__unrelated__stage_a_supplement__balanced,corpus_expanded,agent_communication,learning,unrelated,stage_a_supplement,balanced,3,7,0.42857142857142855,,1.0,1.0,,0.0,1.0,False
corpus_expanded__agent_communication__learning__unrelated__stage_a_supplement__novelty,corpus_expanded,agent_communication,learning,unrelated,stage_a_supplement,novelty,3,7,0.42857142857142855,,1.0,1.0,,0.0,1.0,False
corpus_expanded__agent_communication__learning__unrelated__stage_a_supplement__recognition,corpus_expanded,agent_communication,learning,unrelated,stage_a_supplement,recognition,3,7,0.42857142857142855,,1.0,1.0,,0.0,1.0,False
corpus_expanded__agent_communication__science__empty__stage_a_reference__balanced,corpus_expanded,agent_communication,science,empty,stage_a_reference,balanced,3,7,0.42857142857142855,,1.0,1.0,,0.0,1.0,False
corpus_expanded__agent_communication__science__empty__stage_a_reference__novelty,corpus_expanded,agent_communication,science,empty,stage_a_reference,novelty,3,7,0.42857142857142855,,1.0,1.0,,0.0,1.0,False
corpus_expanded__agent_communication__science__empty__stage_a_reference__recognition,corpus_expanded,agent_communication,science,empty,stage_a_reference,recognition,3,7,0.42857142857142855,,1.0,1.0,,0.0,1.0,False
corpus_expanded__agent_communication__science__empty__stage_a_supplement__balanced,corpus_expanded,agent_communication,science,empty,stage_a_supplement,balanced,3,7,0.42857142857142855,,1.0,1.0,,0.0,1.0,False
corpus_expanded__agent_communication__science__empty__stage_a_supplement__novelty,corpus_expanded,agent_communication,science,empty,stage_a_supplement,novelty,3,7,0.42857142857142855,,1.0,1.0,,0.0,1.0,False
corpus_expanded__agent_communication__science__empty__stage_a_supplement__recognition,corpus_expanded,agent_communication,science,empty,stage_a_supplement,recognition,3,7,0.42857142857142855,,1.0,1.0,,0.0,1.0,False
corpus_expanded__agent_communication__science__related__stage_a_reference__balanced,corpus_expanded,agent_communication,science,related,stage_a_reference,balanced,3,7,0.42857142857142855,,1.0,1.0,,0.0,1.0,False
corpus_expanded__agent_communication__science__related__stage_a_reference__novelty,corpus_expanded,agent_communication,science,related,stage_a_reference,novelty,3,7,0.42857142857142855,,1.0,1.0,,0.0,1.0,False
corpus_expanded__agent_communication__science__related__stage_a_reference__recognition,corpus_expanded,agent_communication,science,related,stage_a_reference,recognition,3,7,0.42857142857142855,,1.0,1.0,,0.0,1.0,False
corpus_expanded__agent_communication__science__related__stage_a_supplement__balanced,corpus_expanded,agent_communication,science,related,stage_a_supplement,balanced,3,7,0.42857142857142855,,1.0,1.0,,0.0,1.0,False
corpus_expanded__agent_communication__science__related__stage_a_supplement__novelty,corpus_expanded,agent_communication,science,related,stage_a_supplement,novelty,3,7,0.42857142857142855,,1.0,1.0,,0.0,1.0,False
corpus_expanded__agent_communication__science__related__stage_a_supplement__recognition,corpus_expanded,agent_communication,science,related,stage_a_supplement,recognition,3,7,0.42857142857142855,,1.0,1.0,,0.0,1.0,False
corpus_expanded__agent_communication__science__unrelated__stage_a_reference__balanced,corpus_expanded,agent_communication,science,unrelated,stage_a_reference,balanced,3,7,0.42857142857142855,,1.0,1.0,,0.0,1.0,False
corpus_expanded__agent_communication__science__unrelated__stage_a_reference__novelty,corpus_expanded,agent_communication,science,unrelated,stage_a_reference,novelty,3,7,0.42857142857142855,,1.0,1.0,,0.0,1.0,False
corpus_expanded__agent_communication__science__unrelated__stage_a_reference__recognition,corpus_expanded,agent_communication,science,unrelated,stage_a_reference,recognition,3,7,0.42857142857142855,,1.0,1.0,,0.0,1.0,False
corpus_expanded__agent_communication__science__unrelated__stage_a_supplement__balanced,corpus_expanded,agent_communication,science,unrelated,stage_a_supplement,balanced,3,7,0.42857142857142855,,1.0,1.0,,0.0,1.0,False
corpus_expanded__agent_communication__science__unrelated__stage_a_supplement__novelty,corpus_expanded,agent_communication,science,unrelated,stage_a_supplement,novelty,3,7,0.42857142857142855,,1.0,1.0,,0.0,1.0,False
corpus_expanded__agent_communication__science__unrelated__stage_a_supplement__recognition,corpus_expanded,agent_communication,science,unrelated,stage_a_supplement,recognition,3,7,0.42857142857142855,,1.0,1.0,,0.0,1.0,False
corpus_expanded__agent_memory__agents__empty__stage_a_reference__balanced,corpus_expanded,agent_memory,agents,empty,stage_a_reference,balanced,3,7,0.42857142857142855,,1.0,1.0,,0.0,1.0,False
corpus_expanded__agent_memory__agents__empty__stage_a_reference__novelty,corpus_expanded,agent_memory,agents,empty,stage_a_reference,novelty,3,7,0.42857142857142855,,1.0,1.0,,0.0,1.0,False
corpus_expanded__agent_memory__agents__empty__stage_a_reference__recognition,corpus_expanded,agent_memory,agents,empty,stage_a_reference,recognition,3,7,0.42857142857142855,,1.0,1.0,,0.0,1.0,False
corpus_expanded__agent_memory__agents__empty__stage_a_supplement__balanced,corpus_expanded,agent_memory,agents,empty,stage_a_supplement,balanced,3,7,0.42857142857142855,,1.0,1.0,,0.0,1.0,False
corpus_expanded__agent_memory__agents__empty__stage_a_supplement__novelty,corpus_expanded,agent_memory,agents,empty,stage_a_supplement,novelty,3,7,0.42857142857142855,,1.0,1.0,,0.0,1.0,False
corpus_expanded__agent_memory__agents__empty__stage_a_supplement__recognition,corpus_expanded,agent_memory,agents,empty,stage_a_supplement,recognition,3,7,0.42857142857142855,,1.0,1.0,,0.0,1.0,False
corpus_expanded__agent_memory__agents__related__stage_a_reference__balanced,corpus_expanded,agent_memory,agents,related,stage_a_reference,balanced,3,7,0.42857142857142855,,1.0,1.0,,0.0,1.0,False
corpus_expanded__agent_memory__agents__related__stage_a_reference__novelty,corpus_expanded,agent_memory,agents,related,stage_a_reference,novelty,3,7,0.42857142857142855,,1.0,1.0,,0.0,1.0,False
corpus_expanded__agent_memory__agents__related__stage_a_reference__recognition,corpus_expanded,agent_memory,agents,related,stage_a_reference,recognition,3,7,0.42857142857142855,,1.0,1.0,,0.0,1.0,False
corpus_expanded__agent_memory__agents__related__stage_a_supplement__balanced,corpus_expanded,agent_memory,agents,related,stage_a_supplement,balanced,3,7,0.42857142857142855,,1.0,1.0,,0.0,1.0,False
corpus_expanded__agent_memory__agents__related__stage_a_supplement__novelty,corpus_expanded,agent_memory,agents,related,stage_a_supplement,novelty,3,7,0.42857142857142855,,1.0,1.0,,0.0,1.0,False
corpus_expanded__agent_memory__agents__related__stage_a_supplement__recognition,corpus_expanded,agent_memory,agents,related,stage_a_supplement,recognition,3,7,0.42857142857142855,,1.0,1.0,,0.0,1.0,False
corpus_expanded__agent_memory__agents__unrelated__stage_a_reference__balanced,corpus_expanded,agent_memory,agents,unrelated,stage_a_reference,balanced,3,7,0.42857142857142855,,1.0,1.0,,0.0,1.0,False
corpus_expanded__agent_memory__agents__unrelated__stage_a_reference__novelty,corpus_expanded,agent_memory,agents,unrelated,stage_a_reference,novelty,3,7,0.42857142857142855,,1.0,1.0,,0.0,1.0,False
corpus_expanded__agent_memory__agents__unrelated__stage_a_reference__recognition,corpus_expanded,agent_memory,agents,unrelated,stage_a_reference,recognition,3,7,0.42857142857142855,,1.0,1.0,,0.0,1.0,False
corpus_expanded__agent_memory__agents__unrelated__stage_a_supplement__balanced,corpus_expanded,agent_memory,agents,unrelated,stage_a_supplement,balanced,3,7,0.42857142857142855,,1.0,1.0,,0.0,1.0,False
corpus_expanded__agent_memory__agents__unrelated__stage_a_supplement__novelty,corpus_expanded,agent_memory,agents,unrelated,stage_a_supplement,novelty,3,7,0.42857142857142855,,1.0,1.0,,0.0,1.0,False
corpus_expanded__agent_memory__agents__unrelated__stage_a_supplement__recognition,corpus_expanded,agent_memory,agents,unrelated,stage_a_supplement,recognition,3,7,0.42857142857142855,,1.0,1.0,,0.0,1.0,False
corpus_expanded__agent_memory__learning__empty__stage_a_reference__balanced,corpus_expanded,agent_memory,learning,empty,stage_a_reference,balanced,3,7,0.42857142857142855,,1.0,1.0,,0.0,1.0,False
corpus_expanded__agent_memory__learning__empty__stage_a_reference__novelty,corpus_expanded,agent_memory,learning,empty,stage_a_reference,novelty,3,7,0.42857142857142855,,1.0,1.0,,0.0,1.0,False
corpus_expanded__agent_memory__learning__empty__stage_a_reference__recognition,corpus_expanded,agent_memory,learning,empty,stage_a_reference,recognition,3,7,0.42857142857142855,,1.0,1.0,,0.0,1.0,False
corpus_expanded__agent_memory__learning__empty__stage_a_supplement__balanced,corpus_expanded,agent_memory,learning,empty,stage_a_supplement,balanced,3,7,0.42857142857142855,,1.0,1.0,,0.0,1.0,False
corpus_expanded__agent_memory__learning__empty__stage_a_supplement__novelty,corpus_expanded,agent_memory,learning,empty,stage_a_supplement,novelty,3,7,0.42857142857142855,,1.0,1.0,,0.0,1.0,False
corpus_expanded__agent_memory__learning__empty__stage_a_supplement__recognition,corpus_expanded,agent_memory,learning,empty,stage_a_supplement,recognition,3,7,0.42857142857142855,,1.0,1.0,,0.0,1.0,False
corpus_expanded__agent_memory__learning__related__stage_a_reference__balanced,corpus_expanded,agent_memory,learning,related,stage_a_reference,balanced,3,7,0.2857142857142857,,0.6666666666666666,0.6666666666666666,,0.0,0.6666666666666666,False
corpus_expanded__agent_memory__learning__related__stage_a_reference__novelty,corpus_expanded,agent_memory,learning,related,stage_a_reference,novelty,3,7,0.2857142857142857,,0.6666666666666666,0.6666666666666666,,0.0,0.6666666666666666,False
corpus_expanded__agent_memory__learning__related__stage_a_reference__recognition,corpus_expanded,agent_memory,learning,related,stage_a_reference,recognition,3,7,0.2857142857142857,,0.6666666666666666,0.6666666666666666,,0.0,0.6666666666666666,False
corpus_expanded__agent_memory__learning__related__stage_a_supplement__balanced,corpus_expanded,agent_memory,learning,related,stage_a_supplement,balanced,3,7,0.2857142857142857,,0.6666666666666666,0.6666666666666666,,0.0,0.6666666666666666,False
corpus_expanded__agent_memory__learning__related__stage_a_supplement__novelty,corpus_expanded,agent_memory,learning,related,stage_a_supplement,novelty,3,7,0.2857142857142857,,0.6666666666666666,0.6666666666666666,,0.0,0.6666666666666666,False
corpus_expanded__agent_memory__learning__related__stage_a_supplement__recognition,corpus_expanded,agent_memory,learning,related,stage_a_supplement,recognition,3,7,0.2857142857142857,,0.6666666666666666,0.6666666666666666,,0.0,0.6666666666666666,False
corpus_expanded__agent_memory__learning__unrelated__stage_a_reference__balanced,corpus_expanded,agent_memory,learning,unrelated,stage_a_reference,balanced,3,7,0.42857142857142855,,1.0,1.0,,0.0,1.0,False
corpus_expanded__agent_memory__learning__unrelated__stage_a_reference__novelty,corpus_expanded,agent_memory,learning,unrelated,stage_a_reference,novelty,3,7,0.42857142857142855,,1.0,1.0,,0.0,1.0,False
corpus_expanded__agent_memory__learning__unrelated__stage_a_reference__recognition,corpus_expanded,agent_memory,learning,unrelated,stage_a_reference,recognition,3,7,0.42857142857142855,,1.0,1.0,,0.0,1.0,False
corpus_expanded__agent_memory__learning__unrelated__stage_a_supplement__balanced,corpus_expanded,agent_memory,learning,unrelated,stage_a_supplement,balanced,3,7,0.42857142857142855,,1.0,1.0,,0.0,1.0,False
corpus_expanded__agent_memory__learning__unrelated__stage_a_supplement__novelty,corpus_expanded,agent_memory,learning,unrelated,stage_a_supplement,novelty,3,7,0.42857142857142855,,1.0,1.0,,0.0,1.0,False
corpus_expanded__agent_memory__learning__unrelated__stage_a_supplement__recognition,corpus_expanded,agent_memory,learning,unrelated,stage_a_supplement,recognition,3,7,0.42857142857142855,,1.0,1.0,,0.0,1.0,False
corpus_expanded__agent_memory__science__empty__stage_a_reference__balanced,corpus_expanded,agent_memory,science,empty,stage_a_reference,balanced,3,7,0.2857142857142857,,0.6666666666666666,0.6666666666666666,,0.0,0.6666666666666666,False
corpus_expanded__agent_memory__science__empty__stage_a_reference__novelty,corpus_expanded,agent_memory,science,empty,stage_a_reference,novelty,3,7,0.2857142857142857,,0.6666666666666666,0.6666666666666666,,0.0,0.6666666666666666,False
corpus_expanded__agent_memory__science__empty__stage_a_reference__recognition,corpus_expanded,agent_memory,science,empty,stage_a_reference,recognition,3,7,0.2857142857142857,,0.6666666666666666,0.6666666666666666,,0.0,0.6666666666666666,False
corpus_expanded__agent_memory__science__empty__stage_a_supplement__balanced,corpus_expanded,agent_memory,science,empty,stage_a_supplement,balanced,3,7,0.2857142857142857,,0.6666666666666666,0.6666666666666666,,0.0,0.6666666666666666,False
corpus_expanded__agent_memory__science__empty__stage_a_supplement__novelty,corpus_expanded,agent_memory,science,empty,stage_a_supplement,novelty,3,7,0.2857142857142857,,0.6666666666666666,0.6666666666666666,,0.0,0.6666666666666666,False
corpus_expanded__agent_memory__science__empty__stage_a_supplement__recognition,corpus_expanded,agent_memory,science,empty,stage_a_supplement,recognition,3,7,0.2857142857142857,,0.6666666666666666,0.6666666666666666,,0.0,0.6666666666666666,False
corpus_expanded__agent_memory__science__related__stage_a_reference__balanced,corpus_expanded,agent_memory,science,related,stage_a_reference,balanced,3,7,0.2857142857142857,,0.6666666666666666,0.6666666666666666,,0.0,0.6666666666666666,False
corpus_expanded__agent_memory__science__related__stage_a_reference__novelty,corpus_expanded,agent_memory,science,related,stage_a_reference,novelty,3,7,0.2857142857142857,,0.6666666666666666,0.6666666666666666,,0.0,0.6666666666666666,False
corpus_expanded__agent_memory__science__related__stage_a_reference__recognition,corpus_expanded,agent_memory,science,related,stage_a_reference,recognition,3,7,0.2857142857142857,,0.6666666666666666,0.6666666666666666,,0.0,0.6666666666666666,False
corpus_expanded__agent_memory__science__related__stage_a_supplement__balanced,corpus_expanded,agent_memory,science,related,stage_a_supplement,balanced,3,7,0.2857142857142857,,0.6666666666666666,0.6666666666666666,,0.0,0.6666666666666666,False
corpus_expanded__agent_memory__science__related__stage_a_supplement__novelty,corpus_expanded,agent_memory,science,related,stage_a_supplement,novelty,3,7,0.2857142857142857,,0.6666666666666666,0.6666666666666666,,0.0,0.6666666666666666,False
corpus_expanded__agent_memory__science__related__stage_a_supplement__recognition,corpus_expanded,agent_memory,science,related,stage_a_supplement,recognition,3,7,0.2857142857142857,,0.6666666666666666,0.6666666666666666,,0.0,0.6666666666666666,False
corpus_expanded__agent_memory__science__unrelated__stage_a_reference__balanced,corpus_expanded,agent_memory,science,unrelated,stage_a_reference,balanced,3,7,0.2857142857142857,,0.6666666666666666,0.6666666666666666,,0.0,0.6666666666666666,False
corpus_expanded__agent_memory__science__unrelated__stage_a_reference__novelty,corpus_expanded,agent_memory,science,unrelated,stage_a_reference,novelty,3,7,0.2857142857142857,,0.6666666666666666,0.6666666666666666,,0.0,0.6666666666666666,False
corpus_expanded__agent_memory__science__unrelated__stage_a_reference__recognition,corpus_expanded,agent_memory,science,unrelated,stage_a_reference,recognition,3,7,0.2857142857142857,,0.6666666666666666,0.6666666666666666,,0.0,0.6666666666666666,False
corpus_expanded__agent_memory__science__unrelated__stage_a_supplement__balanced,corpus_expanded,agent_memory,science,unrelated,stage_a_supplement,balanced,3,7,0.2857142857142857,,0.6666666666666666,0.6666666666666666,,0.0,0.6666666666666666,False
corpus_expanded__agent_memory__science__unrelated__stage_a_supplement__novelty,corpus_expanded,agent_memory,science,unrelated,stage_a_supplement,novelty,3,7,0.2857142857142857,,0.6666666666666666,0.6666666666666666,,0.0,0.6666666666666666,False
corpus_expanded__agent_memory__science__unrelated__stage_a_supplement__recognition,corpus_expanded,agent_memory,science,unrelated,stage_a_supplement,recognition,3,7,0.2857142857142857,,0.6666666666666666,0.6666666666666666,,0.0,0.6666666666666666,False
corpus_expanded__agent_planning__agents__empty__stage_a_reference__balanced,corpus_expanded,agent_planning,agents,empty,stage_a_reference,balanced,3,6,0.5,,1.0,1.0,,0.0,1.0,False
corpus_expanded__agent_planning__agents__empty__stage_a_reference__novelty,corpus_expanded,agent_planning,agents,empty,stage_a_reference,novelty,3,6,0.5,,1.0,1.0,,0.0,1.0,False
corpus_expanded__agent_planning__agents__empty__stage_a_reference__recognition,corpus_expanded,agent_planning,agents,empty,stage_a_reference,recognition,3,6,0.5,,1.0,1.0,,0.0,1.0,False
corpus_expanded__agent_planning__agents__empty__stage_a_supplement__balanced,corpus_expanded,agent_planning,agents,empty,stage_a_supplement,balanced,3,6,0.5,,1.0,1.0,,0.0,1.0,False
corpus_expanded__agent_planning__agents__empty__stage_a_supplement__novelty,corpus_expanded,agent_planning,agents,empty,stage_a_supplement,novelty,3,6,0.5,,1.0,1.0,,0.0,1.0,False
corpus_expanded__agent_planning__agents__empty__stage_a_supplement__recognition,corpus_expanded,agent_planning,agents,empty,stage_a_supplement,recognition,3,6,0.5,,1.0,1.0,,0.0,1.0,False
corpus_expanded__agent_planning__agents__related__stage_a_reference__balanced,corpus_expanded,agent_planning,agents,related,stage_a_reference,balanced,3,6,0.5,,1.0,1.0,,0.0,1.0,False
corpus_expanded__agent_planning__agents__related__stage_a_reference__novelty,corpus_expanded,agent_planning,agents,related,stage_a_reference,novelty,3,6,0.5,,1.0,1.0,,0.0,1.0,False
corpus_expanded__agent_planning__agents__related__stage_a_reference__recognition,corpus_expanded,agent_planning,agents,related,stage_a_reference,recognition,3,6,0.5,,1.0,1.0,,0.0,1.0,False
corpus_expanded__agent_planning__agents__related__stage_a_supplement__balanced,corpus_expanded,agent_planning,agents,related,stage_a_supplement,balanced,3,6,0.5,,1.0,1.0,,0.0,1.0,False
corpus_expanded__agent_planning__agents__related__stage_a_supplement__novelty,corpus_expanded,agent_planning,agents,related,stage_a_supplement,novelty,3,6,0.5,,1.0,1.0,,0.0,1.0,False
corpus_expanded__agent_planning__agents__related__stage_a_supplement__recognition,corpus_expanded,agent_planning,agents,related,stage_a_supplement,recognition,3,6,0.5,,1.0,1.0,,0.0,1.0,False
corpus_expanded__agent_planning__agents__unrelated__stage_a_reference__balanced,corpus_expanded,agent_planning,agents,unrelated,stage_a_reference,balanced,3,6,0.5,,1.0,1.0,,0.0,1.0,False
corpus_expanded__agent_planning__agents__unrelated__stage_a_reference__novelty,corpus_expanded,agent_planning,agents,unrelated,stage_a_reference,novelty,3,6,0.5,,1.0,1.0,,0.0,1.0,False
corpus_expanded__agent_planning__agents__unrelated__stage_a_reference__recognition,corpus_expanded,agent_planning,agents,unrelated,stage_a_reference,recognition,3,6,0.5,,1.0,1.0,,0.0,1.0,False
corpus_expanded__agent_planning__agents__unrelated__stage_a_supplement__balanced,corpus_expanded,agent_planning,agents,unrelated,stage_a_supplement,balanced,3,6,0.5,,1.0,1.0,,0.0,1.0,False
corpus_expanded__agent_planning__agents__unrelated__stage_a_supplement__novelty,corpus_expanded,agent_planning,agents,unrelated,stage_a_supplement,novelty,3,6,0.5,,1.0,1.0,,0.0,1.0,False
corpus_expanded__agent_planning__agents__unrelated__stage_a_supplement__recognition,corpus_expanded,agent_planning,agents,unrelated,stage_a_supplement,recognition,3,6,0.5,,1.0,1.0,,0.0,1.0,False
corpus_expanded__agent_planning__learning__empty__stage_a_reference__balanced,corpus_expanded,agent_planning,learning,empty,stage_a_reference,balanced,3,6,0.5,,1.0,1.0,,0.0,1.0,False
corpus_expanded__agent_planning__learning__empty__stage_a_reference__novelty,corpus_expanded,agent_planning,learning,empty,stage_a_reference,novelty,3,6,0.5,,1.0,1.0,,0.0,1.0,False
corpus_expanded__agent_planning__learning__empty__stage_a_reference__recognition,corpus_expanded,agent_planning,learning,empty,stage_a_reference,recognition,3,6,0.5,,1.0,1.0,,0.0,1.0,False
corpus_expanded__agent_planning__learning__empty__stage_a_supplement__balanced,corpus_expanded,agent_planning,learning,empty,stage_a_supplement,balanced,3,6,0.5,,1.0,1.0,,0.0,1.0,False
corpus_expanded__agent_planning__learning__empty__stage_a_supplement__novelty,corpus_expanded,agent_planning,learning,empty,stage_a_supplement,novelty,3,6,0.5,,1.0,1.0,,0.0,1.0,False
corpus_expanded__agent_planning__learning__empty__stage_a_supplement__recognition,corpus_expanded,agent_planning,learning,empty,stage_a_supplement,recognition,3,6,0.5,,1.0,1.0,,0.0,1.0,False
corpus_expanded__agent_planning__learning__related__stage_a_reference__balanced,corpus_expanded,agent_planning,learning,related,stage_a_reference,balanced,3,6,0.5,,1.0,1.0,,0.0,1.0,False
corpus_expanded__agent_planning__learning__related__stage_a_reference__novelty,corpus_expanded,agent_planning,learning,related,stage_a_reference,novelty,3,6,0.5,,1.0,1.0,,0.0,1.0,False
corpus_expanded__agent_planning__learning__related__stage_a_reference__recognition,corpus_expanded,agent_planning,learning,related,stage_a_reference,recognition,3,6,0.5,,1.0,1.0,,0.0,1.0,False
corpus_expanded__agent_planning__learning__related__stage_a_supplement__balanced,corpus_expanded,agent_planning,learning,related,stage_a_supplement,balanced,3,6,0.5,,1.0,1.0,,0.0,1.0,False
corpus_expanded__agent_planning__learning__related__stage_a_supplement__novelty,corpus_expanded,agent_planning,learning,related,stage_a_supplement,novelty,3,6,0.5,,1.0,1.0,,0.0,1.0,False
corpus_expanded__agent_planning__learning__related__stage_a_supplement__recognition,corpus_expanded,agent_planning,learning,related,stage_a_supplement,recognition,3,6,0.5,,1.0,1.0,,0.0,1.0,False
corpus_expanded__agent_planning__learning__unrelated__stage_a_reference__balanced,corpus_expanded,agent_planning,learning,unrelated,stage_a_reference,balanced,3,6,0.5,,1.0,1.0,,0.0,1.0,False
corpus_expanded__agent_planning__learning__unrelated__stage_a_reference__novelty,corpus_expanded,agent_planning,learning,unrelated,stage_a_reference,novelty,3,6,0.5,,1.0,1.0,,0.0,1.0,False
corpus_expanded__agent_planning__learning__unrelated__stage_a_reference__recognition,corpus_expanded,agent_planning,learning,unrelated,stage_a_reference,recognition,3,6,0.5,,1.0,1.0,,0.0,1.0,False
corpus_expanded__agent_planning__learning__unrelated__stage_a_supplement__balanced,corpus_expanded,agent_planning,learning,unrelated,stage_a_supplement,balanced,3,6,0.5,,1.0,1.0,,0.0,1.0,False
corpus_expanded__agent_planning__learning__unrelated__stage_a_supplement__novelty,corpus_expanded,agent_planning,learning,unrelated,stage_a_supplement,novelty,3,6,0.5,,1.0,1.0,,0.0,1.0,False
corpus_expanded__agent_planning__learning__unrelated__stage_a_supplement__recognition,corpus_expanded,agent_planning,learning,unrelated,stage_a_supplement,recognition,3,6,0.5,,1.0,1.0,,0.0,1.0,False
corpus_expanded__agent_planning__science__empty__stage_a_reference__balanced,corpus_expanded,agent_planning,science,empty,stage_a_reference,balanced,3,6,0.5,,1.0,1.0,,0.0,1.0,False
corpus_expanded__agent_planning__science__empty__stage_a_reference__novelty,corpus_expanded,agent_planning,science,empty,stage_a_reference,novelty,3,6,0.5,,1.0,1.0,,0.0,1.0,False
corpus_expanded__agent_planning__science__empty__stage_a_reference__recognition,corpus_expanded,agent_planning,science,empty,stage_a_reference,recognition,3,6,0.5,,1.0,1.0,,0.0,1.0,False
corpus_expanded__agent_planning__science__empty__stage_a_supplement__balanced,corpus_expanded,agent_planning,science,empty,stage_a_supplement,balanced,3,6,0.5,,1.0,1.0,,0.0,1.0,False
corpus_expanded__agent_planning__science__empty__stage_a_supplement__novelty,corpus_expanded,agent_planning,science,empty,stage_a_supplement,novelty,3,6,0.5,,1.0,1.0,,0.0,1.0,False
corpus_expanded__agent_planning__science__empty__stage_a_supplement__recognition,corpus_expanded,agent_planning,science,empty,stage_a_supplement,recognition,3,6,0.5,,1.0,1.0,,0.0,1.0,False
corpus_expanded__agent_planning__science__related__stage_a_reference__balanced,corpus_expanded,agent_planning,science,related,stage_a_reference,balanced,3,6,0.5,,1.0,1.0,,0.0,1.0,False
corpus_expanded__agent_planning__science__related__stage_a_reference__novelty,corpus_expanded,agent_planning,science,related,stage_a_reference,novelty,3,6,0.5,,1.0,1.0,,0.0,1.0,False
corpus_expanded__agent_planning__science__related__stage_a_reference__recognition,corpus_expanded,agent_planning,science,related,stage_a_reference,recognition,3,6,0.5,,1.0,1.0,,0.0,1.0,False
corpus_expanded__agent_planning__science__related__stage_a_supplement__balanced,corpus_expanded,agent_planning,science,related,stage_a_supplement,balanced,3,6,0.5,,1.0,1.0,,0.0,1.0,False
corpus_expanded__agent_planning__science__related__stage_a_supplement__novelty,corpus_expanded,agent_planning,science,related,stage_a_supplement,novelty,3,6,0.5,,1.0,1.0,,0.0,1.0,False
corpus_expanded__agent_planning__science__related__stage_a_supplement__recognition,corpus_expanded,agent_planning,science,related,stage_a_supplement,recognition,3,6,0.5,,1.0,1.0,,0.0,1.0,False
corpus_expanded__agent_planning__science__unrelated__stage_a_reference__balanced,corpus_expanded,agent_planning,science,unrelated,stage_a_reference,balanced,3,6,0.5,,1.0,1.0,,0.0,1.0,False
corpus_expanded__agent_planning__science__unrelated__stage_a_reference__novelty,corpus_expanded,agent_planning,science,unrelated,stage_a_reference,novelty,3,6,0.5,,1.0,1.0,,0.0,1.0,False
corpus_expanded__agent_planning__science__unrelated__stage_a_reference__recognition,corpus_expanded,agent_planning,science,unrelated,stage_a_reference,recognition,3,6,0.5,,1.0,1.0,,0.0,1.0,False
corpus_expanded__agent_planning__science__unrelated__stage_a_supplement__balanced,corpus_expanded,agent_planning,science,unrelated,stage_a_supplement,balanced,3,6,0.5,,1.0,1.0,,0.0,1.0,False
corpus_expanded__agent_planning__science__unrelated__stage_a_supplement__novelty,corpus_expanded,agent_planning,science,unrelated,stage_a_supplement,novelty,3,6,0.5,,1.0,1.0,,0.0,1.0,False
corpus_expanded__agent_planning__science__unrelated__stage_a_supplement__recognition,corpus_expanded,agent_planning,science,unrelated,stage_a_supplement,recognition,3,6,0.5,,1.0,1.0,,0.0,1.0,False
corpus_expanded__agent_tools__agents__empty__stage_a_reference__balanced,corpus_expanded,agent_tools,agents,empty,stage_a_reference,balanced,3,6,0.5,,1.0,1.0,,0.0,1.0,False
corpus_expanded__agent_tools__agents__empty__stage_a_reference__novelty,corpus_expanded,agent_tools,agents,empty,stage_a_reference,novelty,3,6,0.5,,1.0,1.0,,0.0,1.0,False
corpus_expanded__agent_tools__agents__empty__stage_a_reference__recognition,corpus_expanded,agent_tools,agents,empty,stage_a_reference,recognition,3,6,0.5,,1.0,1.0,,0.0,1.0,False
corpus_expanded__agent_tools__agents__empty__stage_a_supplement__balanced,corpus_expanded,agent_tools,agents,empty,stage_a_supplement,balanced,3,6,0.5,,1.0,1.0,,0.0,1.0,False
corpus_expanded__agent_tools__agents__empty__stage_a_supplement__novelty,corpus_expanded,agent_tools,agents,empty,stage_a_supplement,novelty,3,6,0.5,,1.0,1.0,,0.0,1.0,False
corpus_expanded__agent_tools__agents__empty__stage_a_supplement__recognition,corpus_expanded,agent_tools,agents,empty,stage_a_supplement,recognition,3,6,0.5,,1.0,1.0,,0.0,1.0,False
corpus_expanded__agent_tools__agents__related__stage_a_reference__balanced,corpus_expanded,agent_tools,agents,related,stage_a_reference,balanced,3,6,0.5,,1.0,1.0,,0.0,1.0,False
corpus_expanded__agent_tools__agents__related__stage_a_reference__novelty,corpus_expanded,agent_tools,agents,related,stage_a_reference,novelty,3,6,0.5,,1.0,1.0,,0.0,1.0,False
corpus_expanded__agent_tools__agents__related__stage_a_reference__recognition,corpus_expanded,agent_tools,agents,related,stage_a_reference,recognition,3,6,0.5,,1.0,1.0,,0.0,1.0,False
corpus_expanded__agent_tools__agents__related__stage_a_supplement__balanced,corpus_expanded,agent_tools,agents,related,stage_a_supplement,balanced,3,6,0.5,,1.0,1.0,,0.0,1.0,False
corpus_expanded__agent_tools__agents__related__stage_a_supplement__novelty,corpus_expanded,agent_tools,agents,related,stage_a_supplement,novelty,3,6,0.5,,1.0,1.0,,0.0,1.0,False
corpus_expanded__agent_tools__agents__related__stage_a_supplement__recognition,corpus_expanded,agent_tools,agents,related,stage_a_supplement,recognition,3,6,0.5,,1.0,1.0,,0.0,1.0,False
corpus_expanded__agent_tools__agents__unrelated__stage_a_reference__balanced,corpus_expanded,agent_tools,agents,unrelated,stage_a_reference,balanced,3,6,0.5,,1.0,1.0,,0.0,1.0,False
corpus_expanded__agent_tools__agents__unrelated__stage_a_reference__novelty,corpus_expanded,agent_tools,agents,unrelated,stage_a_reference,novelty,3,6,0.5,,1.0,1.0,,0.0,1.0,False
corpus_expanded__agent_tools__agents__unrelated__stage_a_reference__recognition,corpus_expanded,agent_tools,agents,unrelated,stage_a_reference,recognition,3,6,0.5,,1.0,1.0,,0.0,1.0,False
corpus_expanded__agent_tools__agents__unrelated__stage_a_supplement__balanced,corpus_expanded,agent_tools,agents,unrelated,stage_a_supplement,balanced,3,6,0.5,,1.0,1.0,,0.0,1.0,False
corpus_expanded__agent_tools__agents__unrelated__stage_a_supplement__novelty,corpus_expanded,agent_tools,agents,unrelated,stage_a_supplement,novelty,3,6,0.5,,1.0,1.0,,0.0,1.0,False
corpus_expanded__agent_tools__agents__unrelated__stage_a_supplement__recognition,corpus_expanded,agent_tools,agents,unrelated,stage_a_supplement,recognition,3,6,0.5,,1.0,1.0,,0.0,1.0,False
corpus_expanded__agent_tools__learning__empty__stage_a_reference__balanced,corpus_expanded,agent_tools,learning,empty,stage_a_reference,balanced,3,6,0.5,,1.0,1.0,,0.0,1.0,False
corpus_expanded__agent_tools__learning__empty__stage_a_reference__novelty,corpus_expanded,agent_tools,learning,empty,stage_a_reference,novelty,3,6,0.5,,1.0,1.0,,0.0,1.0,False
corpus_expanded__agent_tools__learning__empty__stage_a_reference__recognition,corpus_expanded,agent_tools,learning,empty,stage_a_reference,recognition,3,6,0.5,,1.0,1.0,,0.0,1.0,False
corpus_expanded__agent_tools__learning__empty__stage_a_supplement__balanced,corpus_expanded,agent_tools,learning,empty,stage_a_supplement,balanced,3,6,0.5,,1.0,1.0,,0.0,1.0,False
corpus_expanded__agent_tools__learning__empty__stage_a_supplement__novelty,corpus_expanded,agent_tools,learning,empty,stage_a_supplement,novelty,3,6,0.5,,1.0,1.0,,0.0,1.0,False
corpus_expanded__agent_tools__learning__empty__stage_a_supplement__recognition,corpus_expanded,agent_tools,learning,empty,stage_a_supplement,recognition,3,6,0.5,,1.0,1.0,,0.0,1.0,False
corpus_expanded__agent_tools__learning__related__stage_a_reference__balanced,corpus_expanded,agent_tools,learning,related,stage_a_reference,balanced,3,6,0.5,,1.0,1.0,,0.0,1.0,False
corpus_expanded__agent_tools__learning__related__stage_a_reference__novelty,corpus_expanded,agent_tools,learning,related,stage_a_reference,novelty,3,6,0.5,,1.0,1.0,,0.0,1.0,False
corpus_expanded__agent_tools__learning__related__stage_a_reference__recognition,corpus_expanded,agent_tools,learning,related,stage_a_reference,recognition,3,6,0.5,,1.0,1.0,,0.0,1.0,False
corpus_expanded__agent_tools__learning__related__stage_a_supplement__balanced,corpus_expanded,agent_tools,learning,related,stage_a_supplement,balanced,3,6,0.5,,1.0,1.0,,0.0,1.0,False
corpus_expanded__agent_tools__learning__related__stage_a_supplement__novelty,corpus_expanded,agent_tools,learning,related,stage_a_supplement,novelty,3,6,0.5,,1.0,1.0,,0.0,1.0,False
corpus_expanded__agent_tools__learning__related__stage_a_supplement__recognition,corpus_expanded,agent_tools,learning,related,stage_a_supplement,recognition,3,6,0.5,,1.0,1.0,,0.0,1.0,False
corpus_expanded__agent_tools__learning__unrelated__stage_a_reference__balanced,corpus_expanded,agent_tools,learning,unrelated,stage_a_reference,balanced,3,6,0.5,,1.0,1.0,,0.0,1.0,False
corpus_expanded__agent_tools__learning__unrelated__stage_a_reference__novelty,corpus_expanded,agent_tools,learning,unrelated,stage_a_reference,novelty,3,6,0.5,,1.0,1.0,,0.0,1.0,False
corpus_expanded__agent_tools__learning__unrelated__stage_a_reference__recognition,corpus_expanded,agent_tools,learning,unrelated,stage_a_reference,recognition,3,6,0.5,,1.0,1.0,,0.0,1.0,False
corpus_expanded__agent_tools__learning__unrelated__stage_a_supplement__balanced,corpus_expanded,agent_tools,learning,unrelated,stage_a_supplement,balanced,3,6,0.5,,1.0,1.0,,0.0,1.0,False
corpus_expanded__agent_tools__learning__unrelated__stage_a_supplement__novelty,corpus_expanded,agent_tools,learning,unrelated,stage_a_supplement,novelty,3,6,0.5,,1.0,1.0,,0.0,1.0,False
corpus_expanded__agent_tools__learning__unrelated__stage_a_supplement__recognition,corpus_expanded,agent_tools,learning,unrelated,stage_a_supplement,recognition,3,6,0.5,,1.0,1.0,,0.0,1.0,False
corpus_expanded__agent_tools__science__empty__stage_a_reference__balanced,corpus_expanded,agent_tools,science,empty,stage_a_reference,balanced,3,6,0.5,,1.0,1.0,,0.0,1.0,False
corpus_expanded__agent_tools__science__empty__stage_a_reference__novelty,corpus_expanded,agent_tools,science,empty,stage_a_reference,novelty,3,6,0.5,,1.0,1.0,,0.0,1.0,False
corpus_expanded__agent_tools__science__empty__stage_a_reference__recognition,corpus_expanded,agent_tools,science,empty,stage_a_reference,recognition,3,6,0.5,,1.0,1.0,,0.0,1.0,False
corpus_expanded__agent_tools__science__empty__stage_a_supplement__balanced,corpus_expanded,agent_tools,science,empty,stage_a_supplement,balanced,3,6,0.5,,1.0,1.0,,0.0,1.0,False
corpus_expanded__agent_tools__science__empty__stage_a_supplement__novelty,corpus_expanded,agent_tools,science,empty,stage_a_supplement,novelty,3,6,0.5,,1.0,1.0,,0.0,1.0,False
corpus_expanded__agent_tools__science__empty__stage_a_supplement__recognition,corpus_expanded,agent_tools,science,empty,stage_a_supplement,recognition,3,6,0.5,,1.0,1.0,,0.0,1.0,False
corpus_expanded__agent_tools__science__related__stage_a_reference__balanced,corpus_expanded,agent_tools,science,related,stage_a_reference,balanced,3,6,0.5,,1.0,1.0,,0.0,1.0,False
corpus_expanded__agent_tools__science__related__stage_a_reference__novelty,corpus_expanded,agent_tools,science,related,stage_a_reference,novelty,3,6,0.5,,1.0,1.0,,0.0,1.0,False
corpus_expanded__agent_tools__science__related__stage_a_reference__recognition,corpus_expanded,agent_tools,science,related,stage_a_reference,recognition,3,6,0.5,,1.0,1.0,,0.0,1.0,False
corpus_expanded__agent_tools__science__related__stage_a_supplement__balanced,corpus_expanded,agent_tools,science,related,stage_a_supplement,balanced,3,6,0.5,,1.0,1.0,,0.0,1.0,False
corpus_expanded__agent_tools__science__related__stage_a_supplement__novelty,corpus_expanded,agent_tools,science,related,stage_a_supplement,novelty,3,6,0.5,,1.0,1.0,,0.0,1.0,False
corpus_expanded__agent_tools__science__related__stage_a_supplement__recognition,corpus_expanded,agent_tools,science,related,stage_a_supplement,recognition,3,6,0.5,,1.0,1.0,,0.0,1.0,False
corpus_expanded__agent_tools__science__unrelated__stage_a_reference__balanced,corpus_expanded,agent_tools,science,unrelated,stage_a_reference,balanced,3,6,0.5,,1.0,1.0,,0.0,1.0,False
corpus_expanded__agent_tools__science__unrelated__stage_a_reference__novelty,corpus_expanded,agent_tools,science,unrelated,stage_a_reference,novelty,3,6,0.5,,1.0,1.0,,0.0,1.0,False
corpus_expanded__agent_tools__science__unrelated__stage_a_reference__recognition,corpus_expanded,agent_tools,science,unrelated,stage_a_reference,recognition,3,6,0.5,,1.0,1.0,,0.0,1.0,False
corpus_expanded__agent_tools__science__unrelated__stage_a_supplement__balanced,corpus_expanded,agent_tools,science,unrelated,stage_a_supplement,balanced,3,6,0.5,,1.0,1.0,,0.0,1.0,False
corpus_expanded__agent_tools__science__unrelated__stage_a_supplement__novelty,corpus_expanded,agent_tools,science,unrelated,stage_a_supplement,novelty,3,6,0.5,,1.0,1.0,,0.0,1.0,False
corpus_expanded__agent_tools__science__unrelated__stage_a_supplement__recognition,corpus_expanded,agent_tools,science,unrelated,stage_a_supplement,recognition,3,6,0.5,,1.0,1.0,,0.0,1.0,False
corpus_expanded__learning_exploration__agents__empty__stage_a_reference__balanced,corpus_expanded,learning_exploration,agents,empty,stage_a_reference,balanced,3,6,0.5,,1.0,1.0,,0.0,1.0,False
corpus_expanded__learning_exploration__agents__empty__stage_a_reference__novelty,corpus_expanded,learning_exploration,agents,empty,stage_a_reference,novelty,3,6,0.5,,1.0,1.0,,0.0,1.0,False
corpus_expanded__learning_exploration__agents__empty__stage_a_reference__recognition,corpus_expanded,learning_exploration,agents,empty,stage_a_reference,recognition,3,6,0.5,,1.0,1.0,,0.0,1.0,False
corpus_expanded__learning_exploration__agents__empty__stage_a_supplement__balanced,corpus_expanded,learning_exploration,agents,empty,stage_a_supplement,balanced,3,6,0.5,,1.0,1.0,,0.0,1.0,False
corpus_expanded__learning_exploration__agents__empty__stage_a_supplement__novelty,corpus_expanded,learning_exploration,agents,empty,stage_a_supplement,novelty,3,6,0.5,,1.0,1.0,,0.0,1.0,False
corpus_expanded__learning_exploration__agents__empty__stage_a_supplement__recognition,corpus_expanded,learning_exploration,agents,empty,stage_a_supplement,recognition,3,6,0.5,,1.0,1.0,,0.0,1.0,False
corpus_expanded__learning_exploration__agents__related__stage_a_reference__balanced,corpus_expanded,learning_exploration,agents,related,stage_a_reference,balanced,3,6,0.5,,1.0,1.0,,0.0,1.0,False
corpus_expanded__learning_exploration__agents__related__stage_a_reference__novelty,corpus_expanded,learning_exploration,agents,related,stage_a_reference,novelty,3,6,0.5,,1.0,1.0,,0.0,1.0,False
corpus_expanded__learning_exploration__agents__related__stage_a_reference__recognition,corpus_expanded,learning_exploration,agents,related,stage_a_reference,recognition,3,6,0.5,,1.0,1.0,,0.0,1.0,False
corpus_expanded__learning_exploration__agents__related__stage_a_supplement__balanced,corpus_expanded,learning_exploration,agents,related,stage_a_supplement,balanced,3,6,0.5,,1.0,1.0,,0.0,1.0,False
corpus_expanded__learning_exploration__agents__related__stage_a_supplement__novelty,corpus_expanded,learning_exploration,agents,related,stage_a_supplement,novelty,3,6,0.5,,1.0,1.0,,0.0,1.0,False
corpus_expanded__learning_exploration__agents__related__stage_a_supplement__recognition,corpus_expanded,learning_exploration,agents,related,stage_a_supplement,recognition,3,6,0.5,,1.0,1.0,,0.0,1.0,False
corpus_expanded__learning_exploration__agents__unrelated__stage_a_reference__balanced,corpus_expanded,learning_exploration,agents,unrelated,stage_a_reference,balanced,3,6,0.5,,1.0,1.0,,0.0,1.0,False
corpus_expanded__learning_exploration__agents__unrelated__stage_a_reference__novelty,corpus_expanded,learning_exploration,agents,unrelated,stage_a_reference,novelty,3,6,0.5,,1.0,1.0,,0.0,1.0,False
corpus_expanded__learning_exploration__agents__unrelated__stage_a_reference__recognition,corpus_expanded,learning_exploration,agents,unrelated,stage_a_reference,recognition,3,6,0.5,,1.0,1.0,,0.0,1.0,False
corpus_expanded__learning_exploration__agents__unrelated__stage_a_supplement__balanced,corpus_expanded,learning_exploration,agents,unrelated,stage_a_supplement,balanced,3,6,0.5,,1.0,1.0,,0.0,1.0,False
corpus_expanded__learning_exploration__agents__unrelated__stage_a_supplement__novelty,corpus_expanded,learning_exploration,agents,unrelated,stage_a_supplement,novelty,3,6,0.5,,1.0,1.0,,0.0,1.0,False
corpus_expanded__learning_exploration__agents__unrelated__stage_a_supplement__recognition,corpus_expanded,learning_exploration,agents,unrelated,stage_a_supplement,recognition,3,6,0.5,,1.0,1.0,,0.0,1.0,False
corpus_expanded__learning_exploration__learning__empty__stage_a_reference__balanced,corpus_expanded,learning_exploration,learning,empty,stage_a_reference,balanced,3,6,0.5,,1.0,1.0,,0.0,1.0,False
corpus_expanded__learning_exploration__learning__empty__stage_a_reference__novelty,corpus_expanded,learning_exploration,learning,empty,stage_a_reference,novelty,3,6,0.5,,1.0,1.0,,0.0,1.0,False
corpus_expanded__learning_exploration__learning__empty__stage_a_reference__recognition,corpus_expanded,learning_exploration,learning,empty,stage_a_reference,recognition,3,6,0.5,,1.0,1.0,,0.0,1.0,False
corpus_expanded__learning_exploration__learning__empty__stage_a_supplement__balanced,corpus_expanded,learning_exploration,learning,empty,stage_a_supplement,balanced,3,6,0.5,,1.0,1.0,,0.0,1.0,False
corpus_expanded__learning_exploration__learning__empty__stage_a_supplement__novelty,corpus_expanded,learning_exploration,learning,empty,stage_a_supplement,novelty,3,6,0.5,,1.0,1.0,,0.0,1.0,False
corpus_expanded__learning_exploration__learning__empty__stage_a_supplement__recognition,corpus_expanded,learning_exploration,learning,empty,stage_a_supplement,recognition,3,6,0.5,,1.0,1.0,,0.0,1.0,False
corpus_expanded__learning_exploration__learning__related__stage_a_reference__balanced,corpus_expanded,learning_exploration,learning,related,stage_a_reference,balanced,3,6,0.5,,1.0,1.0,,0.0,1.0,False
corpus_expanded__learning_exploration__learning__related__stage_a_reference__novelty,corpus_expanded,learning_exploration,learning,related,stage_a_reference,novelty,3,6,0.5,,1.0,1.0,,0.0,1.0,False
corpus_expanded__learning_exploration__learning__related__stage_a_reference__recognition,corpus_expanded,learning_exploration,learning,related,stage_a_reference,recognition,3,6,0.5,,1.0,1.0,,0.0,1.0,False
corpus_expanded__learning_exploration__learning__related__stage_a_supplement__balanced,corpus_expanded,learning_exploration,learning,related,stage_a_supplement,balanced,3,6,0.5,,1.0,1.0,,0.0,1.0,False
corpus_expanded__learning_exploration__learning__related__stage_a_supplement__novelty,corpus_expanded,learning_exploration,learning,related,stage_a_supplement,novelty,3,6,0.5,,1.0,1.0,,0.0,1.0,False
corpus_expanded__learning_exploration__learning__related__stage_a_supplement__recognition,corpus_expanded,learning_exploration,learning,related,stage_a_supplement,recognition,3,6,0.5,,1.0,1.0,,0.0,1.0,False
corpus_expanded__learning_exploration__learning__unrelated__stage_a_reference__balanced,corpus_expanded,learning_exploration,learning,unrelated,stage_a_reference,balanced,3,6,0.5,,1.0,1.0,,0.0,1.0,False
corpus_expanded__learning_exploration__learning__unrelated__stage_a_reference__novelty,corpus_expanded,learning_exploration,learning,unrelated,stage_a_reference,novelty,3,6,0.5,,1.0,1.0,,0.0,1.0,False
corpus_expanded__learning_exploration__learning__unrelated__stage_a_reference__recognition,corpus_expanded,learning_exploration,learning,unrelated,stage_a_reference,recognition,3,6,0.5,,1.0,1.0,,0.0,1.0,False
corpus_expanded__learning_exploration__learning__unrelated__stage_a_supplement__balanced,corpus_expanded,learning_exploration,learning,unrelated,stage_a_supplement,balanced,3,6,0.5,,1.0,1.0,,0.0,1.0,False
corpus_expanded__learning_exploration__learning__unrelated__stage_a_supplement__novelty,corpus_expanded,learning_exploration,learning,unrelated,stage_a_supplement,novelty,3,6,0.5,,1.0,1.0,,0.0,1.0,False
corpus_expanded__learning_exploration__learning__unrelated__stage_a_supplement__recognition,corpus_expanded,learning_exploration,learning,unrelated,stage_a_supplement,recognition,3,6,0.5,,1.0,1.0,,0.0,1.0,False
corpus_expanded__learning_exploration__science__empty__stage_a_reference__balanced,corpus_expanded,learning_exploration,science,empty,stage_a_reference,balanced,3,6,0.5,,1.0,1.0,,0.0,1.0,False
corpus_expanded__learning_exploration__science__empty__stage_a_reference__novelty,corpus_expanded,learning_exploration,science,empty,stage_a_reference,novelty,3,6,0.5,,1.0,1.0,,0.0,1.0,False
corpus_expanded__learning_exploration__science__empty__stage_a_reference__recognition,corpus_expanded,learning_exploration,science,empty,stage_a_reference,recognition,3,6,0.5,,1.0,1.0,,0.0,1.0,False
corpus_expanded__learning_exploration__science__empty__stage_a_supplement__balanced,corpus_expanded,learning_exploration,science,empty,stage_a_supplement,balanced,3,6,0.5,,1.0,1.0,,0.0,1.0,False
corpus_expanded__learning_exploration__science__empty__stage_a_supplement__novelty,corpus_expanded,learning_exploration,science,empty,stage_a_supplement,novelty,3,6,0.5,,1.0,1.0,,0.0,1.0,False
corpus_expanded__learning_exploration__science__empty__stage_a_supplement__recognition,corpus_expanded,learning_exploration,science,empty,stage_a_supplement,recognition,3,6,0.5,,1.0,1.0,,0.0,1.0,False
corpus_expanded__learning_exploration__science__related__stage_a_reference__balanced,corpus_expanded,learning_exploration,science,related,stage_a_reference,balanced,3,6,0.5,,1.0,1.0,,0.0,1.0,False
corpus_expanded__learning_exploration__science__related__stage_a_reference__novelty,corpus_expanded,learning_exploration,science,related,stage_a_reference,novelty,3,6,0.5,,1.0,1.0,,0.0,1.0,False
corpus_expanded__learning_exploration__science__related__stage_a_reference__recognition,corpus_expanded,learning_exploration,science,related,stage_a_reference,recognition,3,6,0.5,,1.0,1.0,,0.0,1.0,False
corpus_expanded__learning_exploration__science__related__stage_a_supplement__balanced,corpus_expanded,learning_exploration,science,related,stage_a_supplement,balanced,3,6,0.5,,1.0,1.0,,0.0,1.0,False
corpus_expanded__learning_exploration__science__related__stage_a_supplement__novelty,corpus_expanded,learning_exploration,science,related,stage_a_supplement,novelty,3,6,0.5,,1.0,1.0,,0.0,1.0,False
corpus_expanded__learning_exploration__science__related__stage_a_supplement__recognition,corpus_expanded,learning_exploration,science,related,stage_a_supplement,recognition,3,6,0.5,,1.0,1.0,,0.0,1.0,False
corpus_expanded__learning_exploration__science__unrelated__stage_a_reference__balanced,corpus_expanded,learning_exploration,science,unrelated,stage_a_reference,balanced,3,6,0.5,,1.0,1.0,,0.0,1.0,False
corpus_expanded__learning_exploration__science__unrelated__stage_a_reference__novelty,corpus_expanded,learning_exploration,science,unrelated,stage_a_reference,novelty,3,6,0.5,,1.0,1.0,,0.0,1.0,False
corpus_expanded__learning_exploration__science__unrelated__stage_a_reference__recognition,corpus_expanded,learning_exploration,science,unrelated,stage_a_reference,recognition,3,6,0.5,,1.0,1.0,,0.0,1.0,False
corpus_expanded__learning_exploration__science__unrelated__stage_a_supplement__balanced,corpus_expanded,learning_exploration,science,unrelated,stage_a_supplement,balanced,3,6,0.5,,1.0,1.0,,0.0,1.0,False
corpus_expanded__learning_exploration__science__unrelated__stage_a_supplement__novelty,corpus_expanded,learning_exploration,science,unrelated,stage_a_supplement,novelty,3,6,0.5,,1.0,1.0,,0.0,1.0,False
corpus_expanded__learning_exploration__science__unrelated__stage_a_supplement__recognition,corpus_expanded,learning_exploration,science,unrelated,stage_a_supplement,recognition,3,6,0.5,,1.0,1.0,,0.0,1.0,False
corpus_expanded__learning_graph__agents__empty__stage_a_reference__balanced,corpus_expanded,learning_graph,agents,empty,stage_a_reference,balanced,3,6,0.5,,1.0,1.0,,0.0,1.0,False
corpus_expanded__learning_graph__agents__empty__stage_a_reference__novelty,corpus_expanded,learning_graph,agents,empty,stage_a_reference,novelty,3,6,0.5,,1.0,1.0,,0.0,1.0,False
corpus_expanded__learning_graph__agents__empty__stage_a_reference__recognition,corpus_expanded,learning_graph,agents,empty,stage_a_reference,recognition,3,6,0.5,,1.0,1.0,,0.0,1.0,False
corpus_expanded__learning_graph__agents__empty__stage_a_supplement__balanced,corpus_expanded,learning_graph,agents,empty,stage_a_supplement,balanced,3,6,0.5,,1.0,1.0,,0.0,1.0,False
corpus_expanded__learning_graph__agents__empty__stage_a_supplement__novelty,corpus_expanded,learning_graph,agents,empty,stage_a_supplement,novelty,3,6,0.5,,1.0,1.0,,0.0,1.0,False
corpus_expanded__learning_graph__agents__empty__stage_a_supplement__recognition,corpus_expanded,learning_graph,agents,empty,stage_a_supplement,recognition,3,6,0.5,,1.0,1.0,,0.0,1.0,False
corpus_expanded__learning_graph__agents__related__stage_a_reference__balanced,corpus_expanded,learning_graph,agents,related,stage_a_reference,balanced,3,6,0.5,,1.0,1.0,,0.0,1.0,False
corpus_expanded__learning_graph__agents__related__stage_a_reference__novelty,corpus_expanded,learning_graph,agents,related,stage_a_reference,novelty,3,6,0.5,,1.0,1.0,,0.0,1.0,False
corpus_expanded__learning_graph__agents__related__stage_a_reference__recognition,corpus_expanded,learning_graph,agents,related,stage_a_reference,recognition,3,6,0.5,,1.0,1.0,,0.0,1.0,False
corpus_expanded__learning_graph__agents__related__stage_a_supplement__balanced,corpus_expanded,learning_graph,agents,related,stage_a_supplement,balanced,3,6,0.5,,1.0,1.0,,0.0,1.0,False
corpus_expanded__learning_graph__agents__related__stage_a_supplement__novelty,corpus_expanded,learning_graph,agents,related,stage_a_supplement,novelty,3,6,0.5,,1.0,1.0,,0.0,1.0,False
corpus_expanded__learning_graph__agents__related__stage_a_supplement__recognition,corpus_expanded,learning_graph,agents,related,stage_a_supplement,recognition,3,6,0.5,,1.0,1.0,,0.0,1.0,False
corpus_expanded__learning_graph__agents__unrelated__stage_a_reference__balanced,corpus_expanded,learning_graph,agents,unrelated,stage_a_reference,balanced,3,6,0.5,,1.0,1.0,,0.0,1.0,False
corpus_expanded__learning_graph__agents__unrelated__stage_a_reference__novelty,corpus_expanded,learning_graph,agents,unrelated,stage_a_reference,novelty,3,6,0.5,,1.0,1.0,,0.0,1.0,False
corpus_expanded__learning_graph__agents__unrelated__stage_a_reference__recognition,corpus_expanded,learning_graph,agents,unrelated,stage_a_reference,recognition,3,6,0.5,,1.0,1.0,,0.0,1.0,False
corpus_expanded__learning_graph__agents__unrelated__stage_a_supplement__balanced,corpus_expanded,learning_graph,agents,unrelated,stage_a_supplement,balanced,3,6,0.5,,1.0,1.0,,0.0,1.0,False
corpus_expanded__learning_graph__agents__unrelated__stage_a_supplement__novelty,corpus_expanded,learning_graph,agents,unrelated,stage_a_supplement,novelty,3,6,0.5,,1.0,1.0,,0.0,1.0,False
corpus_expanded__learning_graph__agents__unrelated__stage_a_supplement__recognition,corpus_expanded,learning_graph,agents,unrelated,stage_a_supplement,recognition,3,6,0.5,,1.0,1.0,,0.0,1.0,False
corpus_expanded__learning_graph__learning__empty__stage_a_reference__balanced,corpus_expanded,learning_graph,learning,empty,stage_a_reference,balanced,3,6,0.5,,1.0,1.0,,0.0,1.0,False
corpus_expanded__learning_graph__learning__empty__stage_a_reference__novelty,corpus_expanded,learning_graph,learning,empty,stage_a_reference,novelty,3,6,0.5,,1.0,1.0,,0.0,1.0,False
corpus_expanded__learning_graph__learning__empty__stage_a_reference__recognition,corpus_expanded,learning_graph,learning,empty,stage_a_reference,recognition,3,6,0.5,,1.0,1.0,,0.0,1.0,False
corpus_expanded__learning_graph__learning__empty__stage_a_supplement__balanced,corpus_expanded,learning_graph,learning,empty,stage_a_supplement,balanced,3,6,0.5,,1.0,1.0,,0.0,1.0,False
corpus_expanded__learning_graph__learning__empty__stage_a_supplement__novelty,corpus_expanded,learning_graph,learning,empty,stage_a_supplement,novelty,3,6,0.5,,1.0,1.0,,0.0,1.0,False
corpus_expanded__learning_graph__learning__empty__stage_a_supplement__recognition,corpus_expanded,learning_graph,learning,empty,stage_a_supplement,recognition,3,6,0.5,,1.0,1.0,,0.0,1.0,False
corpus_expanded__learning_graph__learning__related__stage_a_reference__balanced,corpus_expanded,learning_graph,learning,related,stage_a_reference,balanced,3,6,0.5,,1.0,1.0,,0.0,1.0,False
corpus_expanded__learning_graph__learning__related__stage_a_reference__novelty,corpus_expanded,learning_graph,learning,related,stage_a_reference,novelty,3,6,0.5,,1.0,1.0,,0.0,1.0,False
corpus_expanded__learning_graph__learning__related__stage_a_reference__recognition,corpus_expanded,learning_graph,learning,related,stage_a_reference,recognition,3,6,0.5,,1.0,1.0,,0.0,1.0,False
corpus_expanded__learning_graph__learning__related__stage_a_supplement__balanced,corpus_expanded,learning_graph,learning,related,stage_a_supplement,balanced,3,6,0.5,,1.0,1.0,,0.0,1.0,False
corpus_expanded__learning_graph__learning__related__stage_a_supplement__novelty,corpus_expanded,learning_graph,learning,related,stage_a_supplement,novelty,3,6,0.5,,1.0,1.0,,0.0,1.0,False
corpus_expanded__learning_graph__learning__related__stage_a_supplement__recognition,corpus_expanded,learning_graph,learning,related,stage_a_supplement,recognition,3,6,0.5,,1.0,1.0,,0.0,1.0,False
corpus_expanded__learning_graph__learning__unrelated__stage_a_reference__balanced,corpus_expanded,learning_graph,learning,unrelated,stage_a_reference,balanced,3,6,0.5,,1.0,1.0,,0.0,1.0,False
corpus_expanded__learning_graph__learning__unrelated__stage_a_reference__novelty,corpus_expanded,learning_graph,learning,unrelated,stage_a_reference,novelty,3,6,0.5,,1.0,1.0,,0.0,1.0,False
corpus_expanded__learning_graph__learning__unrelated__stage_a_reference__recognition,corpus_expanded,learning_graph,learning,unrelated,stage_a_reference,recognition,3,6,0.5,,1.0,1.0,,0.0,1.0,False
corpus_expanded__learning_graph__learning__unrelated__stage_a_supplement__balanced,corpus_expanded,learning_graph,learning,unrelated,stage_a_supplement,balanced,3,6,0.5,,1.0,1.0,,0.0,1.0,False
corpus_expanded__learning_graph__learning__unrelated__stage_a_supplement__novelty,corpus_expanded,learning_graph,learning,unrelated,stage_a_supplement,novelty,3,6,0.5,,1.0,1.0,,0.0,1.0,False
corpus_expanded__learning_graph__learning__unrelated__stage_a_supplement__recognition,corpus_expanded,learning_graph,learning,unrelated,stage_a_supplement,recognition,3,6,0.5,,1.0,1.0,,0.0,1.0,False
corpus_expanded__learning_graph__science__empty__stage_a_reference__balanced,corpus_expanded,learning_graph,science,empty,stage_a_reference,balanced,3,6,0.5,,1.0,1.0,,0.0,1.0,False
corpus_expanded__learning_graph__science__empty__stage_a_reference__novelty,corpus_expanded,learning_graph,science,empty,stage_a_reference,novelty,3,6,0.5,,1.0,1.0,,0.0,1.0,False
corpus_expanded__learning_graph__science__empty__stage_a_reference__recognition,corpus_expanded,learning_graph,science,empty,stage_a_reference,recognition,3,6,0.5,,1.0,1.0,,0.0,1.0,False
corpus_expanded__learning_graph__science__empty__stage_a_supplement__balanced,corpus_expanded,learning_graph,science,empty,stage_a_supplement,balanced,3,6,0.5,,1.0,1.0,,0.0,1.0,False
corpus_expanded__learning_graph__science__empty__stage_a_supplement__novelty,corpus_expanded,learning_graph,science,empty,stage_a_supplement,novelty,3,6,0.5,,1.0,1.0,,0.0,1.0,False
corpus_expanded__learning_graph__science__empty__stage_a_supplement__recognition,corpus_expanded,learning_graph,science,empty,stage_a_supplement,recognition,3,6,0.5,,1.0,1.0,,0.0,1.0,False
corpus_expanded__learning_graph__science__related__stage_a_reference__balanced,corpus_expanded,learning_graph,science,related,stage_a_reference,balanced,3,6,0.5,,1.0,1.0,,0.0,1.0,False
corpus_expanded__learning_graph__science__related__stage_a_reference__novelty,corpus_expanded,learning_graph,science,related,stage_a_reference,novelty,3,6,0.5,,1.0,1.0,,0.0,1.0,False
corpus_expanded__learning_graph__science__related__stage_a_reference__recognition,corpus_expanded,learning_graph,science,related,stage_a_reference,recognition,3,6,0.5,,1.0,1.0,,0.0,1.0,False
corpus_expanded__learning_graph__science__related__stage_a_supplement__balanced,corpus_expanded,learning_graph,science,related,stage_a_supplement,balanced,3,6,0.5,,1.0,1.0,,0.0,1.0,False
corpus_expanded__learning_graph__science__related__stage_a_supplement__novelty,corpus_expanded,learning_graph,science,related,stage_a_supplement,novelty,3,6,0.5,,1.0,1.0,,0.0,1.0,False
corpus_expanded__learning_graph__science__related__stage_a_supplement__recognition,corpus_expanded,learning_graph,science,related,stage_a_supplement,recognition,3,6,0.5,,1.0,1.0,,0.0,1.0,False
corpus_expanded__learning_graph__science__unrelated__stage_a_reference__balanced,corpus_expanded,learning_graph,science,unrelated,stage_a_reference,balanced,3,6,0.5,,1.0,1.0,,0.0,1.0,False
corpus_expanded__learning_graph__science__unrelated__stage_a_reference__novelty,corpus_expanded,learning_graph,science,unrelated,stage_a_reference,novelty,3,6,0.5,,1.0,1.0,,0.0,1.0,False
corpus_expanded__learning_graph__science__unrelated__stage_a_reference__recognition,corpus_expanded,learning_graph,science,unrelated,stage_a_reference,recognition,3,6,0.5,,1.0,1.0,,0.0,1.0,False
corpus_expanded__learning_graph__science__unrelated__stage_a_supplement__balanced,corpus_expanded,learning_graph,science,unrelated,stage_a_supplement,balanced,3,6,0.5,,1.0,1.0,,0.0,1.0,False
corpus_expanded__learning_graph__science__unrelated__stage_a_supplement__novelty,corpus_expanded,learning_graph,science,unrelated,stage_a_supplement,novelty,3,6,0.5,,1.0,1.0,,0.0,1.0,False
corpus_expanded__learning_graph__science__unrelated__stage_a_supplement__recognition,corpus_expanded,learning_graph,science,unrelated,stage_a_supplement,recognition,3,6,0.5,,1.0,1.0,,0.0,1.0,False
corpus_expanded__learning_policy__agents__empty__stage_a_reference__balanced,corpus_expanded,learning_policy,agents,empty,stage_a_reference,balanced,3,7,0.42857142857142855,,1.0,1.0,,0.0,1.0,False
corpus_expanded__learning_policy__agents__empty__stage_a_reference__novelty,corpus_expanded,learning_policy,agents,empty,stage_a_reference,novelty,3,7,0.42857142857142855,,1.0,1.0,,0.0,1.0,False
corpus_expanded__learning_policy__agents__empty__stage_a_reference__recognition,corpus_expanded,learning_policy,agents,empty,stage_a_reference,recognition,3,7,0.42857142857142855,,1.0,1.0,,0.0,1.0,False
corpus_expanded__learning_policy__agents__empty__stage_a_supplement__balanced,corpus_expanded,learning_policy,agents,empty,stage_a_supplement,balanced,3,7,0.42857142857142855,,1.0,1.0,,0.0,1.0,False
corpus_expanded__learning_policy__agents__empty__stage_a_supplement__novelty,corpus_expanded,learning_policy,agents,empty,stage_a_supplement,novelty,3,7,0.42857142857142855,,1.0,1.0,,0.0,1.0,False
corpus_expanded__learning_policy__agents__empty__stage_a_supplement__recognition,corpus_expanded,learning_policy,agents,empty,stage_a_supplement,recognition,3,7,0.42857142857142855,,1.0,1.0,,0.0,1.0,False
corpus_expanded__learning_policy__agents__related__stage_a_reference__balanced,corpus_expanded,learning_policy,agents,related,stage_a_reference,balanced,3,7,0.42857142857142855,,1.0,1.0,,0.0,1.0,False
corpus_expanded__learning_policy__agents__related__stage_a_reference__novelty,corpus_expanded,learning_policy,agents,related,stage_a_reference,novelty,3,7,0.42857142857142855,,1.0,1.0,,0.0,1.0,False
corpus_expanded__learning_policy__agents__related__stage_a_reference__recognition,corpus_expanded,learning_policy,agents,related,stage_a_reference,recognition,3,7,0.42857142857142855,,1.0,1.0,,0.0,1.0,False
corpus_expanded__learning_policy__agents__related__stage_a_supplement__balanced,corpus_expanded,learning_policy,agents,related,stage_a_supplement,balanced,3,7,0.42857142857142855,,1.0,1.0,,0.0,1.0,False
corpus_expanded__learning_policy__agents__related__stage_a_supplement__novelty,corpus_expanded,learning_policy,agents,related,stage_a_supplement,novelty,3,7,0.42857142857142855,,1.0,1.0,,0.0,1.0,False
corpus_expanded__learning_policy__agents__related__stage_a_supplement__recognition,corpus_expanded,learning_policy,agents,related,stage_a_supplement,recognition,3,7,0.42857142857142855,,1.0,1.0,,0.0,1.0,False
corpus_expanded__learning_policy__agents__unrelated__stage_a_reference__balanced,corpus_expanded,learning_policy,agents,unrelated,stage_a_reference,balanced,3,7,0.42857142857142855,,1.0,1.0,,0.0,1.0,False
corpus_expanded__learning_policy__agents__unrelated__stage_a_reference__novelty,corpus_expanded,learning_policy,agents,unrelated,stage_a_reference,novelty,3,7,0.42857142857142855,,1.0,1.0,,0.0,1.0,False
corpus_expanded__learning_policy__agents__unrelated__stage_a_reference__recognition,corpus_expanded,learning_policy,agents,unrelated,stage_a_reference,recognition,3,7,0.42857142857142855,,1.0,1.0,,0.0,1.0,False
corpus_expanded__learning_policy__agents__unrelated__stage_a_supplement__balanced,corpus_expanded,learning_policy,agents,unrelated,stage_a_supplement,balanced,3,7,0.42857142857142855,,1.0,1.0,,0.0,1.0,False
corpus_expanded__learning_policy__agents__unrelated__stage_a_supplement__novelty,corpus_expanded,learning_policy,agents,unrelated,stage_a_supplement,novelty,3,7,0.42857142857142855,,1.0,1.0,,0.0,1.0,False
corpus_expanded__learning_policy__agents__unrelated__stage_a_supplement__recognition,corpus_expanded,learning_policy,agents,unrelated,stage_a_supplement,recognition,3,7,0.42857142857142855,,1.0,1.0,,0.0,1.0,False
corpus_expanded__learning_policy__learning__empty__stage_a_reference__balanced,corpus_expanded,learning_policy,learning,empty,stage_a_reference,balanced,3,7,0.42857142857142855,,1.0,1.0,,0.0,1.0,False
corpus_expanded__learning_policy__learning__empty__stage_a_reference__novelty,corpus_expanded,learning_policy,learning,empty,stage_a_reference,novelty,3,7,0.42857142857142855,,1.0,1.0,,0.0,1.0,False
corpus_expanded__learning_policy__learning__empty__stage_a_reference__recognition,corpus_expanded,learning_policy,learning,empty,stage_a_reference,recognition,3,7,0.42857142857142855,,1.0,1.0,,0.0,1.0,False
corpus_expanded__learning_policy__learning__empty__stage_a_supplement__balanced,corpus_expanded,learning_policy,learning,empty,stage_a_supplement,balanced,3,7,0.42857142857142855,,1.0,1.0,,0.0,1.0,False
corpus_expanded__learning_policy__learning__empty__stage_a_supplement__novelty,corpus_expanded,learning_policy,learning,empty,stage_a_supplement,novelty,3,7,0.42857142857142855,,1.0,1.0,,0.0,1.0,False
corpus_expanded__learning_policy__learning__empty__stage_a_supplement__recognition,corpus_expanded,learning_policy,learning,empty,stage_a_supplement,recognition,3,7,0.42857142857142855,,1.0,1.0,,0.0,1.0,False
corpus_expanded__learning_policy__learning__related__stage_a_reference__balanced,corpus_expanded,learning_policy,learning,related,stage_a_reference,balanced,3,7,0.42857142857142855,,1.0,1.0,,0.0,1.0,False
corpus_expanded__learning_policy__learning__related__stage_a_reference__novelty,corpus_expanded,learning_policy,learning,related,stage_a_reference,novelty,3,7,0.42857142857142855,,1.0,1.0,,0.0,1.0,False
corpus_expanded__learning_policy__learning__related__stage_a_reference__recognition,corpus_expanded,learning_policy,learning,related,stage_a_reference,recognition,3,7,0.42857142857142855,,1.0,1.0,,0.0,1.0,False
corpus_expanded__learning_policy__learning__related__stage_a_supplement__balanced,corpus_expanded,learning_policy,learning,related,stage_a_supplement,balanced,3,7,0.42857142857142855,,1.0,1.0,,0.0,1.0,False
corpus_expanded__learning_policy__learning__related__stage_a_supplement__novelty,corpus_expanded,learning_policy,learning,related,stage_a_supplement,novelty,3,7,0.42857142857142855,,1.0,1.0,,0.0,1.0,False
corpus_expanded__learning_policy__learning__related__stage_a_supplement__recognition,corpus_expanded,learning_policy,learning,related,stage_a_supplement,recognition,3,7,0.42857142857142855,,1.0,1.0,,0.0,1.0,False
corpus_expanded__learning_policy__learning__unrelated__stage_a_reference__balanced,corpus_expanded,learning_policy,learning,unrelated,stage_a_reference,balanced,3,7,0.42857142857142855,,1.0,1.0,,0.0,1.0,False
corpus_expanded__learning_policy__learning__unrelated__stage_a_reference__novelty,corpus_expanded,learning_policy,learning,unrelated,stage_a_reference,novelty,3,7,0.42857142857142855,,1.0,1.0,,0.0,1.0,False
corpus_expanded__learning_policy__learning__unrelated__stage_a_reference__recognition,corpus_expanded,learning_policy,learning,unrelated,stage_a_reference,recognition,3,7,0.42857142857142855,,1.0,1.0,,0.0,1.0,False
corpus_expanded__learning_policy__learning__unrelated__stage_a_supplement__balanced,corpus_expanded,learning_policy,learning,unrelated,stage_a_supplement,balanced,3,7,0.42857142857142855,,1.0,1.0,,0.0,1.0,False
corpus_expanded__learning_policy__learning__unrelated__stage_a_supplement__novelty,corpus_expanded,learning_policy,learning,unrelated,stage_a_supplement,novelty,3,7,0.42857142857142855,,1.0,1.0,,0.0,1.0,False
corpus_expanded__learning_policy__learning__unrelated__stage_a_supplement__recognition,corpus_expanded,learning_policy,learning,unrelated,stage_a_supplement,recognition,3,7,0.42857142857142855,,1.0,1.0,,0.0,1.0,False
corpus_expanded__learning_policy__science__empty__stage_a_reference__balanced,corpus_expanded,learning_policy,science,empty,stage_a_reference,balanced,3,7,0.42857142857142855,,1.0,1.0,,0.0,1.0,False
corpus_expanded__learning_policy__science__empty__stage_a_reference__novelty,corpus_expanded,learning_policy,science,empty,stage_a_reference,novelty,3,7,0.42857142857142855,,1.0,1.0,,0.0,1.0,False
corpus_expanded__learning_policy__science__empty__stage_a_reference__recognition,corpus_expanded,learning_policy,science,empty,stage_a_reference,recognition,3,7,0.42857142857142855,,1.0,1.0,,0.0,1.0,False
corpus_expanded__learning_policy__science__empty__stage_a_supplement__balanced,corpus_expanded,learning_policy,science,empty,stage_a_supplement,balanced,3,7,0.42857142857142855,,1.0,1.0,,0.0,1.0,False
corpus_expanded__learning_policy__science__empty__stage_a_supplement__novelty,corpus_expanded,learning_policy,science,empty,stage_a_supplement,novelty,3,7,0.42857142857142855,,1.0,1.0,,0.0,1.0,False
corpus_expanded__learning_policy__science__empty__stage_a_supplement__recognition,corpus_expanded,learning_policy,science,empty,stage_a_supplement,recognition,3,7,0.42857142857142855,,1.0,1.0,,0.0,1.0,False
corpus_expanded__learning_policy__science__related__stage_a_reference__balanced,corpus_expanded,learning_policy,science,related,stage_a_reference,balanced,3,7,0.42857142857142855,,1.0,1.0,,0.0,1.0,False
corpus_expanded__learning_policy__science__related__stage_a_reference__novelty,corpus_expanded,learning_policy,science,related,stage_a_reference,novelty,3,7,0.42857142857142855,,1.0,1.0,,0.0,1.0,False
corpus_expanded__learning_policy__science__related__stage_a_reference__recognition,corpus_expanded,learning_policy,science,related,stage_a_reference,recognition,3,7,0.42857142857142855,,1.0,1.0,,0.0,1.0,False
corpus_expanded__learning_policy__science__related__stage_a_supplement__balanced,corpus_expanded,learning_policy,science,related,stage_a_supplement,balanced,3,7,0.42857142857142855,,1.0,1.0,,0.0,1.0,False
corpus_expanded__learning_policy__science__related__stage_a_supplement__novelty,corpus_expanded,learning_policy,science,related,stage_a_supplement,novelty,3,7,0.42857142857142855,,1.0,1.0,,0.0,1.0,False
corpus_expanded__learning_policy__science__related__stage_a_supplement__recognition,corpus_expanded,learning_policy,science,related,stage_a_supplement,recognition,3,7,0.42857142857142855,,1.0,1.0,,0.0,1.0,False
corpus_expanded__learning_policy__science__unrelated__stage_a_reference__balanced,corpus_expanded,learning_policy,science,unrelated,stage_a_reference,balanced,3,7,0.42857142857142855,,1.0,1.0,,0.0,1.0,False
corpus_expanded__learning_policy__science__unrelated__stage_a_reference__novelty,corpus_expanded,learning_policy,science,unrelated,stage_a_reference,novelty,3,7,0.42857142857142855,,1.0,1.0,,0.0,1.0,False
corpus_expanded__learning_policy__science__unrelated__stage_a_reference__recognition,corpus_expanded,learning_policy,science,unrelated,stage_a_reference,recognition,3,7,0.42857142857142855,,1.0,1.0,,0.0,1.0,False
corpus_expanded__learning_policy__science__unrelated__stage_a_supplement__balanced,corpus_expanded,learning_policy,science,unrelated,stage_a_supplement,balanced,3,7,0.42857142857142855,,1.0,1.0,,0.0,1.0,False
corpus_expanded__learning_policy__science__unrelated__stage_a_supplement__novelty,corpus_expanded,learning_policy,science,unrelated,stage_a_supplement,novelty,3,7,0.42857142857142855,,1.0,1.0,,0.0,1.0,False
corpus_expanded__learning_policy__science__unrelated__stage_a_supplement__recognition,corpus_expanded,learning_policy,science,unrelated,stage_a_supplement,recognition,3,7,0.42857142857142855,,1.0,1.0,,0.0,1.0,False
corpus_expanded__learning_reward__agents__empty__stage_a_reference__balanced,corpus_expanded,learning_reward,agents,empty,stage_a_reference,balanced,3,7,0.42857142857142855,,1.0,1.0,,0.0,1.0,False
corpus_expanded__learning_reward__agents__empty__stage_a_reference__novelty,corpus_expanded,learning_reward,agents,empty,stage_a_reference,novelty,3,7,0.42857142857142855,,1.0,1.0,,0.0,1.0,False
corpus_expanded__learning_reward__agents__empty__stage_a_reference__recognition,corpus_expanded,learning_reward,agents,empty,stage_a_reference,recognition,3,7,0.42857142857142855,,1.0,1.0,,0.0,1.0,False
corpus_expanded__learning_reward__agents__empty__stage_a_supplement__balanced,corpus_expanded,learning_reward,agents,empty,stage_a_supplement,balanced,3,7,0.42857142857142855,,1.0,1.0,,0.0,1.0,False
corpus_expanded__learning_reward__agents__empty__stage_a_supplement__novelty,corpus_expanded,learning_reward,agents,empty,stage_a_supplement,novelty,3,7,0.42857142857142855,,1.0,1.0,,0.0,1.0,False
corpus_expanded__learning_reward__agents__empty__stage_a_supplement__recognition,corpus_expanded,learning_reward,agents,empty,stage_a_supplement,recognition,3,7,0.42857142857142855,,1.0,1.0,,0.0,1.0,False
corpus_expanded__learning_reward__agents__related__stage_a_reference__balanced,corpus_expanded,learning_reward,agents,related,stage_a_reference,balanced,3,7,0.42857142857142855,,1.0,1.0,,0.0,1.0,False
corpus_expanded__learning_reward__agents__related__stage_a_reference__novelty,corpus_expanded,learning_reward,agents,related,stage_a_reference,novelty,3,7,0.42857142857142855,,1.0,1.0,,0.0,1.0,False
corpus_expanded__learning_reward__agents__related__stage_a_reference__recognition,corpus_expanded,learning_reward,agents,related,stage_a_reference,recognition,3,7,0.42857142857142855,,1.0,1.0,,0.0,1.0,False
corpus_expanded__learning_reward__agents__related__stage_a_supplement__balanced,corpus_expanded,learning_reward,agents,related,stage_a_supplement,balanced,3,7,0.42857142857142855,,1.0,1.0,,0.0,1.0,False
corpus_expanded__learning_reward__agents__related__stage_a_supplement__novelty,corpus_expanded,learning_reward,agents,related,stage_a_supplement,novelty,3,7,0.42857142857142855,,1.0,1.0,,0.0,1.0,False
corpus_expanded__learning_reward__agents__related__stage_a_supplement__recognition,corpus_expanded,learning_reward,agents,related,stage_a_supplement,recognition,3,7,0.42857142857142855,,1.0,1.0,,0.0,1.0,False
corpus_expanded__learning_reward__agents__unrelated__stage_a_reference__balanced,corpus_expanded,learning_reward,agents,unrelated,stage_a_reference,balanced,3,7,0.42857142857142855,,1.0,1.0,,0.0,1.0,False
corpus_expanded__learning_reward__agents__unrelated__stage_a_reference__novelty,corpus_expanded,learning_reward,agents,unrelated,stage_a_reference,novelty,3,7,0.42857142857142855,,1.0,1.0,,0.0,1.0,False
corpus_expanded__learning_reward__agents__unrelated__stage_a_reference__recognition,corpus_expanded,learning_reward,agents,unrelated,stage_a_reference,recognition,3,7,0.42857142857142855,,1.0,1.0,,0.0,1.0,False
corpus_expanded__learning_reward__agents__unrelated__stage_a_supplement__balanced,corpus_expanded,learning_reward,agents,unrelated,stage_a_supplement,balanced,3,7,0.42857142857142855,,1.0,1.0,,0.0,1.0,False
corpus_expanded__learning_reward__agents__unrelated__stage_a_supplement__novelty,corpus_expanded,learning_reward,agents,unrelated,stage_a_supplement,novelty,3,7,0.42857142857142855,,1.0,1.0,,0.0,1.0,False
corpus_expanded__learning_reward__agents__unrelated__stage_a_supplement__recognition,corpus_expanded,learning_reward,agents,unrelated,stage_a_supplement,recognition,3,7,0.42857142857142855,,1.0,1.0,,0.0,1.0,False
corpus_expanded__learning_reward__learning__empty__stage_a_reference__balanced,corpus_expanded,learning_reward,learning,empty,stage_a_reference,balanced,3,7,0.42857142857142855,,1.0,1.0,,0.0,1.0,False
corpus_expanded__learning_reward__learning__empty__stage_a_reference__novelty,corpus_expanded,learning_reward,learning,empty,stage_a_reference,novelty,3,7,0.42857142857142855,,1.0,1.0,,0.0,1.0,False
corpus_expanded__learning_reward__learning__empty__stage_a_reference__recognition,corpus_expanded,learning_reward,learning,empty,stage_a_reference,recognition,3,7,0.42857142857142855,,1.0,1.0,,0.0,1.0,False
corpus_expanded__learning_reward__learning__empty__stage_a_supplement__balanced,corpus_expanded,learning_reward,learning,empty,stage_a_supplement,balanced,3,7,0.42857142857142855,,1.0,1.0,,0.0,1.0,False
corpus_expanded__learning_reward__learning__empty__stage_a_supplement__novelty,corpus_expanded,learning_reward,learning,empty,stage_a_supplement,novelty,3,7,0.42857142857142855,,1.0,1.0,,0.0,1.0,False
corpus_expanded__learning_reward__learning__empty__stage_a_supplement__recognition,corpus_expanded,learning_reward,learning,empty,stage_a_supplement,recognition,3,7,0.42857142857142855,,1.0,1.0,,0.0,1.0,False
corpus_expanded__learning_reward__learning__related__stage_a_reference__balanced,corpus_expanded,learning_reward,learning,related,stage_a_reference,balanced,3,7,0.42857142857142855,,1.0,1.0,,0.0,1.0,False
corpus_expanded__learning_reward__learning__related__stage_a_reference__novelty,corpus_expanded,learning_reward,learning,related,stage_a_reference,novelty,3,7,0.42857142857142855,,1.0,1.0,,0.0,1.0,False
corpus_expanded__learning_reward__learning__related__stage_a_reference__recognition,corpus_expanded,learning_reward,learning,related,stage_a_reference,recognition,3,7,0.42857142857142855,,1.0,1.0,,0.0,1.0,False
corpus_expanded__learning_reward__learning__related__stage_a_supplement__balanced,corpus_expanded,learning_reward,learning,related,stage_a_supplement,balanced,3,7,0.42857142857142855,,1.0,1.0,,0.0,1.0,False
corpus_expanded__learning_reward__learning__related__stage_a_supplement__novelty,corpus_expanded,learning_reward,learning,related,stage_a_supplement,novelty,3,7,0.42857142857142855,,1.0,1.0,,0.0,1.0,False
corpus_expanded__learning_reward__learning__related__stage_a_supplement__recognition,corpus_expanded,learning_reward,learning,related,stage_a_supplement,recognition,3,7,0.42857142857142855,,1.0,1.0,,0.0,1.0,False
corpus_expanded__learning_reward__learning__unrelated__stage_a_reference__balanced,corpus_expanded,learning_reward,learning,unrelated,stage_a_reference,balanced,3,7,0.42857142857142855,,1.0,1.0,,0.0,1.0,False
corpus_expanded__learning_reward__learning__unrelated__stage_a_reference__novelty,corpus_expanded,learning_reward,learning,unrelated,stage_a_reference,novelty,3,7,0.42857142857142855,,1.0,1.0,,0.0,1.0,False
corpus_expanded__learning_reward__learning__unrelated__stage_a_reference__recognition,corpus_expanded,learning_reward,learning,unrelated,stage_a_reference,recognition,3,7,0.42857142857142855,,1.0,1.0,,0.0,1.0,False
corpus_expanded__learning_reward__learning__unrelated__stage_a_supplement__balanced,corpus_expanded,learning_reward,learning,unrelated,stage_a_supplement,balanced,3,7,0.42857142857142855,,1.0,1.0,,0.0,1.0,False
corpus_expanded__learning_reward__learning__unrelated__stage_a_supplement__novelty,corpus_expanded,learning_reward,learning,unrelated,stage_a_supplement,novelty,3,7,0.42857142857142855,,1.0,1.0,,0.0,1.0,False
corpus_expanded__learning_reward__learning__unrelated__stage_a_supplement__recognition,corpus_expanded,learning_reward,learning,unrelated,stage_a_supplement,recognition,3,7,0.42857142857142855,,1.0,1.0,,0.0,1.0,False
corpus_expanded__learning_reward__science__empty__stage_a_reference__balanced,corpus_expanded,learning_reward,science,empty,stage_a_reference,balanced,3,7,0.42857142857142855,,1.0,1.0,,0.0,1.0,False
corpus_expanded__learning_reward__science__empty__stage_a_reference__novelty,corpus_expanded,learning_reward,science,empty,stage_a_reference,novelty,3,7,0.42857142857142855,,1.0,1.0,,0.0,1.0,False
corpus_expanded__learning_reward__science__empty__stage_a_reference__recognition,corpus_expanded,learning_reward,science,empty,stage_a_reference,recognition,3,7,0.42857142857142855,,1.0,1.0,,0.0,1.0,False
corpus_expanded__learning_reward__science__empty__stage_a_supplement__balanced,corpus_expanded,learning_reward,science,empty,stage_a_supplement,balanced,3,7,0.42857142857142855,,1.0,1.0,,0.0,1.0,False
corpus_expanded__learning_reward__science__empty__stage_a_supplement__novelty,corpus_expanded,learning_reward,science,empty,stage_a_supplement,novelty,3,7,0.42857142857142855,,1.0,1.0,,0.0,1.0,False
corpus_expanded__learning_reward__science__empty__stage_a_supplement__recognition,corpus_expanded,learning_reward,science,empty,stage_a_supplement,recognition,3,7,0.42857142857142855,,1.0,1.0,,0.0,1.0,False
corpus_expanded__learning_reward__science__related__stage_a_reference__balanced,corpus_expanded,learning_reward,science,related,stage_a_reference,balanced,3,7,0.42857142857142855,,1.0,1.0,,0.0,1.0,False
corpus_expanded__learning_reward__science__related__stage_a_reference__novelty,corpus_expanded,learning_reward,science,related,stage_a_reference,novelty,3,7,0.42857142857142855,,1.0,1.0,,0.0,1.0,False
corpus_expanded__learning_reward__science__related__stage_a_reference__recognition,corpus_expanded,learning_reward,science,related,stage_a_reference,recognition,3,7,0.42857142857142855,,1.0,1.0,,0.0,1.0,False
corpus_expanded__learning_reward__science__related__stage_a_supplement__balanced,corpus_expanded,learning_reward,science,related,stage_a_supplement,balanced,3,7,0.42857142857142855,,1.0,1.0,,0.0,1.0,False
corpus_expanded__learning_reward__science__related__stage_a_supplement__novelty,corpus_expanded,learning_reward,science,related,stage_a_supplement,novelty,3,7,0.42857142857142855,,1.0,1.0,,0.0,1.0,False
corpus_expanded__learning_reward__science__related__stage_a_supplement__recognition,corpus_expanded,learning_reward,science,related,stage_a_supplement,recognition,3,7,0.42857142857142855,,1.0,1.0,,0.0,1.0,False
corpus_expanded__learning_reward__science__unrelated__stage_a_reference__balanced,corpus_expanded,learning_reward,science,unrelated,stage_a_reference,balanced,3,7,0.42857142857142855,,1.0,1.0,,0.0,1.0,False
corpus_expanded__learning_reward__science__unrelated__stage_a_reference__novelty,corpus_expanded,learning_reward,science,unrelated,stage_a_reference,novelty,3,7,0.42857142857142855,,1.0,1.0,,0.0,1.0,False
corpus_expanded__learning_reward__science__unrelated__stage_a_reference__recognition,corpus_expanded,learning_reward,science,unrelated,stage_a_reference,recognition,3,7,0.42857142857142855,,1.0,1.0,,0.0,1.0,False
corpus_expanded__learning_reward__science__unrelated__stage_a_supplement__balanced,corpus_expanded,learning_reward,science,unrelated,stage_a_supplement,balanced,3,7,0.42857142857142855,,1.0,1.0,,0.0,1.0,False
corpus_expanded__learning_reward__science__unrelated__stage_a_supplement__novelty,corpus_expanded,learning_reward,science,unrelated,stage_a_supplement,novelty,3,7,0.42857142857142855,,1.0,1.0,,0.0,1.0,False
corpus_expanded__learning_reward__science__unrelated__stage_a_supplement__recognition,corpus_expanded,learning_reward,science,unrelated,stage_a_supplement,recognition,3,7,0.42857142857142855,,1.0,1.0,,0.0,1.0,False
corpus_expanded__science_collaboration__agents__empty__stage_a_reference__balanced,corpus_expanded,science_collaboration,agents,empty,stage_a_reference,balanced,3,7,0.42857142857142855,,1.0,1.0,,0.0,1.0,False
corpus_expanded__science_collaboration__agents__empty__stage_a_reference__novelty,corpus_expanded,science_collaboration,agents,empty,stage_a_reference,novelty,3,7,0.42857142857142855,,1.0,1.0,,0.0,1.0,False
corpus_expanded__science_collaboration__agents__empty__stage_a_reference__recognition,corpus_expanded,science_collaboration,agents,empty,stage_a_reference,recognition,3,7,0.42857142857142855,,1.0,1.0,,0.0,1.0,False
corpus_expanded__science_collaboration__agents__empty__stage_a_supplement__balanced,corpus_expanded,science_collaboration,agents,empty,stage_a_supplement,balanced,3,7,0.42857142857142855,,1.0,1.0,,0.0,1.0,False
corpus_expanded__science_collaboration__agents__empty__stage_a_supplement__novelty,corpus_expanded,science_collaboration,agents,empty,stage_a_supplement,novelty,3,7,0.42857142857142855,,1.0,1.0,,0.0,1.0,False
corpus_expanded__science_collaboration__agents__empty__stage_a_supplement__recognition,corpus_expanded,science_collaboration,agents,empty,stage_a_supplement,recognition,3,7,0.42857142857142855,,1.0,1.0,,0.0,1.0,False
corpus_expanded__science_collaboration__agents__related__stage_a_reference__balanced,corpus_expanded,science_collaboration,agents,related,stage_a_reference,balanced,3,7,0.42857142857142855,,1.0,1.0,,0.0,1.0,False
corpus_expanded__science_collaboration__agents__related__stage_a_reference__novelty,corpus_expanded,science_collaboration,agents,related,stage_a_reference,novelty,3,7,0.42857142857142855,,1.0,1.0,,0.0,1.0,False
corpus_expanded__science_collaboration__agents__related__stage_a_reference__recognition,corpus_expanded,science_collaboration,agents,related,stage_a_reference,recognition,3,7,0.42857142857142855,,1.0,1.0,,0.0,1.0,False
corpus_expanded__science_collaboration__agents__related__stage_a_supplement__balanced,corpus_expanded,science_collaboration,agents,related,stage_a_supplement,balanced,3,7,0.42857142857142855,,1.0,1.0,,0.0,1.0,False
corpus_expanded__science_collaboration__agents__related__stage_a_supplement__novelty,corpus_expanded,science_collaboration,agents,related,stage_a_supplement,novelty,3,7,0.42857142857142855,,1.0,1.0,,0.0,1.0,False
corpus_expanded__science_collaboration__agents__related__stage_a_supplement__recognition,corpus_expanded,science_collaboration,agents,related,stage_a_supplement,recognition,3,7,0.42857142857142855,,1.0,1.0,,0.0,1.0,False
corpus_expanded__science_collaboration__agents__unrelated__stage_a_reference__balanced,corpus_expanded,science_collaboration,agents,unrelated,stage_a_reference,balanced,3,7,0.42857142857142855,,1.0,1.0,,0.0,1.0,False
corpus_expanded__science_collaboration__agents__unrelated__stage_a_reference__novelty,corpus_expanded,science_collaboration,agents,unrelated,stage_a_reference,novelty,3,7,0.42857142857142855,,1.0,1.0,,0.0,1.0,False
corpus_expanded__science_collaboration__agents__unrelated__stage_a_reference__recognition,corpus_expanded,science_collaboration,agents,unrelated,stage_a_reference,recognition,3,7,0.42857142857142855,,1.0,1.0,,0.0,1.0,False
corpus_expanded__science_collaboration__agents__unrelated__stage_a_supplement__balanced,corpus_expanded,science_collaboration,agents,unrelated,stage_a_supplement,balanced,3,7,0.42857142857142855,,1.0,1.0,,0.0,1.0,False
corpus_expanded__science_collaboration__agents__unrelated__stage_a_supplement__novelty,corpus_expanded,science_collaboration,agents,unrelated,stage_a_supplement,novelty,3,7,0.42857142857142855,,1.0,1.0,,0.0,1.0,False
corpus_expanded__science_collaboration__agents__unrelated__stage_a_supplement__recognition,corpus_expanded,science_collaboration,agents,unrelated,stage_a_supplement,recognition,3,7,0.42857142857142855,,1.0,1.0,,0.0,1.0,False
corpus_expanded__science_collaboration__learning__empty__stage_a_reference__balanced,corpus_expanded,science_collaboration,learning,empty,stage_a_reference,balanced,3,7,0.42857142857142855,,1.0,1.0,,0.0,1.0,False
corpus_expanded__science_collaboration__learning__empty__stage_a_reference__novelty,corpus_expanded,science_collaboration,learning,empty,stage_a_reference,novelty,3,7,0.42857142857142855,,1.0,1.0,,0.0,1.0,False
corpus_expanded__science_collaboration__learning__empty__stage_a_reference__recognition,corpus_expanded,science_collaboration,learning,empty,stage_a_reference,recognition,3,7,0.42857142857142855,,1.0,1.0,,0.0,1.0,False
corpus_expanded__science_collaboration__learning__empty__stage_a_supplement__balanced,corpus_expanded,science_collaboration,learning,empty,stage_a_supplement,balanced,3,7,0.42857142857142855,,1.0,1.0,,0.0,1.0,False
corpus_expanded__science_collaboration__learning__empty__stage_a_supplement__novelty,corpus_expanded,science_collaboration,learning,empty,stage_a_supplement,novelty,3,7,0.42857142857142855,,1.0,1.0,,0.0,1.0,False
corpus_expanded__science_collaboration__learning__empty__stage_a_supplement__recognition,corpus_expanded,science_collaboration,learning,empty,stage_a_supplement,recognition,3,7,0.42857142857142855,,1.0,1.0,,0.0,1.0,False
corpus_expanded__science_collaboration__learning__related__stage_a_reference__balanced,corpus_expanded,science_collaboration,learning,related,stage_a_reference,balanced,3,7,0.42857142857142855,,1.0,1.0,,0.0,1.0,False
corpus_expanded__science_collaboration__learning__related__stage_a_reference__novelty,corpus_expanded,science_collaboration,learning,related,stage_a_reference,novelty,3,7,0.42857142857142855,,1.0,1.0,,0.0,1.0,False
corpus_expanded__science_collaboration__learning__related__stage_a_reference__recognition,corpus_expanded,science_collaboration,learning,related,stage_a_reference,recognition,3,7,0.42857142857142855,,1.0,1.0,,0.0,1.0,False
corpus_expanded__science_collaboration__learning__related__stage_a_supplement__balanced,corpus_expanded,science_collaboration,learning,related,stage_a_supplement,balanced,3,7,0.42857142857142855,,1.0,1.0,,0.0,1.0,False
corpus_expanded__science_collaboration__learning__related__stage_a_supplement__novelty,corpus_expanded,science_collaboration,learning,related,stage_a_supplement,novelty,3,7,0.42857142857142855,,1.0,1.0,,0.0,1.0,False
corpus_expanded__science_collaboration__learning__related__stage_a_supplement__recognition,corpus_expanded,science_collaboration,learning,related,stage_a_supplement,recognition,3,7,0.42857142857142855,,1.0,1.0,,0.0,1.0,False
corpus_expanded__science_collaboration__learning__unrelated__stage_a_reference__balanced,corpus_expanded,science_collaboration,learning,unrelated,stage_a_reference,balanced,3,7,0.42857142857142855,,1.0,1.0,,0.0,1.0,False
corpus_expanded__science_collaboration__learning__unrelated__stage_a_reference__novelty,corpus_expanded,science_collaboration,learning,unrelated,stage_a_reference,novelty,3,7,0.42857142857142855,,1.0,1.0,,0.0,1.0,False
corpus_expanded__science_collaboration__learning__unrelated__stage_a_reference__recognition,corpus_expanded,science_collaboration,learning,unrelated,stage_a_reference,recognition,3,7,0.42857142857142855,,1.0,1.0,,0.0,1.0,False
corpus_expanded__science_collaboration__learning__unrelated__stage_a_supplement__balanced,corpus_expanded,science_collaboration,learning,unrelated,stage_a_supplement,balanced,3,7,0.42857142857142855,,1.0,1.0,,0.0,1.0,False
corpus_expanded__science_collaboration__learning__unrelated__stage_a_supplement__novelty,corpus_expanded,science_collaboration,learning,unrelated,stage_a_supplement,novelty,3,7,0.42857142857142855,,1.0,1.0,,0.0,1.0,False
corpus_expanded__science_collaboration__learning__unrelated__stage_a_supplement__recognition,corpus_expanded,science_collaboration,learning,unrelated,stage_a_supplement,recognition,3,7,0.42857142857142855,,1.0,1.0,,0.0,1.0,False
corpus_expanded__science_collaboration__science__empty__stage_a_reference__balanced,corpus_expanded,science_collaboration,science,empty,stage_a_reference,balanced,3,7,0.42857142857142855,,1.0,1.0,,0.0,1.0,False
corpus_expanded__science_collaboration__science__empty__stage_a_reference__novelty,corpus_expanded,science_collaboration,science,empty,stage_a_reference,novelty,3,7,0.42857142857142855,,1.0,1.0,,0.0,1.0,False
corpus_expanded__science_collaboration__science__empty__stage_a_reference__recognition,corpus_expanded,science_collaboration,science,empty,stage_a_reference,recognition,3,7,0.42857142857142855,,1.0,1.0,,0.0,1.0,False
corpus_expanded__science_collaboration__science__empty__stage_a_supplement__balanced,corpus_expanded,science_collaboration,science,empty,stage_a_supplement,balanced,3,7,0.42857142857142855,,1.0,1.0,,0.0,1.0,False
corpus_expanded__science_collaboration__science__empty__stage_a_supplement__novelty,corpus_expanded,science_collaboration,science,empty,stage_a_supplement,novelty,3,7,0.42857142857142855,,1.0,1.0,,0.0,1.0,False
corpus_expanded__science_collaboration__science__empty__stage_a_supplement__recognition,corpus_expanded,science_collaboration,science,empty,stage_a_supplement,recognition,3,7,0.42857142857142855,,1.0,1.0,,0.0,1.0,False
corpus_expanded__science_collaboration__science__related__stage_a_reference__balanced,corpus_expanded,science_collaboration,science,related,stage_a_reference,balanced,3,7,0.42857142857142855,,1.0,1.0,,0.0,1.0,False
corpus_expanded__science_collaboration__science__related__stage_a_reference__novelty,corpus_expanded,science_collaboration,science,related,stage_a_reference,novelty,3,7,0.42857142857142855,,1.0,1.0,,0.0,1.0,False
corpus_expanded__science_collaboration__science__related__stage_a_reference__recognition,corpus_expanded,science_collaboration,science,related,stage_a_reference,recognition,3,7,0.42857142857142855,,1.0,1.0,,0.0,1.0,False
corpus_expanded__science_collaboration__science__related__stage_a_supplement__balanced,corpus_expanded,science_collaboration,science,related,stage_a_supplement,balanced,3,7,0.42857142857142855,,1.0,1.0,,0.0,1.0,False
corpus_expanded__science_collaboration__science__related__stage_a_supplement__novelty,corpus_expanded,science_collaboration,science,related,stage_a_supplement,novelty,3,7,0.42857142857142855,,1.0,1.0,,0.0,1.0,False
corpus_expanded__science_collaboration__science__related__stage_a_supplement__recognition,corpus_expanded,science_collaboration,science,related,stage_a_supplement,recognition,3,7,0.42857142857142855,,1.0,1.0,,0.0,1.0,False
corpus_expanded__science_collaboration__science__unrelated__stage_a_reference__balanced,corpus_expanded,science_collaboration,science,unrelated,stage_a_reference,balanced,3,7,0.42857142857142855,,1.0,1.0,,0.0,1.0,False
corpus_expanded__science_collaboration__science__unrelated__stage_a_reference__novelty,corpus_expanded,science_collaboration,science,unrelated,stage_a_reference,novelty,3,7,0.42857142857142855,,1.0,1.0,,0.0,1.0,False
corpus_expanded__science_collaboration__science__unrelated__stage_a_reference__recognition,corpus_expanded,science_collaboration,science,unrelated,stage_a_reference,recognition,3,7,0.42857142857142855,,1.0,1.0,,0.0,1.0,False
corpus_expanded__science_collaboration__science__unrelated__stage_a_supplement__balanced,corpus_expanded,science_collaboration,science,unrelated,stage_a_supplement,balanced,3,7,0.42857142857142855,,1.0,1.0,,0.0,1.0,False
corpus_expanded__science_collaboration__science__unrelated__stage_a_supplement__novelty,corpus_expanded,science_collaboration,science,unrelated,stage_a_supplement,novelty,3,7,0.42857142857142855,,1.0,1.0,,0.0,1.0,False
corpus_expanded__science_collaboration__science__unrelated__stage_a_supplement__recognition,corpus_expanded,science_collaboration,science,unrelated,stage_a_supplement,recognition,3,7,0.42857142857142855,,1.0,1.0,,0.0,1.0,False
corpus_expanded__science_evaluation__agents__empty__stage_a_reference__balanced,corpus_expanded,science_evaluation,agents,empty,stage_a_reference,balanced,3,6,0.0,,0.0,0.0,,0.0,0.0,False
corpus_expanded__science_evaluation__agents__empty__stage_a_reference__novelty,corpus_expanded,science_evaluation,agents,empty,stage_a_reference,novelty,3,6,0.0,,0.0,0.0,,0.0,0.0,False
corpus_expanded__science_evaluation__agents__empty__stage_a_reference__recognition,corpus_expanded,science_evaluation,agents,empty,stage_a_reference,recognition,3,6,0.0,,0.0,0.0,,0.0,0.0,False
corpus_expanded__science_evaluation__agents__empty__stage_a_supplement__balanced,corpus_expanded,science_evaluation,agents,empty,stage_a_supplement,balanced,3,6,0.0,,0.0,0.0,,0.0,0.0,False
corpus_expanded__science_evaluation__agents__empty__stage_a_supplement__novelty,corpus_expanded,science_evaluation,agents,empty,stage_a_supplement,novelty,3,6,0.0,,0.0,0.0,,0.0,0.0,False
corpus_expanded__science_evaluation__agents__empty__stage_a_supplement__recognition,corpus_expanded,science_evaluation,agents,empty,stage_a_supplement,recognition,3,6,0.0,,0.0,0.0,,0.0,0.0,False
corpus_expanded__science_evaluation__agents__related__stage_a_reference__balanced,corpus_expanded,science_evaluation,agents,related,stage_a_reference,balanced,3,6,0.0,,0.0,0.0,,0.0,0.0,False
corpus_expanded__science_evaluation__agents__related__stage_a_reference__novelty,corpus_expanded,science_evaluation,agents,related,stage_a_reference,novelty,3,6,0.0,,0.0,0.0,,0.0,0.0,False
corpus_expanded__science_evaluation__agents__related__stage_a_reference__recognition,corpus_expanded,science_evaluation,agents,related,stage_a_reference,recognition,3,6,0.0,,0.0,0.0,,0.0,0.0,False
corpus_expanded__science_evaluation__agents__related__stage_a_supplement__balanced,corpus_expanded,science_evaluation,agents,related,stage_a_supplement,balanced,3,6,0.0,,0.0,0.0,,0.0,0.0,False
corpus_expanded__science_evaluation__agents__related__stage_a_supplement__novelty,corpus_expanded,science_evaluation,agents,related,stage_a_supplement,novelty,3,6,0.0,,0.0,0.0,,0.0,0.0,False
corpus_expanded__science_evaluation__agents__related__stage_a_supplement__recognition,corpus_expanded,science_evaluation,agents,related,stage_a_supplement,recognition,3,6,0.0,,0.0,0.0,,0.0,0.0,False
corpus_expanded__science_evaluation__agents__unrelated__stage_a_reference__balanced,corpus_expanded,science_evaluation,agents,unrelated,stage_a_reference,balanced,3,6,0.0,,0.0,0.0,,0.0,0.0,False
corpus_expanded__science_evaluation__agents__unrelated__stage_a_reference__novelty,corpus_expanded,science_evaluation,agents,unrelated,stage_a_reference,novelty,3,6,0.0,,0.0,0.0,,0.0,0.0,False
corpus_expanded__science_evaluation__agents__unrelated__stage_a_reference__recognition,corpus_expanded,science_evaluation,agents,unrelated,stage_a_reference,recognition,3,6,0.0,,0.0,0.0,,0.0,0.0,False
corpus_expanded__science_evaluation__agents__unrelated__stage_a_supplement__balanced,corpus_expanded,science_evaluation,agents,unrelated,stage_a_supplement,balanced,3,6,0.0,,0.0,0.0,,0.0,0.0,False
corpus_expanded__science_evaluation__agents__unrelated__stage_a_supplement__novelty,corpus_expanded,science_evaluation,agents,unrelated,stage_a_supplement,novelty,3,6,0.0,,0.0,0.0,,0.0,0.0,False
corpus_expanded__science_evaluation__agents__unrelated__stage_a_supplement__recognition,corpus_expanded,science_evaluation,agents,unrelated,stage_a_supplement,recognition,3,6,0.0,,0.0,0.0,,0.0,0.0,False
corpus_expanded__science_evaluation__learning__empty__stage_a_reference__balanced,corpus_expanded,science_evaluation,learning,empty,stage_a_reference,balanced,3,6,0.0,,0.0,0.0,,0.0,0.0,False
corpus_expanded__science_evaluation__learning__empty__stage_a_reference__novelty,corpus_expanded,science_evaluation,learning,empty,stage_a_reference,novelty,3,6,0.0,,0.0,0.0,,0.0,0.0,False
corpus_expanded__science_evaluation__learning__empty__stage_a_reference__recognition,corpus_expanded,science_evaluation,learning,empty,stage_a_reference,recognition,3,6,0.0,,0.0,0.0,,0.0,0.0,False
corpus_expanded__science_evaluation__learning__empty__stage_a_supplement__balanced,corpus_expanded,science_evaluation,learning,empty,stage_a_supplement,balanced,3,6,0.0,,0.0,0.0,,0.0,0.0,False
corpus_expanded__science_evaluation__learning__empty__stage_a_supplement__novelty,corpus_expanded,science_evaluation,learning,empty,stage_a_supplement,novelty,3,6,0.0,,0.0,0.0,,0.0,0.0,False
corpus_expanded__science_evaluation__learning__empty__stage_a_supplement__recognition,corpus_expanded,science_evaluation,learning,empty,stage_a_supplement,recognition,3,6,0.0,,0.0,0.0,,0.0,0.0,False
corpus_expanded__science_evaluation__learning__related__stage_a_reference__balanced,corpus_expanded,science_evaluation,learning,related,stage_a_reference,balanced,3,6,0.0,,0.0,0.0,,0.0,0.0,False
corpus_expanded__science_evaluation__learning__related__stage_a_reference__novelty,corpus_expanded,science_evaluation,learning,related,stage_a_reference,novelty,3,6,0.0,,0.0,0.0,,0.0,0.0,False
corpus_expanded__science_evaluation__learning__related__stage_a_reference__recognition,corpus_expanded,science_evaluation,learning,related,stage_a_reference,recognition,3,6,0.0,,0.0,0.0,,0.0,0.0,False
corpus_expanded__science_evaluation__learning__related__stage_a_supplement__balanced,corpus_expanded,science_evaluation,learning,related,stage_a_supplement,balanced,3,6,0.0,,0.0,0.0,,0.0,0.0,False
corpus_expanded__science_evaluation__learning__related__stage_a_supplement__novelty,corpus_expanded,science_evaluation,learning,related,stage_a_supplement,novelty,3,6,0.0,,0.0,0.0,,0.0,0.0,False
corpus_expanded__science_evaluation__learning__related__stage_a_supplement__recognition,corpus_expanded,science_evaluation,learning,related,stage_a_supplement,recognition,3,6,0.0,,0.0,0.0,,0.0,0.0,False
corpus_expanded__science_evaluation__learning__unrelated__stage_a_reference__balanced,corpus_expanded,science_evaluation,learning,unrelated,stage_a_reference,balanced,3,6,0.0,,0.0,0.0,,0.0,0.0,False
corpus_expanded__science_evaluation__learning__unrelated__stage_a_reference__novelty,corpus_expanded,science_evaluation,learning,unrelated,stage_a_reference,novelty,3,6,0.0,,0.0,0.0,,0.0,0.0,False
corpus_expanded__science_evaluation__learning__unrelated__stage_a_reference__recognition,corpus_expanded,science_evaluation,learning,unrelated,stage_a_reference,recognition,3,6,0.0,,0.0,0.0,,0.0,0.0,False
corpus_expanded__science_evaluation__learning__unrelated__stage_a_supplement__balanced,corpus_expanded,science_evaluation,learning,unrelated,stage_a_supplement,balanced,3,6,0.0,,0.0,0.0,,0.0,0.0,False
corpus_expanded__science_evaluation__learning__unrelated__stage_a_supplement__novelty,corpus_expanded,science_evaluation,learning,unrelated,stage_a_supplement,novelty,3,6,0.0,,0.0,0.0,,0.0,0.0,False
corpus_expanded__science_evaluation__learning__unrelated__stage_a_supplement__recognition,corpus_expanded,science_evaluation,learning,unrelated,stage_a_supplement,recognition,3,6,0.0,,0.0,0.0,,0.0,0.0,False
corpus_expanded__science_evaluation__science__empty__stage_a_reference__balanced,corpus_expanded,science_evaluation,science,empty,stage_a_reference,balanced,3,6,0.0,,0.0,0.0,,0.0,0.0,False
corpus_expanded__science_evaluation__science__empty__stage_a_reference__novelty,corpus_expanded,science_evaluation,science,empty,stage_a_reference,novelty,3,6,0.0,,0.0,0.0,,0.0,0.0,False
corpus_expanded__science_evaluation__science__empty__stage_a_reference__recognition,corpus_expanded,science_evaluation,science,empty,stage_a_reference,recognition,3,6,0.0,,0.0,0.0,,0.0,0.0,False
corpus_expanded__science_evaluation__science__empty__stage_a_supplement__balanced,corpus_expanded,science_evaluation,science,empty,stage_a_supplement,balanced,3,6,0.0,,0.0,0.0,,0.0,0.0,False
corpus_expanded__science_evaluation__science__empty__stage_a_supplement__novelty,corpus_expanded,science_evaluation,science,empty,stage_a_supplement,novelty,3,6,0.0,,0.0,0.0,,0.0,0.0,False
corpus_expanded__science_evaluation__science__empty__stage_a_supplement__recognition,corpus_expanded,science_evaluation,science,empty,stage_a_supplement,recognition,3,6,0.0,,0.0,0.0,,0.0,0.0,False
corpus_expanded__science_evaluation__science__related__stage_a_reference__balanced,corpus_expanded,science_evaluation,science,related,stage_a_reference,balanced,3,6,0.0,,0.0,0.0,,0.0,0.0,False
corpus_expanded__science_evaluation__science__related__stage_a_reference__novelty,corpus_expanded,science_evaluation,science,related,stage_a_reference,novelty,3,6,0.0,,0.0,0.0,,0.0,0.0,False
corpus_expanded__science_evaluation__science__related__stage_a_reference__recognition,corpus_expanded,science_evaluation,science,related,stage_a_reference,recognition,3,6,0.0,,0.0,0.0,,0.0,0.0,False
corpus_expanded__science_evaluation__science__related__stage_a_supplement__balanced,corpus_expanded,science_evaluation,science,related,stage_a_supplement,balanced,3,6,0.0,,0.0,0.0,,0.0,0.0,False
corpus_expanded__science_evaluation__science__related__stage_a_supplement__novelty,corpus_expanded,science_evaluation,science,related,stage_a_supplement,novelty,3,6,0.0,,0.0,0.0,,0.0,0.0,False
corpus_expanded__science_evaluation__science__related__stage_a_supplement__recognition,corpus_expanded,science_evaluation,science,related,stage_a_supplement,recognition,3,6,0.0,,0.0,0.0,,0.0,0.0,False
corpus_expanded__science_evaluation__science__unrelated__stage_a_reference__balanced,corpus_expanded,science_evaluation,science,unrelated,stage_a_reference,balanced,3,6,0.16666666666666666,,0.3333333333333333,0.3333333333333333,,0.0,0.3333333333333333,False
corpus_expanded__science_evaluation__science__unrelated__stage_a_reference__novelty,corpus_expanded,science_evaluation,science,unrelated,stage_a_reference,novelty,3,6,0.16666666666666666,,0.3333333333333333,0.3333333333333333,,0.0,0.3333333333333333,False
corpus_expanded__science_evaluation__science__unrelated__stage_a_reference__recognition,corpus_expanded,science_evaluation,science,unrelated,stage_a_reference,recognition,3,6,0.16666666666666666,,0.3333333333333333,0.3333333333333333,,0.0,0.3333333333333333,False
corpus_expanded__science_evaluation__science__unrelated__stage_a_supplement__balanced,corpus_expanded,science_evaluation,science,unrelated,stage_a_supplement,balanced,3,6,0.16666666666666666,,0.3333333333333333,0.3333333333333333,,0.0,0.3333333333333333,False
corpus_expanded__science_evaluation__science__unrelated__stage_a_supplement__novelty,corpus_expanded,science_evaluation,science,unrelated,stage_a_supplement,novelty,3,6,0.16666666666666666,,0.3333333333333333,0.3333333333333333,,0.0,0.3333333333333333,False
corpus_expanded__science_evaluation__science__unrelated__stage_a_supplement__recognition,corpus_expanded,science_evaluation,science,unrelated,stage_a_supplement,recognition,3,6,0.16666666666666666,,0.3333333333333333,0.3333333333333333,,0.0,0.3333333333333333,False
corpus_expanded__science_hypothesis__agents__empty__stage_a_reference__balanced,corpus_expanded,science_hypothesis,agents,empty,stage_a_reference,balanced,3,6,0.5,,1.0,1.0,,0.0,1.0,False
corpus_expanded__science_hypothesis__agents__empty__stage_a_reference__novelty,corpus_expanded,science_hypothesis,agents,empty,stage_a_reference,novelty,3,6,0.5,,1.0,1.0,,0.0,1.0,False
corpus_expanded__science_hypothesis__agents__empty__stage_a_reference__recognition,corpus_expanded,science_hypothesis,agents,empty,stage_a_reference,recognition,3,6,0.5,,1.0,1.0,,0.0,1.0,False
corpus_expanded__science_hypothesis__agents__empty__stage_a_supplement__balanced,corpus_expanded,science_hypothesis,agents,empty,stage_a_supplement,balanced,3,6,0.5,,1.0,1.0,,0.0,1.0,False
corpus_expanded__science_hypothesis__agents__empty__stage_a_supplement__novelty,corpus_expanded,science_hypothesis,agents,empty,stage_a_supplement,novelty,3,6,0.5,,1.0,1.0,,0.0,1.0,False
corpus_expanded__science_hypothesis__agents__empty__stage_a_supplement__recognition,corpus_expanded,science_hypothesis,agents,empty,stage_a_supplement,recognition,3,6,0.5,,1.0,1.0,,0.0,1.0,False
corpus_expanded__science_hypothesis__agents__related__stage_a_reference__balanced,corpus_expanded,science_hypothesis,agents,related,stage_a_reference,balanced,3,6,0.5,,1.0,1.0,,0.0,1.0,False
corpus_expanded__science_hypothesis__agents__related__stage_a_reference__novelty,corpus_expanded,science_hypothesis,agents,related,stage_a_reference,novelty,3,6,0.5,,1.0,1.0,,0.0,1.0,False
corpus_expanded__science_hypothesis__agents__related__stage_a_reference__recognition,corpus_expanded,science_hypothesis,agents,related,stage_a_reference,recognition,3,6,0.5,,1.0,1.0,,0.0,1.0,False
corpus_expanded__science_hypothesis__agents__related__stage_a_supplement__balanced,corpus_expanded,science_hypothesis,agents,related,stage_a_supplement,balanced,3,6,0.5,,1.0,1.0,,0.0,1.0,False
corpus_expanded__science_hypothesis__agents__related__stage_a_supplement__novelty,corpus_expanded,science_hypothesis,agents,related,stage_a_supplement,novelty,3,6,0.5,,1.0,1.0,,0.0,1.0,False
corpus_expanded__science_hypothesis__agents__related__stage_a_supplement__recognition,corpus_expanded,science_hypothesis,agents,related,stage_a_supplement,recognition,3,6,0.5,,1.0,1.0,,0.0,1.0,False
corpus_expanded__science_hypothesis__agents__unrelated__stage_a_reference__balanced,corpus_expanded,science_hypothesis,agents,unrelated,stage_a_reference,balanced,3,6,0.5,,1.0,1.0,,0.0,1.0,False
corpus_expanded__science_hypothesis__agents__unrelated__stage_a_reference__novelty,corpus_expanded,science_hypothesis,agents,unrelated,stage_a_reference,novelty,3,6,0.5,,1.0,1.0,,0.0,1.0,False
corpus_expanded__science_hypothesis__agents__unrelated__stage_a_reference__recognition,corpus_expanded,science_hypothesis,agents,unrelated,stage_a_reference,recognition,3,6,0.5,,1.0,1.0,,0.0,1.0,False
corpus_expanded__science_hypothesis__agents__unrelated__stage_a_supplement__balanced,corpus_expanded,science_hypothesis,agents,unrelated,stage_a_supplement,balanced,3,6,0.5,,1.0,1.0,,0.0,1.0,False
corpus_expanded__science_hypothesis__agents__unrelated__stage_a_supplement__novelty,corpus_expanded,science_hypothesis,agents,unrelated,stage_a_supplement,novelty,3,6,0.5,,1.0,1.0,,0.0,1.0,False
corpus_expanded__science_hypothesis__agents__unrelated__stage_a_supplement__recognition,corpus_expanded,science_hypothesis,agents,unrelated,stage_a_supplement,recognition,3,6,0.5,,1.0,1.0,,0.0,1.0,False
corpus_expanded__science_hypothesis__learning__empty__stage_a_reference__balanced,corpus_expanded,science_hypothesis,learning,empty,stage_a_reference,balanced,3,6,0.5,,1.0,1.0,,0.0,1.0,False
corpus_expanded__science_hypothesis__learning__empty__stage_a_reference__novelty,corpus_expanded,science_hypothesis,learning,empty,stage_a_reference,novelty,3,6,0.5,,1.0,1.0,,0.0,1.0,False
corpus_expanded__science_hypothesis__learning__empty__stage_a_reference__recognition,corpus_expanded,science_hypothesis,learning,empty,stage_a_reference,recognition,3,6,0.5,,1.0,1.0,,0.0,1.0,False
corpus_expanded__science_hypothesis__learning__empty__stage_a_supplement__balanced,corpus_expanded,science_hypothesis,learning,empty,stage_a_supplement,balanced,3,6,0.5,,1.0,1.0,,0.0,1.0,False
corpus_expanded__science_hypothesis__learning__empty__stage_a_supplement__novelty,corpus_expanded,science_hypothesis,learning,empty,stage_a_supplement,novelty,3,6,0.5,,1.0,1.0,,0.0,1.0,False
corpus_expanded__science_hypothesis__learning__empty__stage_a_supplement__recognition,corpus_expanded,science_hypothesis,learning,empty,stage_a_supplement,recognition,3,6,0.5,,1.0,1.0,,0.0,1.0,False
corpus_expanded__science_hypothesis__learning__related__stage_a_reference__balanced,corpus_expanded,science_hypothesis,learning,related,stage_a_reference,balanced,3,6,0.5,,1.0,1.0,,0.0,1.0,False
corpus_expanded__science_hypothesis__learning__related__stage_a_reference__novelty,corpus_expanded,science_hypothesis,learning,related,stage_a_reference,novelty,3,6,0.5,,1.0,1.0,,0.0,1.0,False
corpus_expanded__science_hypothesis__learning__related__stage_a_reference__recognition,corpus_expanded,science_hypothesis,learning,related,stage_a_reference,recognition,3,6,0.5,,1.0,1.0,,0.0,1.0,False
corpus_expanded__science_hypothesis__learning__related__stage_a_supplement__balanced,corpus_expanded,science_hypothesis,learning,related,stage_a_supplement,balanced,3,6,0.5,,1.0,1.0,,0.0,1.0,False
corpus_expanded__science_hypothesis__learning__related__stage_a_supplement__novelty,corpus_expanded,science_hypothesis,learning,related,stage_a_supplement,novelty,3,6,0.5,,1.0,1.0,,0.0,1.0,False
corpus_expanded__science_hypothesis__learning__related__stage_a_supplement__recognition,corpus_expanded,science_hypothesis,learning,related,stage_a_supplement,recognition,3,6,0.5,,1.0,1.0,,0.0,1.0,False
corpus_expanded__science_hypothesis__learning__unrelated__stage_a_reference__balanced,corpus_expanded,science_hypothesis,learning,unrelated,stage_a_reference,balanced,3,6,0.5,,1.0,1.0,,0.0,1.0,False
corpus_expanded__science_hypothesis__learning__unrelated__stage_a_reference__novelty,corpus_expanded,science_hypothesis,learning,unrelated,stage_a_reference,novelty,3,6,0.5,,1.0,1.0,,0.0,1.0,False
corpus_expanded__science_hypothesis__learning__unrelated__stage_a_reference__recognition,corpus_expanded,science_hypothesis,learning,unrelated,stage_a_reference,recognition,3,6,0.5,,1.0,1.0,,0.0,1.0,False
corpus_expanded__science_hypothesis__learning__unrelated__stage_a_supplement__balanced,corpus_expanded,science_hypothesis,learning,unrelated,stage_a_supplement,balanced,3,6,0.5,,1.0,1.0,,0.0,1.0,False
corpus_expanded__science_hypothesis__learning__unrelated__stage_a_supplement__novelty,corpus_expanded,science_hypothesis,learning,unrelated,stage_a_supplement,novelty,3,6,0.5,,1.0,1.0,,0.0,1.0,False
corpus_expanded__science_hypothesis__learning__unrelated__stage_a_supplement__recognition,corpus_expanded,science_hypothesis,learning,unrelated,stage_a_supplement,recognition,3,6,0.5,,1.0,1.0,,0.0,1.0,False
corpus_expanded__science_hypothesis__science__empty__stage_a_reference__balanced,corpus_expanded,science_hypothesis,science,empty,stage_a_reference,balanced,3,6,0.5,,1.0,1.0,,0.0,1.0,False
corpus_expanded__science_hypothesis__science__empty__stage_a_reference__novelty,corpus_expanded,science_hypothesis,science,empty,stage_a_reference,novelty,3,6,0.5,,1.0,1.0,,0.0,1.0,False
corpus_expanded__science_hypothesis__science__empty__stage_a_reference__recognition,corpus_expanded,science_hypothesis,science,empty,stage_a_reference,recognition,3,6,0.5,,1.0,1.0,,0.0,1.0,False
corpus_expanded__science_hypothesis__science__empty__stage_a_supplement__balanced,corpus_expanded,science_hypothesis,science,empty,stage_a_supplement,balanced,3,6,0.5,,1.0,1.0,,0.0,1.0,False
corpus_expanded__science_hypothesis__science__empty__stage_a_supplement__novelty,corpus_expanded,science_hypothesis,science,empty,stage_a_supplement,novelty,3,6,0.5,,1.0,1.0,,0.0,1.0,False
corpus_expanded__science_hypothesis__science__empty__stage_a_supplement__recognition,corpus_expanded,science_hypothesis,science,empty,stage_a_supplement,recognition,3,6,0.5,,1.0,1.0,,0.0,1.0,False
corpus_expanded__science_hypothesis__science__related__stage_a_reference__balanced,corpus_expanded,science_hypothesis,science,related,stage_a_reference,balanced,3,6,0.5,,1.0,1.0,,0.0,1.0,False
corpus_expanded__science_hypothesis__science__related__stage_a_reference__novelty,corpus_expanded,science_hypothesis,science,related,stage_a_reference,novelty,3,6,0.5,,1.0,1.0,,0.0,1.0,False
corpus_expanded__science_hypothesis__science__related__stage_a_reference__recognition,corpus_expanded,science_hypothesis,science,related,stage_a_reference,recognition,3,6,0.5,,1.0,1.0,,0.0,1.0,False
corpus_expanded__science_hypothesis__science__related__stage_a_supplement__balanced,corpus_expanded,science_hypothesis,science,related,stage_a_supplement,balanced,3,6,0.5,,1.0,1.0,,0.0,1.0,False
corpus_expanded__science_hypothesis__science__related__stage_a_supplement__novelty,corpus_expanded,science_hypothesis,science,related,stage_a_supplement,novelty,3,6,0.5,,1.0,1.0,,0.0,1.0,False
corpus_expanded__science_hypothesis__science__related__stage_a_supplement__recognition,corpus_expanded,science_hypothesis,science,related,stage_a_supplement,recognition,3,6,0.5,,1.0,1.0,,0.0,1.0,False
corpus_expanded__science_hypothesis__science__unrelated__stage_a_reference__balanced,corpus_expanded,science_hypothesis,science,unrelated,stage_a_reference,balanced,3,6,0.5,,1.0,1.0,,0.0,1.0,False
corpus_expanded__science_hypothesis__science__unrelated__stage_a_reference__novelty,corpus_expanded,science_hypothesis,science,unrelated,stage_a_reference,novelty,3,6,0.5,,1.0,1.0,,0.0,1.0,False
corpus_expanded__science_hypothesis__science__unrelated__stage_a_reference__recognition,corpus_expanded,science_hypothesis,science,unrelated,stage_a_reference,recognition,3,6,0.5,,1.0,1.0,,0.0,1.0,False
corpus_expanded__science_hypothesis__science__unrelated__stage_a_supplement__balanced,corpus_expanded,science_hypothesis,science,unrelated,stage_a_supplement,balanced,3,6,0.5,,1.0,1.0,,0.0,1.0,False
corpus_expanded__science_hypothesis__science__unrelated__stage_a_supplement__novelty,corpus_expanded,science_hypothesis,science,unrelated,stage_a_supplement,novelty,3,6,0.5,,1.0,1.0,,0.0,1.0,False
corpus_expanded__science_hypothesis__science__unrelated__stage_a_supplement__recognition,corpus_expanded,science_hypothesis,science,unrelated,stage_a_supplement,recognition,3,6,0.5,,1.0,1.0,,0.0,1.0,False
corpus_expanded__science_retrieval__agents__empty__stage_a_reference__balanced,corpus_expanded,science_retrieval,agents,empty,stage_a_reference,balanced,3,7,0.42857142857142855,,1.0,1.0,,0.0,1.0,False
corpus_expanded__science_retrieval__agents__empty__stage_a_reference__novelty,corpus_expanded,science_retrieval,agents,empty,stage_a_reference,novelty,3,7,0.42857142857142855,,1.0,1.0,,0.0,1.0,False
corpus_expanded__science_retrieval__agents__empty__stage_a_reference__recognition,corpus_expanded,science_retrieval,agents,empty,stage_a_reference,recognition,3,7,0.42857142857142855,,1.0,1.0,,0.0,1.0,False
corpus_expanded__science_retrieval__agents__empty__stage_a_supplement__balanced,corpus_expanded,science_retrieval,agents,empty,stage_a_supplement,balanced,3,7,0.42857142857142855,,1.0,1.0,,0.0,1.0,False
corpus_expanded__science_retrieval__agents__empty__stage_a_supplement__novelty,corpus_expanded,science_retrieval,agents,empty,stage_a_supplement,novelty,3,7,0.42857142857142855,,1.0,1.0,,0.0,1.0,False
corpus_expanded__science_retrieval__agents__empty__stage_a_supplement__recognition,corpus_expanded,science_retrieval,agents,empty,stage_a_supplement,recognition,3,7,0.42857142857142855,,1.0,1.0,,0.0,1.0,False
corpus_expanded__science_retrieval__agents__related__stage_a_reference__balanced,corpus_expanded,science_retrieval,agents,related,stage_a_reference,balanced,3,7,0.42857142857142855,,1.0,1.0,,0.0,1.0,False
corpus_expanded__science_retrieval__agents__related__stage_a_reference__novelty,corpus_expanded,science_retrieval,agents,related,stage_a_reference,novelty,3,7,0.42857142857142855,,1.0,1.0,,0.0,1.0,False
corpus_expanded__science_retrieval__agents__related__stage_a_reference__recognition,corpus_expanded,science_retrieval,agents,related,stage_a_reference,recognition,3,7,0.42857142857142855,,1.0,1.0,,0.0,1.0,False
corpus_expanded__science_retrieval__agents__related__stage_a_supplement__balanced,corpus_expanded,science_retrieval,agents,related,stage_a_supplement,balanced,3,7,0.42857142857142855,,1.0,1.0,,0.0,1.0,False
corpus_expanded__science_retrieval__agents__related__stage_a_supplement__novelty,corpus_expanded,science_retrieval,agents,related,stage_a_supplement,novelty,3,7,0.42857142857142855,,1.0,1.0,,0.0,1.0,False
corpus_expanded__science_retrieval__agents__related__stage_a_supplement__recognition,corpus_expanded,science_retrieval,agents,related,stage_a_supplement,recognition,3,7,0.42857142857142855,,1.0,1.0,,0.0,1.0,False
corpus_expanded__science_retrieval__agents__unrelated__stage_a_reference__balanced,corpus_expanded,science_retrieval,agents,unrelated,stage_a_reference,balanced,3,7,0.42857142857142855,,1.0,1.0,,0.0,1.0,False
corpus_expanded__science_retrieval__agents__unrelated__stage_a_reference__novelty,corpus_expanded,science_retrieval,agents,unrelated,stage_a_reference,novelty,3,7,0.42857142857142855,,1.0,1.0,,0.0,1.0,False
corpus_expanded__science_retrieval__agents__unrelated__stage_a_reference__recognition,corpus_expanded,science_retrieval,agents,unrelated,stage_a_reference,recognition,3,7,0.42857142857142855,,1.0,1.0,,0.0,1.0,False
corpus_expanded__science_retrieval__agents__unrelated__stage_a_supplement__balanced,corpus_expanded,science_retrieval,agents,unrelated,stage_a_supplement,balanced,3,7,0.42857142857142855,,1.0,1.0,,0.0,1.0,False
corpus_expanded__science_retrieval__agents__unrelated__stage_a_supplement__novelty,corpus_expanded,science_retrieval,agents,unrelated,stage_a_supplement,novelty,3,7,0.42857142857142855,,1.0,1.0,,0.0,1.0,False
corpus_expanded__science_retrieval__agents__unrelated__stage_a_supplement__recognition,corpus_expanded,science_retrieval,agents,unrelated,stage_a_supplement,recognition,3,7,0.42857142857142855,,1.0,1.0,,0.0,1.0,False
corpus_expanded__science_retrieval__learning__empty__stage_a_reference__balanced,corpus_expanded,science_retrieval,learning,empty,stage_a_reference,balanced,3,7,0.42857142857142855,,1.0,1.0,,0.0,1.0,False
corpus_expanded__science_retrieval__learning__empty__stage_a_reference__novelty,corpus_expanded,science_retrieval,learning,empty,stage_a_reference,novelty,3,7,0.42857142857142855,,1.0,1.0,,0.0,1.0,False
corpus_expanded__science_retrieval__learning__empty__stage_a_reference__recognition,corpus_expanded,science_retrieval,learning,empty,stage_a_reference,recognition,3,7,0.42857142857142855,,1.0,1.0,,0.0,1.0,False
corpus_expanded__science_retrieval__learning__empty__stage_a_supplement__balanced,corpus_expanded,science_retrieval,learning,empty,stage_a_supplement,balanced,3,7,0.42857142857142855,,1.0,1.0,,0.0,1.0,False
corpus_expanded__science_retrieval__learning__empty__stage_a_supplement__novelty,corpus_expanded,science_retrieval,learning,empty,stage_a_supplement,novelty,3,7,0.42857142857142855,,1.0,1.0,,0.0,1.0,False
corpus_expanded__science_retrieval__learning__empty__stage_a_supplement__recognition,corpus_expanded,science_retrieval,learning,empty,stage_a_supplement,recognition,3,7,0.42857142857142855,,1.0,1.0,,0.0,1.0,False
corpus_expanded__science_retrieval__learning__related__stage_a_reference__balanced,corpus_expanded,science_retrieval,learning,related,stage_a_reference,balanced,3,7,0.42857142857142855,,1.0,1.0,,0.0,1.0,False
corpus_expanded__science_retrieval__learning__related__stage_a_reference__novelty,corpus_expanded,science_retrieval,learning,related,stage_a_reference,novelty,3,7,0.42857142857142855,,1.0,1.0,,0.0,1.0,False
corpus_expanded__science_retrieval__learning__related__stage_a_reference__recognition,corpus_expanded,science_retrieval,learning,related,stage_a_reference,recognition,3,7,0.42857142857142855,,1.0,1.0,,0.0,1.0,False
corpus_expanded__science_retrieval__learning__related__stage_a_supplement__balanced,corpus_expanded,science_retrieval,learning,related,stage_a_supplement,balanced,3,7,0.42857142857142855,,1.0,1.0,,0.0,1.0,False
corpus_expanded__science_retrieval__learning__related__stage_a_supplement__novelty,corpus_expanded,science_retrieval,learning,related,stage_a_supplement,novelty,3,7,0.42857142857142855,,1.0,1.0,,0.0,1.0,False
corpus_expanded__science_retrieval__learning__related__stage_a_supplement__recognition,corpus_expanded,science_retrieval,learning,related,stage_a_supplement,recognition,3,7,0.42857142857142855,,1.0,1.0,,0.0,1.0,False
corpus_expanded__science_retrieval__learning__unrelated__stage_a_reference__balanced,corpus_expanded,science_retrieval,learning,unrelated,stage_a_reference,balanced,3,7,0.42857142857142855,,1.0,1.0,,0.0,1.0,False
corpus_expanded__science_retrieval__learning__unrelated__stage_a_reference__novelty,corpus_expanded,science_retrieval,learning,unrelated,stage_a_reference,novelty,3,7,0.42857142857142855,,1.0,1.0,,0.0,1.0,False
corpus_expanded__science_retrieval__learning__unrelated__stage_a_reference__recognition,corpus_expanded,science_retrieval,learning,unrelated,stage_a_reference,recognition,3,7,0.42857142857142855,,1.0,1.0,,0.0,1.0,False
corpus_expanded__science_retrieval__learning__unrelated__stage_a_supplement__balanced,corpus_expanded,science_retrieval,learning,unrelated,stage_a_supplement,balanced,3,7,0.42857142857142855,,1.0,1.0,,0.0,1.0,False
corpus_expanded__science_retrieval__learning__unrelated__stage_a_supplement__novelty,corpus_expanded,science_retrieval,learning,unrelated,stage_a_supplement,novelty,3,7,0.42857142857142855,,1.0,1.0,,0.0,1.0,False
corpus_expanded__science_retrieval__learning__unrelated__stage_a_supplement__recognition,corpus_expanded,science_retrieval,learning,unrelated,stage_a_supplement,recognition,3,7,0.42857142857142855,,1.0,1.0,,0.0,1.0,False
corpus_expanded__science_retrieval__science__empty__stage_a_reference__balanced,corpus_expanded,science_retrieval,science,empty,stage_a_reference,balanced,3,7,0.42857142857142855,,1.0,1.0,,0.0,1.0,False
corpus_expanded__science_retrieval__science__empty__stage_a_reference__novelty,corpus_expanded,science_retrieval,science,empty,stage_a_reference,novelty,3,7,0.42857142857142855,,1.0,1.0,,0.0,1.0,False
corpus_expanded__science_retrieval__science__empty__stage_a_reference__recognition,corpus_expanded,science_retrieval,science,empty,stage_a_reference,recognition,3,7,0.42857142857142855,,1.0,1.0,,0.0,1.0,False
corpus_expanded__science_retrieval__science__empty__stage_a_supplement__balanced,corpus_expanded,science_retrieval,science,empty,stage_a_supplement,balanced,3,7,0.42857142857142855,,1.0,1.0,,0.0,1.0,False
corpus_expanded__science_retrieval__science__empty__stage_a_supplement__novelty,corpus_expanded,science_retrieval,science,empty,stage_a_supplement,novelty,3,7,0.42857142857142855,,1.0,1.0,,0.0,1.0,False
corpus_expanded__science_retrieval__science__empty__stage_a_supplement__recognition,corpus_expanded,science_retrieval,science,empty,stage_a_supplement,recognition,3,7,0.42857142857142855,,1.0,1.0,,0.0,1.0,False
corpus_expanded__science_retrieval__science__related__stage_a_reference__balanced,corpus_expanded,science_retrieval,science,related,stage_a_reference,balanced,3,7,0.42857142857142855,,1.0,1.0,,0.0,1.0,False
corpus_expanded__science_retrieval__science__related__stage_a_reference__novelty,corpus_expanded,science_retrieval,science,related,stage_a_reference,novelty,3,7,0.42857142857142855,,1.0,1.0,,0.0,1.0,False
corpus_expanded__science_retrieval__science__related__stage_a_reference__recognition,corpus_expanded,science_retrieval,science,related,stage_a_reference,recognition,3,7,0.42857142857142855,,1.0,1.0,,0.0,1.0,False
corpus_expanded__science_retrieval__science__related__stage_a_supplement__balanced,corpus_expanded,science_retrieval,science,related,stage_a_supplement,balanced,3,7,0.42857142857142855,,1.0,1.0,,0.0,1.0,False
corpus_expanded__science_retrieval__science__related__stage_a_supplement__novelty,corpus_expanded,science_retrieval,science,related,stage_a_supplement,novelty,3,7,0.42857142857142855,,1.0,1.0,,0.0,1.0,False
corpus_expanded__science_retrieval__science__related__stage_a_supplement__recognition,corpus_expanded,science_retrieval,science,related,stage_a_supplement,recognition,3,7,0.42857142857142855,,1.0,1.0,,0.0,1.0,False
corpus_expanded__science_retrieval__science__unrelated__stage_a_reference__balanced,corpus_expanded,science_retrieval,science,unrelated,stage_a_reference,balanced,3,7,0.42857142857142855,,1.0,1.0,,0.0,1.0,False
corpus_expanded__science_retrieval__science__unrelated__stage_a_reference__novelty,corpus_expanded,science_retrieval,science,unrelated,stage_a_reference,novelty,3,7,0.42857142857142855,,1.0,1.0,,0.0,1.0,False
corpus_expanded__science_retrieval__science__unrelated__stage_a_reference__recognition,corpus_expanded,science_retrieval,science,unrelated,stage_a_reference,recognition,3,7,0.42857142857142855,,1.0,1.0,,0.0,1.0,False
corpus_expanded__science_retrieval__science__unrelated__stage_a_supplement__balanced,corpus_expanded,science_retrieval,science,unrelated,stage_a_supplement,balanced,3,7,0.42857142857142855,,1.0,1.0,,0.0,1.0,False
corpus_expanded__science_retrieval__science__unrelated__stage_a_supplement__novelty,corpus_expanded,science_retrieval,science,unrelated,stage_a_supplement,novelty,3,7,0.42857142857142855,,1.0,1.0,,0.0,1.0,False
corpus_expanded__science_retrieval__science__unrelated__stage_a_supplement__recognition,corpus_expanded,science_retrieval,science,unrelated,stage_a_supplement,recognition,3,7,0.42857142857142855,,1.0,1.0,,0.0,1.0,False
corpus_original__agent_communication__agents__empty__stage_a_reference__balanced,corpus_original,agent_communication,agents,empty,stage_a_reference,balanced,1,1,1.0,,1.0,1.0,,0.0,1.0,True
corpus_original__agent_communication__agents__empty__stage_a_reference__novelty,corpus_original,agent_communication,agents,empty,stage_a_reference,novelty,1,1,1.0,,1.0,1.0,,0.0,1.0,True
corpus_original__agent_communication__agents__empty__stage_a_reference__recognition,corpus_original,agent_communication,agents,empty,stage_a_reference,recognition,1,1,1.0,,1.0,1.0,,0.0,1.0,True
corpus_original__agent_communication__agents__empty__stage_a_supplement__balanced,corpus_original,agent_communication,agents,empty,stage_a_supplement,balanced,1,1,1.0,,1.0,1.0,,0.0,1.0,True
corpus_original__agent_communication__agents__empty__stage_a_supplement__novelty,corpus_original,agent_communication,agents,empty,stage_a_supplement,novelty,1,1,1.0,,1.0,1.0,,0.0,1.0,True
corpus_original__agent_communication__agents__empty__stage_a_supplement__recognition,corpus_original,agent_communication,agents,empty,stage_a_supplement,recognition,1,1,1.0,,1.0,1.0,,0.0,1.0,True
corpus_original__agent_communication__agents__related__stage_a_reference__balanced,corpus_original,agent_communication,agents,related,stage_a_reference,balanced,1,1,1.0,,1.0,1.0,,0.0,1.0,True
corpus_original__agent_communication__agents__related__stage_a_reference__novelty,corpus_original,agent_communication,agents,related,stage_a_reference,novelty,1,1,1.0,,1.0,1.0,,0.0,1.0,True
corpus_original__agent_communication__agents__related__stage_a_reference__recognition,corpus_original,agent_communication,agents,related,stage_a_reference,recognition,1,1,1.0,,1.0,1.0,,0.0,1.0,True
corpus_original__agent_communication__agents__related__stage_a_supplement__balanced,corpus_original,agent_communication,agents,related,stage_a_supplement,balanced,1,1,1.0,,1.0,1.0,,0.0,1.0,True
corpus_original__agent_communication__agents__related__stage_a_supplement__novelty,corpus_original,agent_communication,agents,related,stage_a_supplement,novelty,1,1,1.0,,1.0,1.0,,0.0,1.0,True
corpus_original__agent_communication__agents__related__stage_a_supplement__recognition,corpus_original,agent_communication,agents,related,stage_a_supplement,recognition,1,1,1.0,,1.0,1.0,,0.0,1.0,True
corpus_original__agent_communication__agents__unrelated__stage_a_reference__balanced,corpus_original,agent_communication,agents,unrelated,stage_a_reference,balanced,1,1,1.0,,1.0,1.0,,0.0,1.0,True
corpus_original__agent_communication__agents__unrelated__stage_a_reference__novelty,corpus_original,agent_communication,agents,unrelated,stage_a_reference,novelty,1,1,1.0,,1.0,1.0,,0.0,1.0,True
corpus_original__agent_communication__agents__unrelated__stage_a_reference__recognition,corpus_original,agent_communication,agents,unrelated,stage_a_reference,recognition,1,1,1.0,,1.0,1.0,,0.0,1.0,True
corpus_original__agent_communication__agents__unrelated__stage_a_supplement__balanced,corpus_original,agent_communication,agents,unrelated,stage_a_supplement,balanced,1,1,1.0,,1.0,1.0,,0.0,1.0,True
corpus_original__agent_communication__agents__unrelated__stage_a_supplement__novelty,corpus_original,agent_communication,agents,unrelated,stage_a_supplement,novelty,1,1,1.0,,1.0,1.0,,0.0,1.0,True
corpus_original__agent_communication__agents__unrelated__stage_a_supplement__recognition,corpus_original,agent_communication,agents,unrelated,stage_a_supplement,recognition,1,1,1.0,,1.0,1.0,,0.0,1.0,True
corpus_original__agent_communication__learning__empty__stage_a_reference__balanced,corpus_original,agent_communication,learning,empty,stage_a_reference,balanced,1,1,1.0,,1.0,1.0,,0.0,1.0,True
corpus_original__agent_communication__learning__empty__stage_a_reference__novelty,corpus_original,agent_communication,learning,empty,stage_a_reference,novelty,1,1,1.0,,1.0,1.0,,0.0,1.0,True
corpus_original__agent_communication__learning__empty__stage_a_reference__recognition,corpus_original,agent_communication,learning,empty,stage_a_reference,recognition,1,1,1.0,,1.0,1.0,,0.0,1.0,True
corpus_original__agent_communication__learning__empty__stage_a_supplement__balanced,corpus_original,agent_communication,learning,empty,stage_a_supplement,balanced,1,1,1.0,,1.0,1.0,,0.0,1.0,True
corpus_original__agent_communication__learning__empty__stage_a_supplement__novelty,corpus_original,agent_communication,learning,empty,stage_a_supplement,novelty,1,1,1.0,,1.0,1.0,,0.0,1.0,True
corpus_original__agent_communication__learning__empty__stage_a_supplement__recognition,corpus_original,agent_communication,learning,empty,stage_a_supplement,recognition,1,1,1.0,,1.0,1.0,,0.0,1.0,True
corpus_original__agent_communication__learning__related__stage_a_reference__balanced,corpus_original,agent_communication,learning,related,stage_a_reference,balanced,1,1,1.0,,1.0,1.0,,0.0,1.0,True
corpus_original__agent_communication__learning__related__stage_a_reference__novelty,corpus_original,agent_communication,learning,related,stage_a_reference,novelty,1,1,1.0,,1.0,1.0,,0.0,1.0,True
corpus_original__agent_communication__learning__related__stage_a_reference__recognition,corpus_original,agent_communication,learning,related,stage_a_reference,recognition,1,1,1.0,,1.0,1.0,,0.0,1.0,True
corpus_original__agent_communication__learning__related__stage_a_supplement__balanced,corpus_original,agent_communication,learning,related,stage_a_supplement,balanced,1,1,1.0,,1.0,1.0,,0.0,1.0,True
corpus_original__agent_communication__learning__related__stage_a_supplement__novelty,corpus_original,agent_communication,learning,related,stage_a_supplement,novelty,1,1,1.0,,1.0,1.0,,0.0,1.0,True
corpus_original__agent_communication__learning__related__stage_a_supplement__recognition,corpus_original,agent_communication,learning,related,stage_a_supplement,recognition,1,1,1.0,,1.0,1.0,,0.0,1.0,True
corpus_original__agent_communication__learning__unrelated__stage_a_reference__balanced,corpus_original,agent_communication,learning,unrelated,stage_a_reference,balanced,1,1,1.0,,1.0,1.0,,0.0,1.0,True
corpus_original__agent_communication__learning__unrelated__stage_a_reference__novelty,corpus_original,agent_communication,learning,unrelated,stage_a_reference,novelty,1,1,1.0,,1.0,1.0,,0.0,1.0,True
corpus_original__agent_communication__learning__unrelated__stage_a_reference__recognition,corpus_original,agent_communication,learning,unrelated,stage_a_reference,recognition,1,1,1.0,,1.0,1.0,,0.0,1.0,True
corpus_original__agent_communication__learning__unrelated__stage_a_supplement__balanced,corpus_original,agent_communication,learning,unrelated,stage_a_supplement,balanced,1,1,1.0,,1.0,1.0,,0.0,1.0,True
corpus_original__agent_communication__learning__unrelated__stage_a_supplement__novelty,corpus_original,agent_communication,learning,unrelated,stage_a_supplement,novelty,1,1,1.0,,1.0,1.0,,0.0,1.0,True
corpus_original__agent_communication__learning__unrelated__stage_a_supplement__recognition,corpus_original,agent_communication,learning,unrelated,stage_a_supplement,recognition,1,1,1.0,,1.0,1.0,,0.0,1.0,True
corpus_original__agent_communication__science__empty__stage_a_reference__balanced,corpus_original,agent_communication,science,empty,stage_a_reference,balanced,1,1,1.0,,1.0,1.0,,0.0,1.0,True
corpus_original__agent_communication__science__empty__stage_a_reference__novelty,corpus_original,agent_communication,science,empty,stage_a_reference,novelty,1,1,1.0,,1.0,1.0,,0.0,1.0,True
corpus_original__agent_communication__science__empty__stage_a_reference__recognition,corpus_original,agent_communication,science,empty,stage_a_reference,recognition,1,1,1.0,,1.0,1.0,,0.0,1.0,True
corpus_original__agent_communication__science__empty__stage_a_supplement__balanced,corpus_original,agent_communication,science,empty,stage_a_supplement,balanced,1,1,1.0,,1.0,1.0,,0.0,1.0,True
corpus_original__agent_communication__science__empty__stage_a_supplement__novelty,corpus_original,agent_communication,science,empty,stage_a_supplement,novelty,1,1,1.0,,1.0,1.0,,0.0,1.0,True
corpus_original__agent_communication__science__empty__stage_a_supplement__recognition,corpus_original,agent_communication,science,empty,stage_a_supplement,recognition,1,1,1.0,,1.0,1.0,,0.0,1.0,True
corpus_original__agent_communication__science__related__stage_a_reference__balanced,corpus_original,agent_communication,science,related,stage_a_reference,balanced,1,1,1.0,,1.0,1.0,,0.0,1.0,True
corpus_original__agent_communication__science__related__stage_a_reference__novelty,corpus_original,agent_communication,science,related,stage_a_reference,novelty,1,1,1.0,,1.0,1.0,,0.0,1.0,True
corpus_original__agent_communication__science__related__stage_a_reference__recognition,corpus_original,agent_communication,science,related,stage_a_reference,recognition,1,1,1.0,,1.0,1.0,,0.0,1.0,True
corpus_original__agent_communication__science__related__stage_a_supplement__balanced,corpus_original,agent_communication,science,related,stage_a_supplement,balanced,1,1,1.0,,1.0,1.0,,0.0,1.0,True
corpus_original__agent_communication__science__related__stage_a_supplement__novelty,corpus_original,agent_communication,science,related,stage_a_supplement,novelty,1,1,1.0,,1.0,1.0,,0.0,1.0,True
corpus_original__agent_communication__science__related__stage_a_supplement__recognition,corpus_original,agent_communication,science,related,stage_a_supplement,recognition,1,1,1.0,,1.0,1.0,,0.0,1.0,True
corpus_original__agent_communication__science__unrelated__stage_a_reference__balanced,corpus_original,agent_communication,science,unrelated,stage_a_reference,balanced,1,1,1.0,,1.0,1.0,,0.0,1.0,True
corpus_original__agent_communication__science__unrelated__stage_a_reference__novelty,corpus_original,agent_communication,science,unrelated,stage_a_reference,novelty,1,1,1.0,,1.0,1.0,,0.0,1.0,True
corpus_original__agent_communication__science__unrelated__stage_a_reference__recognition,corpus_original,agent_communication,science,unrelated,stage_a_reference,recognition,1,1,1.0,,1.0,1.0,,0.0,1.0,True
corpus_original__agent_communication__science__unrelated__stage_a_supplement__balanced,corpus_original,agent_communication,science,unrelated,stage_a_supplement,balanced,1,1,1.0,,1.0,1.0,,0.0,1.0,True
corpus_original__agent_communication__science__unrelated__stage_a_supplement__novelty,corpus_original,agent_communication,science,unrelated,stage_a_supplement,novelty,1,1,1.0,,1.0,1.0,,0.0,1.0,True
corpus_original__agent_communication__science__unrelated__stage_a_supplement__recognition,corpus_original,agent_communication,science,unrelated,stage_a_supplement,recognition,1,1,1.0,,1.0,1.0,,0.0,1.0,True
corpus_original__agent_memory__agents__empty__stage_a_reference__balanced,corpus_original,agent_memory,agents,empty,stage_a_reference,balanced,2,1,1.0,,1.0,0.5,,0.0,0.5,True
corpus_original__agent_memory__agents__empty__stage_a_reference__novelty,corpus_original,agent_memory,agents,empty,stage_a_reference,novelty,2,1,1.0,,1.0,0.5,,0.0,0.5,True
corpus_original__agent_memory__agents__empty__stage_a_reference__recognition,corpus_original,agent_memory,agents,empty,stage_a_reference,recognition,2,1,1.0,,1.0,0.5,,0.0,0.5,True
corpus_original__agent_memory__agents__empty__stage_a_supplement__balanced,corpus_original,agent_memory,agents,empty,stage_a_supplement,balanced,2,1,1.0,,1.0,0.5,,0.0,0.5,True
corpus_original__agent_memory__agents__empty__stage_a_supplement__novelty,corpus_original,agent_memory,agents,empty,stage_a_supplement,novelty,2,1,1.0,,1.0,0.5,,0.0,0.5,True
corpus_original__agent_memory__agents__empty__stage_a_supplement__recognition,corpus_original,agent_memory,agents,empty,stage_a_supplement,recognition,2,1,1.0,,1.0,0.5,,0.0,0.5,True
corpus_original__agent_memory__agents__related__stage_a_reference__balanced,corpus_original,agent_memory,agents,related,stage_a_reference,balanced,2,1,1.0,,1.0,0.5,,0.0,0.5,True
corpus_original__agent_memory__agents__related__stage_a_reference__novelty,corpus_original,agent_memory,agents,related,stage_a_reference,novelty,2,1,1.0,,1.0,0.5,,0.0,0.5,True
corpus_original__agent_memory__agents__related__stage_a_reference__recognition,corpus_original,agent_memory,agents,related,stage_a_reference,recognition,2,1,1.0,,1.0,0.5,,0.0,0.5,True
corpus_original__agent_memory__agents__related__stage_a_supplement__balanced,corpus_original,agent_memory,agents,related,stage_a_supplement,balanced,2,1,1.0,,1.0,0.5,,0.0,0.5,True
corpus_original__agent_memory__agents__related__stage_a_supplement__novelty,corpus_original,agent_memory,agents,related,stage_a_supplement,novelty,2,1,1.0,,1.0,0.5,,0.0,0.5,True
corpus_original__agent_memory__agents__related__stage_a_supplement__recognition,corpus_original,agent_memory,agents,related,stage_a_supplement,recognition,2,1,1.0,,1.0,0.5,,0.0,0.5,True
corpus_original__agent_memory__agents__unrelated__stage_a_reference__balanced,corpus_original,agent_memory,agents,unrelated,stage_a_reference,balanced,2,1,1.0,,1.0,0.5,,0.0,0.5,True
corpus_original__agent_memory__agents__unrelated__stage_a_reference__novelty,corpus_original,agent_memory,agents,unrelated,stage_a_reference,novelty,2,1,1.0,,1.0,0.5,,0.0,0.5,True
corpus_original__agent_memory__agents__unrelated__stage_a_reference__recognition,corpus_original,agent_memory,agents,unrelated,stage_a_reference,recognition,2,1,1.0,,1.0,0.5,,0.0,0.5,True
corpus_original__agent_memory__agents__unrelated__stage_a_supplement__balanced,corpus_original,agent_memory,agents,unrelated,stage_a_supplement,balanced,2,1,1.0,,1.0,0.5,,0.0,0.5,True
corpus_original__agent_memory__agents__unrelated__stage_a_supplement__novelty,corpus_original,agent_memory,agents,unrelated,stage_a_supplement,novelty,2,1,1.0,,1.0,0.5,,0.0,0.5,True
corpus_original__agent_memory__agents__unrelated__stage_a_supplement__recognition,corpus_original,agent_memory,agents,unrelated,stage_a_supplement,recognition,2,1,1.0,,1.0,0.5,,0.0,0.5,True
corpus_original__agent_memory__learning__empty__stage_a_reference__balanced,corpus_original,agent_memory,learning,empty,stage_a_reference,balanced,2,1,1.0,,1.0,0.5,,0.0,0.5,True
corpus_original__agent_memory__learning__empty__stage_a_reference__novelty,corpus_original,agent_memory,learning,empty,stage_a_reference,novelty,2,1,1.0,,1.0,0.5,,0.0,0.5,True
corpus_original__agent_memory__learning__empty__stage_a_reference__recognition,corpus_original,agent_memory,learning,empty,stage_a_reference,recognition,2,1,1.0,,1.0,0.5,,0.0,0.5,True
corpus_original__agent_memory__learning__empty__stage_a_supplement__balanced,corpus_original,agent_memory,learning,empty,stage_a_supplement,balanced,2,1,1.0,,1.0,0.5,,0.0,0.5,True
corpus_original__agent_memory__learning__empty__stage_a_supplement__novelty,corpus_original,agent_memory,learning,empty,stage_a_supplement,novelty,2,1,1.0,,1.0,0.5,,0.0,0.5,True
corpus_original__agent_memory__learning__empty__stage_a_supplement__recognition,corpus_original,agent_memory,learning,empty,stage_a_supplement,recognition,2,1,1.0,,1.0,0.5,,0.0,0.5,True
corpus_original__agent_memory__learning__related__stage_a_reference__balanced,corpus_original,agent_memory,learning,related,stage_a_reference,balanced,2,1,1.0,,1.0,0.5,,0.0,0.5,True
corpus_original__agent_memory__learning__related__stage_a_reference__novelty,corpus_original,agent_memory,learning,related,stage_a_reference,novelty,2,1,1.0,,1.0,0.5,,0.0,0.5,True
corpus_original__agent_memory__learning__related__stage_a_reference__recognition,corpus_original,agent_memory,learning,related,stage_a_reference,recognition,2,1,1.0,,1.0,0.5,,0.0,0.5,True
corpus_original__agent_memory__learning__related__stage_a_supplement__balanced,corpus_original,agent_memory,learning,related,stage_a_supplement,balanced,2,1,1.0,,1.0,0.5,,0.0,0.5,True
corpus_original__agent_memory__learning__related__stage_a_supplement__novelty,corpus_original,agent_memory,learning,related,stage_a_supplement,novelty,2,1,1.0,,1.0,0.5,,0.0,0.5,True
corpus_original__agent_memory__learning__related__stage_a_supplement__recognition,corpus_original,agent_memory,learning,related,stage_a_supplement,recognition,2,1,1.0,,1.0,0.5,,0.0,0.5,True
corpus_original__agent_memory__learning__unrelated__stage_a_reference__balanced,corpus_original,agent_memory,learning,unrelated,stage_a_reference,balanced,2,1,1.0,,1.0,0.5,,0.0,0.5,True
corpus_original__agent_memory__learning__unrelated__stage_a_reference__novelty,corpus_original,agent_memory,learning,unrelated,stage_a_reference,novelty,2,1,1.0,,1.0,0.5,,0.0,0.5,True
corpus_original__agent_memory__learning__unrelated__stage_a_reference__recognition,corpus_original,agent_memory,learning,unrelated,stage_a_reference,recognition,2,1,1.0,,1.0,0.5,,0.0,0.5,True
corpus_original__agent_memory__learning__unrelated__stage_a_supplement__balanced,corpus_original,agent_memory,learning,unrelated,stage_a_supplement,balanced,2,1,1.0,,1.0,0.5,,0.0,0.5,True
corpus_original__agent_memory__learning__unrelated__stage_a_supplement__novelty,corpus_original,agent_memory,learning,unrelated,stage_a_supplement,novelty,2,1,1.0,,1.0,0.5,,0.0,0.5,True
corpus_original__agent_memory__learning__unrelated__stage_a_supplement__recognition,corpus_original,agent_memory,learning,unrelated,stage_a_supplement,recognition,2,1,1.0,,1.0,0.5,,0.0,0.5,True
corpus_original__agent_memory__science__empty__stage_a_reference__balanced,corpus_original,agent_memory,science,empty,stage_a_reference,balanced,2,1,1.0,,1.0,0.5,,0.0,0.5,True
corpus_original__agent_memory__science__empty__stage_a_reference__novelty,corpus_original,agent_memory,science,empty,stage_a_reference,novelty,2,1,1.0,,1.0,0.5,,0.0,0.5,True
corpus_original__agent_memory__science__empty__stage_a_reference__recognition,corpus_original,agent_memory,science,empty,stage_a_reference,recognition,2,1,1.0,,1.0,0.5,,0.0,0.5,True
corpus_original__agent_memory__science__empty__stage_a_supplement__balanced,corpus_original,agent_memory,science,empty,stage_a_supplement,balanced,2,1,1.0,,1.0,0.5,,0.0,0.5,True
corpus_original__agent_memory__science__empty__stage_a_supplement__novelty,corpus_original,agent_memory,science,empty,stage_a_supplement,novelty,2,1,1.0,,1.0,0.5,,0.0,0.5,True
corpus_original__agent_memory__science__empty__stage_a_supplement__recognition,corpus_original,agent_memory,science,empty,stage_a_supplement,recognition,2,1,1.0,,1.0,0.5,,0.0,0.5,True
corpus_original__agent_memory__science__related__stage_a_reference__balanced,corpus_original,agent_memory,science,related,stage_a_reference,balanced,2,1,1.0,,1.0,0.5,,0.0,0.5,True
corpus_original__agent_memory__science__related__stage_a_reference__novelty,corpus_original,agent_memory,science,related,stage_a_reference,novelty,2,1,1.0,,1.0,0.5,,0.0,0.5,True
corpus_original__agent_memory__science__related__stage_a_reference__recognition,corpus_original,agent_memory,science,related,stage_a_reference,recognition,2,1,1.0,,1.0,0.5,,0.0,0.5,True
corpus_original__agent_memory__science__related__stage_a_supplement__balanced,corpus_original,agent_memory,science,related,stage_a_supplement,balanced,2,1,1.0,,1.0,0.5,,0.0,0.5,True
corpus_original__agent_memory__science__related__stage_a_supplement__novelty,corpus_original,agent_memory,science,related,stage_a_supplement,novelty,2,1,1.0,,1.0,0.5,,0.0,0.5,True
corpus_original__agent_memory__science__related__stage_a_supplement__recognition,corpus_original,agent_memory,science,related,stage_a_supplement,recognition,2,1,1.0,,1.0,0.5,,0.0,0.5,True
corpus_original__agent_memory__science__unrelated__stage_a_reference__balanced,corpus_original,agent_memory,science,unrelated,stage_a_reference,balanced,2,1,1.0,,1.0,0.5,,0.0,0.5,True
corpus_original__agent_memory__science__unrelated__stage_a_reference__novelty,corpus_original,agent_memory,science,unrelated,stage_a_reference,novelty,2,1,1.0,,1.0,0.5,,0.0,0.5,True
corpus_original__agent_memory__science__unrelated__stage_a_reference__recognition,corpus_original,agent_memory,science,unrelated,stage_a_reference,recognition,2,1,1.0,,1.0,0.5,,0.0,0.5,True
corpus_original__agent_memory__science__unrelated__stage_a_supplement__balanced,corpus_original,agent_memory,science,unrelated,stage_a_supplement,balanced,2,1,1.0,,1.0,0.5,,0.0,0.5,True
corpus_original__agent_memory__science__unrelated__stage_a_supplement__novelty,corpus_original,agent_memory,science,unrelated,stage_a_supplement,novelty,2,1,1.0,,1.0,0.5,,0.0,0.5,True
corpus_original__agent_memory__science__unrelated__stage_a_supplement__recognition,corpus_original,agent_memory,science,unrelated,stage_a_supplement,recognition,2,1,1.0,,1.0,0.5,,0.0,0.5,True
corpus_original__agent_planning__agents__empty__stage_a_reference__balanced,corpus_original,agent_planning,agents,empty,stage_a_reference,balanced,1,1,1.0,,1.0,1.0,,0.0,1.0,True
corpus_original__agent_planning__agents__empty__stage_a_reference__novelty,corpus_original,agent_planning,agents,empty,stage_a_reference,novelty,1,1,1.0,,1.0,1.0,,0.0,1.0,True
corpus_original__agent_planning__agents__empty__stage_a_reference__recognition,corpus_original,agent_planning,agents,empty,stage_a_reference,recognition,1,1,1.0,,1.0,1.0,,0.0,1.0,True
corpus_original__agent_planning__agents__empty__stage_a_supplement__balanced,corpus_original,agent_planning,agents,empty,stage_a_supplement,balanced,1,1,1.0,,1.0,1.0,,0.0,1.0,True
corpus_original__agent_planning__agents__empty__stage_a_supplement__novelty,corpus_original,agent_planning,agents,empty,stage_a_supplement,novelty,1,1,1.0,,1.0,1.0,,0.0,1.0,True
corpus_original__agent_planning__agents__empty__stage_a_supplement__recognition,corpus_original,agent_planning,agents,empty,stage_a_supplement,recognition,1,1,1.0,,1.0,1.0,,0.0,1.0,True
corpus_original__agent_planning__agents__related__stage_a_reference__balanced,corpus_original,agent_planning,agents,related,stage_a_reference,balanced,1,1,1.0,,1.0,1.0,,0.0,1.0,True
corpus_original__agent_planning__agents__related__stage_a_reference__novelty,corpus_original,agent_planning,agents,related,stage_a_reference,novelty,1,1,1.0,,1.0,1.0,,0.0,1.0,True
corpus_original__agent_planning__agents__related__stage_a_reference__recognition,corpus_original,agent_planning,agents,related,stage_a_reference,recognition,1,1,1.0,,1.0,1.0,,0.0,1.0,True
corpus_original__agent_planning__agents__related__stage_a_supplement__balanced,corpus_original,agent_planning,agents,related,stage_a_supplement,balanced,1,1,1.0,,1.0,1.0,,0.0,1.0,True
corpus_original__agent_planning__agents__related__stage_a_supplement__novelty,corpus_original,agent_planning,agents,related,stage_a_supplement,novelty,1,1,1.0,,1.0,1.0,,0.0,1.0,True
corpus_original__agent_planning__agents__related__stage_a_supplement__recognition,corpus_original,agent_planning,agents,related,stage_a_supplement,recognition,1,1,1.0,,1.0,1.0,,0.0,1.0,True
corpus_original__agent_planning__agents__unrelated__stage_a_reference__balanced,corpus_original,agent_planning,agents,unrelated,stage_a_reference,balanced,1,1,1.0,,1.0,1.0,,0.0,1.0,True
corpus_original__agent_planning__agents__unrelated__stage_a_reference__novelty,corpus_original,agent_planning,agents,unrelated,stage_a_reference,novelty,1,1,1.0,,1.0,1.0,,0.0,1.0,True
corpus_original__agent_planning__agents__unrelated__stage_a_reference__recognition,corpus_original,agent_planning,agents,unrelated,stage_a_reference,recognition,1,1,1.0,,1.0,1.0,,0.0,1.0,True
corpus_original__agent_planning__agents__unrelated__stage_a_supplement__balanced,corpus_original,agent_planning,agents,unrelated,stage_a_supplement,balanced,1,1,1.0,,1.0,1.0,,0.0,1.0,True
corpus_original__agent_planning__agents__unrelated__stage_a_supplement__novelty,corpus_original,agent_planning,agents,unrelated,stage_a_supplement,novelty,1,1,1.0,,1.0,1.0,,0.0,1.0,True
corpus_original__agent_planning__agents__unrelated__stage_a_supplement__recognition,corpus_original,agent_planning,agents,unrelated,stage_a_supplement,recognition,1,1,1.0,,1.0,1.0,,0.0,1.0,True
corpus_original__agent_planning__learning__empty__stage_a_reference__balanced,corpus_original,agent_planning,learning,empty,stage_a_reference,balanced,1,1,1.0,,1.0,1.0,,0.0,1.0,True
corpus_original__agent_planning__learning__empty__stage_a_reference__novelty,corpus_original,agent_planning,learning,empty,stage_a_reference,novelty,1,1,1.0,,1.0,1.0,,0.0,1.0,True
corpus_original__agent_planning__learning__empty__stage_a_reference__recognition,corpus_original,agent_planning,learning,empty,stage_a_reference,recognition,1,1,1.0,,1.0,1.0,,0.0,1.0,True
corpus_original__agent_planning__learning__empty__stage_a_supplement__balanced,corpus_original,agent_planning,learning,empty,stage_a_supplement,balanced,1,1,1.0,,1.0,1.0,,0.0,1.0,True
corpus_original__agent_planning__learning__empty__stage_a_supplement__novelty,corpus_original,agent_planning,learning,empty,stage_a_supplement,novelty,1,1,1.0,,1.0,1.0,,0.0,1.0,True
corpus_original__agent_planning__learning__empty__stage_a_supplement__recognition,corpus_original,agent_planning,learning,empty,stage_a_supplement,recognition,1,1,1.0,,1.0,1.0,,0.0,1.0,True
corpus_original__agent_planning__learning__related__stage_a_reference__balanced,corpus_original,agent_planning,learning,related,stage_a_reference,balanced,1,1,1.0,,1.0,1.0,,0.0,1.0,True
corpus_original__agent_planning__learning__related__stage_a_reference__novelty,corpus_original,agent_planning,learning,related,stage_a_reference,novelty,1,1,1.0,,1.0,1.0,,0.0,1.0,True
corpus_original__agent_planning__learning__related__stage_a_reference__recognition,corpus_original,agent_planning,learning,related,stage_a_reference,recognition,1,1,1.0,,1.0,1.0,,0.0,1.0,True
corpus_original__agent_planning__learning__related__stage_a_supplement__balanced,corpus_original,agent_planning,learning,related,stage_a_supplement,balanced,1,1,1.0,,1.0,1.0,,0.0,1.0,True
corpus_original__agent_planning__learning__related__stage_a_supplement__novelty,corpus_original,agent_planning,learning,related,stage_a_supplement,novelty,1,1,1.0,,1.0,1.0,,0.0,1.0,True
corpus_original__agent_planning__learning__related__stage_a_supplement__recognition,corpus_original,agent_planning,learning,related,stage_a_supplement,recognition,1,1,1.0,,1.0,1.0,,0.0,1.0,True
corpus_original__agent_planning__learning__unrelated__stage_a_reference__balanced,corpus_original,agent_planning,learning,unrelated,stage_a_reference,balanced,1,1,1.0,,1.0,1.0,,0.0,1.0,True
corpus_original__agent_planning__learning__unrelated__stage_a_reference__novelty,corpus_original,agent_planning,learning,unrelated,stage_a_reference,novelty,1,1,1.0,,1.0,1.0,,0.0,1.0,True
corpus_original__agent_planning__learning__unrelated__stage_a_reference__recognition,corpus_original,agent_planning,learning,unrelated,stage_a_reference,recognition,1,1,1.0,,1.0,1.0,,0.0,1.0,True
corpus_original__agent_planning__learning__unrelated__stage_a_supplement__balanced,corpus_original,agent_planning,learning,unrelated,stage_a_supplement,balanced,1,1,1.0,,1.0,1.0,,0.0,1.0,True
corpus_original__agent_planning__learning__unrelated__stage_a_supplement__novelty,corpus_original,agent_planning,learning,unrelated,stage_a_supplement,novelty,1,1,1.0,,1.0,1.0,,0.0,1.0,True
corpus_original__agent_planning__learning__unrelated__stage_a_supplement__recognition,corpus_original,agent_planning,learning,unrelated,stage_a_supplement,recognition,1,1,1.0,,1.0,1.0,,0.0,1.0,True
corpus_original__agent_planning__science__empty__stage_a_reference__balanced,corpus_original,agent_planning,science,empty,stage_a_reference,balanced,1,1,1.0,,1.0,1.0,,0.0,1.0,True
corpus_original__agent_planning__science__empty__stage_a_reference__novelty,corpus_original,agent_planning,science,empty,stage_a_reference,novelty,1,1,1.0,,1.0,1.0,,0.0,1.0,True
corpus_original__agent_planning__science__empty__stage_a_reference__recognition,corpus_original,agent_planning,science,empty,stage_a_reference,recognition,1,1,1.0,,1.0,1.0,,0.0,1.0,True
corpus_original__agent_planning__science__empty__stage_a_supplement__balanced,corpus_original,agent_planning,science,empty,stage_a_supplement,balanced,1,1,1.0,,1.0,1.0,,0.0,1.0,True
corpus_original__agent_planning__science__empty__stage_a_supplement__novelty,corpus_original,agent_planning,science,empty,stage_a_supplement,novelty,1,1,1.0,,1.0,1.0,,0.0,1.0,True
corpus_original__agent_planning__science__empty__stage_a_supplement__recognition,corpus_original,agent_planning,science,empty,stage_a_supplement,recognition,1,1,1.0,,1.0,1.0,,0.0,1.0,True
corpus_original__agent_planning__science__related__stage_a_reference__balanced,corpus_original,agent_planning,science,related,stage_a_reference,balanced,1,1,1.0,,1.0,1.0,,0.0,1.0,True
corpus_original__agent_planning__science__related__stage_a_reference__novelty,corpus_original,agent_planning,science,related,stage_a_reference,novelty,1,1,1.0,,1.0,1.0,,0.0,1.0,True
corpus_original__agent_planning__science__related__stage_a_reference__recognition,corpus_original,agent_planning,science,related,stage_a_reference,recognition,1,1,1.0,,1.0,1.0,,0.0,1.0,True
corpus_original__agent_planning__science__related__stage_a_supplement__balanced,corpus_original,agent_planning,science,related,stage_a_supplement,balanced,1,1,1.0,,1.0,1.0,,0.0,1.0,True
corpus_original__agent_planning__science__related__stage_a_supplement__novelty,corpus_original,agent_planning,science,related,stage_a_supplement,novelty,1,1,1.0,,1.0,1.0,,0.0,1.0,True
corpus_original__agent_planning__science__related__stage_a_supplement__recognition,corpus_original,agent_planning,science,related,stage_a_supplement,recognition,1,1,1.0,,1.0,1.0,,0.0,1.0,True
corpus_original__agent_planning__science__unrelated__stage_a_reference__balanced,corpus_original,agent_planning,science,unrelated,stage_a_reference,balanced,1,1,1.0,,1.0,1.0,,0.0,1.0,True
corpus_original__agent_planning__science__unrelated__stage_a_reference__novelty,corpus_original,agent_planning,science,unrelated,stage_a_reference,novelty,1,1,1.0,,1.0,1.0,,0.0,1.0,True
corpus_original__agent_planning__science__unrelated__stage_a_reference__recognition,corpus_original,agent_planning,science,unrelated,stage_a_reference,recognition,1,1,1.0,,1.0,1.0,,0.0,1.0,True
corpus_original__agent_planning__science__unrelated__stage_a_supplement__balanced,corpus_original,agent_planning,science,unrelated,stage_a_supplement,balanced,1,1,1.0,,1.0,1.0,,0.0,1.0,True
corpus_original__agent_planning__science__unrelated__stage_a_supplement__novelty,corpus_original,agent_planning,science,unrelated,stage_a_supplement,novelty,1,1,1.0,,1.0,1.0,,0.0,1.0,True
corpus_original__agent_planning__science__unrelated__stage_a_supplement__recognition,corpus_original,agent_planning,science,unrelated,stage_a_supplement,recognition,1,1,1.0,,1.0,1.0,,0.0,1.0,True
corpus_original__agent_tools__agents__empty__stage_a_reference__balanced,corpus_original,agent_tools,agents,empty,stage_a_reference,balanced,1,1,1.0,,1.0,1.0,,0.0,1.0,True
corpus_original__agent_tools__agents__empty__stage_a_reference__novelty,corpus_original,agent_tools,agents,empty,stage_a_reference,novelty,1,1,1.0,,1.0,1.0,,0.0,1.0,True
corpus_original__agent_tools__agents__empty__stage_a_reference__recognition,corpus_original,agent_tools,agents,empty,stage_a_reference,recognition,1,1,1.0,,1.0,1.0,,0.0,1.0,True
corpus_original__agent_tools__agents__empty__stage_a_supplement__balanced,corpus_original,agent_tools,agents,empty,stage_a_supplement,balanced,1,1,1.0,,1.0,1.0,,0.0,1.0,True
corpus_original__agent_tools__agents__empty__stage_a_supplement__novelty,corpus_original,agent_tools,agents,empty,stage_a_supplement,novelty,1,1,1.0,,1.0,1.0,,0.0,1.0,True
corpus_original__agent_tools__agents__empty__stage_a_supplement__recognition,corpus_original,agent_tools,agents,empty,stage_a_supplement,recognition,1,1,1.0,,1.0,1.0,,0.0,1.0,True
corpus_original__agent_tools__agents__related__stage_a_reference__balanced,corpus_original,agent_tools,agents,related,stage_a_reference,balanced,1,1,1.0,,1.0,1.0,,0.0,1.0,True
corpus_original__agent_tools__agents__related__stage_a_reference__novelty,corpus_original,agent_tools,agents,related,stage_a_reference,novelty,1,1,1.0,,1.0,1.0,,0.0,1.0,True
corpus_original__agent_tools__agents__related__stage_a_reference__recognition,corpus_original,agent_tools,agents,related,stage_a_reference,recognition,1,1,1.0,,1.0,1.0,,0.0,1.0,True
corpus_original__agent_tools__agents__related__stage_a_supplement__balanced,corpus_original,agent_tools,agents,related,stage_a_supplement,balanced,1,1,1.0,,1.0,1.0,,0.0,1.0,True
corpus_original__agent_tools__agents__related__stage_a_supplement__novelty,corpus_original,agent_tools,agents,related,stage_a_supplement,novelty,1,1,1.0,,1.0,1.0,,0.0,1.0,True
corpus_original__agent_tools__agents__related__stage_a_supplement__recognition,corpus_original,agent_tools,agents,related,stage_a_supplement,recognition,1,1,1.0,,1.0,1.0,,0.0,1.0,True
corpus_original__agent_tools__agents__unrelated__stage_a_reference__balanced,corpus_original,agent_tools,agents,unrelated,stage_a_reference,balanced,1,1,1.0,,1.0,1.0,,0.0,1.0,True
corpus_original__agent_tools__agents__unrelated__stage_a_reference__novelty,corpus_original,agent_tools,agents,unrelated,stage_a_reference,novelty,1,1,1.0,,1.0,1.0,,0.0,1.0,True
corpus_original__agent_tools__agents__unrelated__stage_a_reference__recognition,corpus_original,agent_tools,agents,unrelated,stage_a_reference,recognition,1,1,1.0,,1.0,1.0,,0.0,1.0,True
corpus_original__agent_tools__agents__unrelated__stage_a_supplement__balanced,corpus_original,agent_tools,agents,unrelated,stage_a_supplement,balanced,1,1,1.0,,1.0,1.0,,0.0,1.0,True
corpus_original__agent_tools__agents__unrelated__stage_a_supplement__novelty,corpus_original,agent_tools,agents,unrelated,stage_a_supplement,novelty,1,1,1.0,,1.0,1.0,,0.0,1.0,True
corpus_original__agent_tools__agents__unrelated__stage_a_supplement__recognition,corpus_original,agent_tools,agents,unrelated,stage_a_supplement,recognition,1,1,1.0,,1.0,1.0,,0.0,1.0,True
corpus_original__agent_tools__learning__empty__stage_a_reference__balanced,corpus_original,agent_tools,learning,empty,stage_a_reference,balanced,1,1,1.0,,1.0,1.0,,0.0,1.0,True
corpus_original__agent_tools__learning__empty__stage_a_reference__novelty,corpus_original,agent_tools,learning,empty,stage_a_reference,novelty,1,1,1.0,,1.0,1.0,,0.0,1.0,True
corpus_original__agent_tools__learning__empty__stage_a_reference__recognition,corpus_original,agent_tools,learning,empty,stage_a_reference,recognition,1,1,1.0,,1.0,1.0,,0.0,1.0,True
corpus_original__agent_tools__learning__empty__stage_a_supplement__balanced,corpus_original,agent_tools,learning,empty,stage_a_supplement,balanced,1,1,1.0,,1.0,1.0,,0.0,1.0,True
corpus_original__agent_tools__learning__empty__stage_a_supplement__novelty,corpus_original,agent_tools,learning,empty,stage_a_supplement,novelty,1,1,1.0,,1.0,1.0,,0.0,1.0,True
corpus_original__agent_tools__learning__empty__stage_a_supplement__recognition,corpus_original,agent_tools,learning,empty,stage_a_supplement,recognition,1,1,1.0,,1.0,1.0,,0.0,1.0,True
corpus_original__agent_tools__learning__related__stage_a_reference__balanced,corpus_original,agent_tools,learning,related,stage_a_reference,balanced,1,1,1.0,,1.0,1.0,,0.0,1.0,True
corpus_original__agent_tools__learning__related__stage_a_reference__novelty,corpus_original,agent_tools,learning,related,stage_a_reference,novelty,1,1,1.0,,1.0,1.0,,0.0,1.0,True
corpus_original__agent_tools__learning__related__stage_a_reference__recognition,corpus_original,agent_tools,learning,related,stage_a_reference,recognition,1,1,1.0,,1.0,1.0,,0.0,1.0,True
corpus_original__agent_tools__learning__related__stage_a_supplement__balanced,corpus_original,agent_tools,learning,related,stage_a_supplement,balanced,1,1,1.0,,1.0,1.0,,0.0,1.0,True
corpus_original__agent_tools__learning__related__stage_a_supplement__novelty,corpus_original,agent_tools,learning,related,stage_a_supplement,novelty,1,1,1.0,,1.0,1.0,,0.0,1.0,True
corpus_original__agent_tools__learning__related__stage_a_supplement__recognition,corpus_original,agent_tools,learning,related,stage_a_supplement,recognition,1,1,1.0,,1.0,1.0,,0.0,1.0,True
corpus_original__agent_tools__learning__unrelated__stage_a_reference__balanced,corpus_original,agent_tools,learning,unrelated,stage_a_reference,balanced,1,1,1.0,,1.0,1.0,,0.0,1.0,True
corpus_original__agent_tools__learning__unrelated__stage_a_reference__novelty,corpus_original,agent_tools,learning,unrelated,stage_a_reference,novelty,1,1,1.0,,1.0,1.0,,0.0,1.0,True
corpus_original__agent_tools__learning__unrelated__stage_a_reference__recognition,corpus_original,agent_tools,learning,unrelated,stage_a_reference,recognition,1,1,1.0,,1.0,1.0,,0.0,1.0,True
corpus_original__agent_tools__learning__unrelated__stage_a_supplement__balanced,corpus_original,agent_tools,learning,unrelated,stage_a_supplement,balanced,1,1,1.0,,1.0,1.0,,0.0,1.0,True
corpus_original__agent_tools__learning__unrelated__stage_a_supplement__novelty,corpus_original,agent_tools,learning,unrelated,stage_a_supplement,novelty,1,1,1.0,,1.0,1.0,,0.0,1.0,True
corpus_original__agent_tools__learning__unrelated__stage_a_supplement__recognition,corpus_original,agent_tools,learning,unrelated,stage_a_supplement,recognition,1,1,1.0,,1.0,1.0,,0.0,1.0,True
corpus_original__agent_tools__science__empty__stage_a_reference__balanced,corpus_original,agent_tools,science,empty,stage_a_reference,balanced,1,1,1.0,,1.0,1.0,,0.0,1.0,True
corpus_original__agent_tools__science__empty__stage_a_reference__novelty,corpus_original,agent_tools,science,empty,stage_a_reference,novelty,1,1,1.0,,1.0,1.0,,0.0,1.0,True
corpus_original__agent_tools__science__empty__stage_a_reference__recognition,corpus_original,agent_tools,science,empty,stage_a_reference,recognition,1,1,1.0,,1.0,1.0,,0.0,1.0,True
corpus_original__agent_tools__science__empty__stage_a_supplement__balanced,corpus_original,agent_tools,science,empty,stage_a_supplement,balanced,1,1,1.0,,1.0,1.0,,0.0,1.0,True
corpus_original__agent_tools__science__empty__stage_a_supplement__novelty,corpus_original,agent_tools,science,empty,stage_a_supplement,novelty,1,1,1.0,,1.0,1.0,,0.0,1.0,True
corpus_original__agent_tools__science__empty__stage_a_supplement__recognition,corpus_original,agent_tools,science,empty,stage_a_supplement,recognition,1,1,1.0,,1.0,1.0,,0.0,1.0,True
corpus_original__agent_tools__science__related__stage_a_reference__balanced,corpus_original,agent_tools,science,related,stage_a_reference,balanced,1,1,1.0,,1.0,1.0,,0.0,1.0,True
corpus_original__agent_tools__science__related__stage_a_reference__novelty,corpus_original,agent_tools,science,related,stage_a_reference,novelty,1,1,1.0,,1.0,1.0,,0.0,1.0,True
corpus_original__agent_tools__science__related__stage_a_reference__recognition,corpus_original,agent_tools,science,related,stage_a_reference,recognition,1,1,1.0,,1.0,1.0,,0.0,1.0,True
corpus_original__agent_tools__science__related__stage_a_supplement__balanced,corpus_original,agent_tools,science,related,stage_a_supplement,balanced,1,1,1.0,,1.0,1.0,,0.0,1.0,True
corpus_original__agent_tools__science__related__stage_a_supplement__novelty,corpus_original,agent_tools,science,related,stage_a_supplement,novelty,1,1,1.0,,1.0,1.0,,0.0,1.0,True
corpus_original__agent_tools__science__related__stage_a_supplement__recognition,corpus_original,agent_tools,science,related,stage_a_supplement,recognition,1,1,1.0,,1.0,1.0,,0.0,1.0,True
corpus_original__agent_tools__science__unrelated__stage_a_reference__balanced,corpus_original,agent_tools,science,unrelated,stage_a_reference,balanced,1,1,1.0,,1.0,1.0,,0.0,1.0,True
corpus_original__agent_tools__science__unrelated__stage_a_reference__novelty,corpus_original,agent_tools,science,unrelated,stage_a_reference,novelty,1,1,1.0,,1.0,1.0,,0.0,1.0,True
corpus_original__agent_tools__science__unrelated__stage_a_reference__recognition,corpus_original,agent_tools,science,unrelated,stage_a_reference,recognition,1,1,1.0,,1.0,1.0,,0.0,1.0,True
corpus_original__agent_tools__science__unrelated__stage_a_supplement__balanced,corpus_original,agent_tools,science,unrelated,stage_a_supplement,balanced,1,1,1.0,,1.0,1.0,,0.0,1.0,True
corpus_original__agent_tools__science__unrelated__stage_a_supplement__novelty,corpus_original,agent_tools,science,unrelated,stage_a_supplement,novelty,1,1,1.0,,1.0,1.0,,0.0,1.0,True
corpus_original__agent_tools__science__unrelated__stage_a_supplement__recognition,corpus_original,agent_tools,science,unrelated,stage_a_supplement,recognition,1,1,1.0,,1.0,1.0,,0.0,1.0,True
corpus_original__learning_exploration__agents__empty__stage_a_reference__balanced,corpus_original,learning_exploration,agents,empty,stage_a_reference,balanced,1,1,1.0,,1.0,1.0,,0.0,1.0,True
corpus_original__learning_exploration__agents__empty__stage_a_reference__novelty,corpus_original,learning_exploration,agents,empty,stage_a_reference,novelty,1,1,1.0,,1.0,1.0,,0.0,1.0,True
corpus_original__learning_exploration__agents__empty__stage_a_reference__recognition,corpus_original,learning_exploration,agents,empty,stage_a_reference,recognition,1,1,1.0,,1.0,1.0,,0.0,1.0,True
corpus_original__learning_exploration__agents__empty__stage_a_supplement__balanced,corpus_original,learning_exploration,agents,empty,stage_a_supplement,balanced,1,1,1.0,,1.0,1.0,,0.0,1.0,True
corpus_original__learning_exploration__agents__empty__stage_a_supplement__novelty,corpus_original,learning_exploration,agents,empty,stage_a_supplement,novelty,1,1,1.0,,1.0,1.0,,0.0,1.0,True
corpus_original__learning_exploration__agents__empty__stage_a_supplement__recognition,corpus_original,learning_exploration,agents,empty,stage_a_supplement,recognition,1,1,1.0,,1.0,1.0,,0.0,1.0,True
corpus_original__learning_exploration__agents__related__stage_a_reference__balanced,corpus_original,learning_exploration,agents,related,stage_a_reference,balanced,1,1,1.0,,1.0,1.0,,0.0,1.0,True
corpus_original__learning_exploration__agents__related__stage_a_reference__novelty,corpus_original,learning_exploration,agents,related,stage_a_reference,novelty,1,1,1.0,,1.0,1.0,,0.0,1.0,True
corpus_original__learning_exploration__agents__related__stage_a_reference__recognition,corpus_original,learning_exploration,agents,related,stage_a_reference,recognition,1,1,1.0,,1.0,1.0,,0.0,1.0,True
corpus_original__learning_exploration__agents__related__stage_a_supplement__balanced,corpus_original,learning_exploration,agents,related,stage_a_supplement,balanced,1,1,1.0,,1.0,1.0,,0.0,1.0,True
corpus_original__learning_exploration__agents__related__stage_a_supplement__novelty,corpus_original,learning_exploration,agents,related,stage_a_supplement,novelty,1,1,1.0,,1.0,1.0,,0.0,1.0,True
corpus_original__learning_exploration__agents__related__stage_a_supplement__recognition,corpus_original,learning_exploration,agents,related,stage_a_supplement,recognition,1,1,1.0,,1.0,1.0,,0.0,1.0,True
corpus_original__learning_exploration__agents__unrelated__stage_a_reference__balanced,corpus_original,learning_exploration,agents,unrelated,stage_a_reference,balanced,1,1,1.0,,1.0,1.0,,0.0,1.0,True
corpus_original__learning_exploration__agents__unrelated__stage_a_reference__novelty,corpus_original,learning_exploration,agents,unrelated,stage_a_reference,novelty,1,1,1.0,,1.0,1.0,,0.0,1.0,True
corpus_original__learning_exploration__agents__unrelated__stage_a_reference__recognition,corpus_original,learning_exploration,agents,unrelated,stage_a_reference,recognition,1,1,1.0,,1.0,1.0,,0.0,1.0,True
corpus_original__learning_exploration__agents__unrelated__stage_a_supplement__balanced,corpus_original,learning_exploration,agents,unrelated,stage_a_supplement,balanced,1,1,1.0,,1.0,1.0,,0.0,1.0,True
corpus_original__learning_exploration__agents__unrelated__stage_a_supplement__novelty,corpus_original,learning_exploration,agents,unrelated,stage_a_supplement,novelty,1,1,1.0,,1.0,1.0,,0.0,1.0,True
corpus_original__learning_exploration__agents__unrelated__stage_a_supplement__recognition,corpus_original,learning_exploration,agents,unrelated,stage_a_supplement,recognition,1,1,1.0,,1.0,1.0,,0.0,1.0,True
corpus_original__learning_exploration__learning__empty__stage_a_reference__balanced,corpus_original,learning_exploration,learning,empty,stage_a_reference,balanced,1,1,1.0,,1.0,1.0,,0.0,1.0,True
corpus_original__learning_exploration__learning__empty__stage_a_reference__novelty,corpus_original,learning_exploration,learning,empty,stage_a_reference,novelty,1,1,1.0,,1.0,1.0,,0.0,1.0,True
corpus_original__learning_exploration__learning__empty__stage_a_reference__recognition,corpus_original,learning_exploration,learning,empty,stage_a_reference,recognition,1,1,1.0,,1.0,1.0,,0.0,1.0,True
corpus_original__learning_exploration__learning__empty__stage_a_supplement__balanced,corpus_original,learning_exploration,learning,empty,stage_a_supplement,balanced,1,1,1.0,,1.0,1.0,,0.0,1.0,True
corpus_original__learning_exploration__learning__empty__stage_a_supplement__novelty,corpus_original,learning_exploration,learning,empty,stage_a_supplement,novelty,1,1,1.0,,1.0,1.0,,0.0,1.0,True
corpus_original__learning_exploration__learning__empty__stage_a_supplement__recognition,corpus_original,learning_exploration,learning,empty,stage_a_supplement,recognition,1,1,1.0,,1.0,1.0,,0.0,1.0,True
corpus_original__learning_exploration__learning__related__stage_a_reference__balanced,corpus_original,learning_exploration,learning,related,stage_a_reference,balanced,1,1,1.0,,1.0,1.0,,0.0,1.0,True
corpus_original__learning_exploration__learning__related__stage_a_reference__novelty,corpus_original,learning_exploration,learning,related,stage_a_reference,novelty,1,1,1.0,,1.0,1.0,,0.0,1.0,True
corpus_original__learning_exploration__learning__related__stage_a_reference__recognition,corpus_original,learning_exploration,learning,related,stage_a_reference,recognition,1,1,1.0,,1.0,1.0,,0.0,1.0,True
corpus_original__learning_exploration__learning__related__stage_a_supplement__balanced,corpus_original,learning_exploration,learning,related,stage_a_supplement,balanced,1,1,1.0,,1.0,1.0,,0.0,1.0,True
corpus_original__learning_exploration__learning__related__stage_a_supplement__novelty,corpus_original,learning_exploration,learning,related,stage_a_supplement,novelty,1,1,1.0,,1.0,1.0,,0.0,1.0,True
corpus_original__learning_exploration__learning__related__stage_a_supplement__recognition,corpus_original,learning_exploration,learning,related,stage_a_supplement,recognition,1,1,1.0,,1.0,1.0,,0.0,1.0,True
corpus_original__learning_exploration__learning__unrelated__stage_a_reference__balanced,corpus_original,learning_exploration,learning,unrelated,stage_a_reference,balanced,1,1,1.0,,1.0,1.0,,0.0,1.0,True
corpus_original__learning_exploration__learning__unrelated__stage_a_reference__novelty,corpus_original,learning_exploration,learning,unrelated,stage_a_reference,novelty,1,1,1.0,,1.0,1.0,,0.0,1.0,True
corpus_original__learning_exploration__learning__unrelated__stage_a_reference__recognition,corpus_original,learning_exploration,learning,unrelated,stage_a_reference,recognition,1,1,1.0,,1.0,1.0,,0.0,1.0,True
corpus_original__learning_exploration__learning__unrelated__stage_a_supplement__balanced,corpus_original,learning_exploration,learning,unrelated,stage_a_supplement,balanced,1,1,1.0,,1.0,1.0,,0.0,1.0,True
corpus_original__learning_exploration__learning__unrelated__stage_a_supplement__novelty,corpus_original,learning_exploration,learning,unrelated,stage_a_supplement,novelty,1,1,1.0,,1.0,1.0,,0.0,1.0,True
corpus_original__learning_exploration__learning__unrelated__stage_a_supplement__recognition,corpus_original,learning_exploration,learning,unrelated,stage_a_supplement,recognition,1,1,1.0,,1.0,1.0,,0.0,1.0,True
corpus_original__learning_exploration__science__empty__stage_a_reference__balanced,corpus_original,learning_exploration,science,empty,stage_a_reference,balanced,1,1,1.0,,1.0,1.0,,0.0,1.0,True
corpus_original__learning_exploration__science__empty__stage_a_reference__novelty,corpus_original,learning_exploration,science,empty,stage_a_reference,novelty,1,1,1.0,,1.0,1.0,,0.0,1.0,True
corpus_original__learning_exploration__science__empty__stage_a_reference__recognition,corpus_original,learning_exploration,science,empty,stage_a_reference,recognition,1,1,1.0,,1.0,1.0,,0.0,1.0,True
corpus_original__learning_exploration__science__empty__stage_a_supplement__balanced,corpus_original,learning_exploration,science,empty,stage_a_supplement,balanced,1,1,1.0,,1.0,1.0,,0.0,1.0,True
corpus_original__learning_exploration__science__empty__stage_a_supplement__novelty,corpus_original,learning_exploration,science,empty,stage_a_supplement,novelty,1,1,1.0,,1.0,1.0,,0.0,1.0,True
corpus_original__learning_exploration__science__empty__stage_a_supplement__recognition,corpus_original,learning_exploration,science,empty,stage_a_supplement,recognition,1,1,1.0,,1.0,1.0,,0.0,1.0,True
corpus_original__learning_exploration__science__related__stage_a_reference__balanced,corpus_original,learning_exploration,science,related,stage_a_reference,balanced,1,1,1.0,,1.0,1.0,,0.0,1.0,True
corpus_original__learning_exploration__science__related__stage_a_reference__novelty,corpus_original,learning_exploration,science,related,stage_a_reference,novelty,1,1,1.0,,1.0,1.0,,0.0,1.0,True
corpus_original__learning_exploration__science__related__stage_a_reference__recognition,corpus_original,learning_exploration,science,related,stage_a_reference,recognition,1,1,1.0,,1.0,1.0,,0.0,1.0,True
corpus_original__learning_exploration__science__related__stage_a_supplement__balanced,corpus_original,learning_exploration,science,related,stage_a_supplement,balanced,1,1,1.0,,1.0,1.0,,0.0,1.0,True
corpus_original__learning_exploration__science__related__stage_a_supplement__novelty,corpus_original,learning_exploration,science,related,stage_a_supplement,novelty,1,1,1.0,,1.0,1.0,,0.0,1.0,True
corpus_original__learning_exploration__science__related__stage_a_supplement__recognition,corpus_original,learning_exploration,science,related,stage_a_supplement,recognition,1,1,1.0,,1.0,1.0,,0.0,1.0,True
corpus_original__learning_exploration__science__unrelated__stage_a_reference__balanced,corpus_original,learning_exploration,science,unrelated,stage_a_reference,balanced,1,1,1.0,,1.0,1.0,,0.0,1.0,True
corpus_original__learning_exploration__science__unrelated__stage_a_reference__novelty,corpus_original,learning_exploration,science,unrelated,stage_a_reference,novelty,1,1,1.0,,1.0,1.0,,0.0,1.0,True
corpus_original__learning_exploration__science__unrelated__stage_a_reference__recognition,corpus_original,learning_exploration,science,unrelated,stage_a_reference,recognition,1,1,1.0,,1.0,1.0,,0.0,1.0,True
corpus_original__learning_exploration__science__unrelated__stage_a_supplement__balanced,corpus_original,learning_exploration,science,unrelated,stage_a_supplement,balanced,1,1,1.0,,1.0,1.0,,0.0,1.0,True
corpus_original__learning_exploration__science__unrelated__stage_a_supplement__novelty,corpus_original,learning_exploration,science,unrelated,stage_a_supplement,novelty,1,1,1.0,,1.0,1.0,,0.0,1.0,True
corpus_original__learning_exploration__science__unrelated__stage_a_supplement__recognition,corpus_original,learning_exploration,science,unrelated,stage_a_supplement,recognition,1,1,1.0,,1.0,1.0,,0.0,1.0,True
corpus_original__learning_graph__agents__empty__stage_a_reference__balanced,corpus_original,learning_graph,agents,empty,stage_a_reference,balanced,1,1,1.0,,1.0,1.0,,0.0,1.0,True
corpus_original__learning_graph__agents__empty__stage_a_reference__novelty,corpus_original,learning_graph,agents,empty,stage_a_reference,novelty,1,1,1.0,,1.0,1.0,,0.0,1.0,True
corpus_original__learning_graph__agents__empty__stage_a_reference__recognition,corpus_original,learning_graph,agents,empty,stage_a_reference,recognition,1,1,1.0,,1.0,1.0,,0.0,1.0,True
corpus_original__learning_graph__agents__empty__stage_a_supplement__balanced,corpus_original,learning_graph,agents,empty,stage_a_supplement,balanced,1,1,1.0,,1.0,1.0,,0.0,1.0,True
corpus_original__learning_graph__agents__empty__stage_a_supplement__novelty,corpus_original,learning_graph,agents,empty,stage_a_supplement,novelty,1,1,1.0,,1.0,1.0,,0.0,1.0,True
corpus_original__learning_graph__agents__empty__stage_a_supplement__recognition,corpus_original,learning_graph,agents,empty,stage_a_supplement,recognition,1,1,1.0,,1.0,1.0,,0.0,1.0,True
corpus_original__learning_graph__agents__related__stage_a_reference__balanced,corpus_original,learning_graph,agents,related,stage_a_reference,balanced,1,1,1.0,,1.0,1.0,,0.0,1.0,True
corpus_original__learning_graph__agents__related__stage_a_reference__novelty,corpus_original,learning_graph,agents,related,stage_a_reference,novelty,1,1,1.0,,1.0,1.0,,0.0,1.0,True
corpus_original__learning_graph__agents__related__stage_a_reference__recognition,corpus_original,learning_graph,agents,related,stage_a_reference,recognition,1,1,1.0,,1.0,1.0,,0.0,1.0,True
corpus_original__learning_graph__agents__related__stage_a_supplement__balanced,corpus_original,learning_graph,agents,related,stage_a_supplement,balanced,1,1,1.0,,1.0,1.0,,0.0,1.0,True
corpus_original__learning_graph__agents__related__stage_a_supplement__novelty,corpus_original,learning_graph,agents,related,stage_a_supplement,novelty,1,1,1.0,,1.0,1.0,,0.0,1.0,True
corpus_original__learning_graph__agents__related__stage_a_supplement__recognition,corpus_original,learning_graph,agents,related,stage_a_supplement,recognition,1,1,1.0,,1.0,1.0,,0.0,1.0,True
corpus_original__learning_graph__agents__unrelated__stage_a_reference__balanced,corpus_original,learning_graph,agents,unrelated,stage_a_reference,balanced,1,1,1.0,,1.0,1.0,,0.0,1.0,True
corpus_original__learning_graph__agents__unrelated__stage_a_reference__novelty,corpus_original,learning_graph,agents,unrelated,stage_a_reference,novelty,1,1,1.0,,1.0,1.0,,0.0,1.0,True
corpus_original__learning_graph__agents__unrelated__stage_a_reference__recognition,corpus_original,learning_graph,agents,unrelated,stage_a_reference,recognition,1,1,1.0,,1.0,1.0,,0.0,1.0,True
corpus_original__learning_graph__agents__unrelated__stage_a_supplement__balanced,corpus_original,learning_graph,agents,unrelated,stage_a_supplement,balanced,1,1,1.0,,1.0,1.0,,0.0,1.0,True
corpus_original__learning_graph__agents__unrelated__stage_a_supplement__novelty,corpus_original,learning_graph,agents,unrelated,stage_a_supplement,novelty,1,1,1.0,,1.0,1.0,,0.0,1.0,True
corpus_original__learning_graph__agents__unrelated__stage_a_supplement__recognition,corpus_original,learning_graph,agents,unrelated,stage_a_supplement,recognition,1,1,1.0,,1.0,1.0,,0.0,1.0,True
corpus_original__learning_graph__learning__empty__stage_a_reference__balanced,corpus_original,learning_graph,learning,empty,stage_a_reference,balanced,1,1,1.0,,1.0,1.0,,0.0,1.0,True
corpus_original__learning_graph__learning__empty__stage_a_reference__novelty,corpus_original,learning_graph,learning,empty,stage_a_reference,novelty,1,1,1.0,,1.0,1.0,,0.0,1.0,True
corpus_original__learning_graph__learning__empty__stage_a_reference__recognition,corpus_original,learning_graph,learning,empty,stage_a_reference,recognition,1,1,1.0,,1.0,1.0,,0.0,1.0,True
corpus_original__learning_graph__learning__empty__stage_a_supplement__balanced,corpus_original,learning_graph,learning,empty,stage_a_supplement,balanced,1,1,1.0,,1.0,1.0,,0.0,1.0,True
corpus_original__learning_graph__learning__empty__stage_a_supplement__novelty,corpus_original,learning_graph,learning,empty,stage_a_supplement,novelty,1,1,1.0,,1.0,1.0,,0.0,1.0,True
corpus_original__learning_graph__learning__empty__stage_a_supplement__recognition,corpus_original,learning_graph,learning,empty,stage_a_supplement,recognition,1,1,1.0,,1.0,1.0,,0.0,1.0,True
corpus_original__learning_graph__learning__related__stage_a_reference__balanced,corpus_original,learning_graph,learning,related,stage_a_reference,balanced,1,1,1.0,,1.0,1.0,,0.0,1.0,True
corpus_original__learning_graph__learning__related__stage_a_reference__novelty,corpus_original,learning_graph,learning,related,stage_a_reference,novelty,1,1,1.0,,1.0,1.0,,0.0,1.0,True
corpus_original__learning_graph__learning__related__stage_a_reference__recognition,corpus_original,learning_graph,learning,related,stage_a_reference,recognition,1,1,1.0,,1.0,1.0,,0.0,1.0,True
corpus_original__learning_graph__learning__related__stage_a_supplement__balanced,corpus_original,learning_graph,learning,related,stage_a_supplement,balanced,1,1,1.0,,1.0,1.0,,0.0,1.0,True
corpus_original__learning_graph__learning__related__stage_a_supplement__novelty,corpus_original,learning_graph,learning,related,stage_a_supplement,novelty,1,1,1.0,,1.0,1.0,,0.0,1.0,True
corpus_original__learning_graph__learning__related__stage_a_supplement__recognition,corpus_original,learning_graph,learning,related,stage_a_supplement,recognition,1,1,1.0,,1.0,1.0,,0.0,1.0,True
corpus_original__learning_graph__learning__unrelated__stage_a_reference__balanced,corpus_original,learning_graph,learning,unrelated,stage_a_reference,balanced,1,1,1.0,,1.0,1.0,,0.0,1.0,True
corpus_original__learning_graph__learning__unrelated__stage_a_reference__novelty,corpus_original,learning_graph,learning,unrelated,stage_a_reference,novelty,1,1,1.0,,1.0,1.0,,0.0,1.0,True
corpus_original__learning_graph__learning__unrelated__stage_a_reference__recognition,corpus_original,learning_graph,learning,unrelated,stage_a_reference,recognition,1,1,1.0,,1.0,1.0,,0.0,1.0,True
corpus_original__learning_graph__learning__unrelated__stage_a_supplement__balanced,corpus_original,learning_graph,learning,unrelated,stage_a_supplement,balanced,1,1,1.0,,1.0,1.0,,0.0,1.0,True
corpus_original__learning_graph__learning__unrelated__stage_a_supplement__novelty,corpus_original,learning_graph,learning,unrelated,stage_a_supplement,novelty,1,1,1.0,,1.0,1.0,,0.0,1.0,True
corpus_original__learning_graph__learning__unrelated__stage_a_supplement__recognition,corpus_original,learning_graph,learning,unrelated,stage_a_supplement,recognition,1,1,1.0,,1.0,1.0,,0.0,1.0,True
corpus_original__learning_graph__science__empty__stage_a_reference__balanced,corpus_original,learning_graph,science,empty,stage_a_reference,balanced,1,1,1.0,,1.0,1.0,,0.0,1.0,True
corpus_original__learning_graph__science__empty__stage_a_reference__novelty,corpus_original,learning_graph,science,empty,stage_a_reference,novelty,1,1,1.0,,1.0,1.0,,0.0,1.0,True
corpus_original__learning_graph__science__empty__stage_a_reference__recognition,corpus_original,learning_graph,science,empty,stage_a_reference,recognition,1,1,1.0,,1.0,1.0,,0.0,1.0,True
corpus_original__learning_graph__science__empty__stage_a_supplement__balanced,corpus_original,learning_graph,science,empty,stage_a_supplement,balanced,1,1,1.0,,1.0,1.0,,0.0,1.0,True
corpus_original__learning_graph__science__empty__stage_a_supplement__novelty,corpus_original,learning_graph,science,empty,stage_a_supplement,novelty,1,1,1.0,,1.0,1.0,,0.0,1.0,True
corpus_original__learning_graph__science__empty__stage_a_supplement__recognition,corpus_original,learning_graph,science,empty,stage_a_supplement,recognition,1,1,1.0,,1.0,1.0,,0.0,1.0,True
corpus_original__learning_graph__science__related__stage_a_reference__balanced,corpus_original,learning_graph,science,related,stage_a_reference,balanced,1,1,1.0,,1.0,1.0,,0.0,1.0,True
corpus_original__learning_graph__science__related__stage_a_reference__novelty,corpus_original,learning_graph,science,related,stage_a_reference,novelty,1,1,1.0,,1.0,1.0,,0.0,1.0,True
corpus_original__learning_graph__science__related__stage_a_reference__recognition,corpus_original,learning_graph,science,related,stage_a_reference,recognition,1,1,1.0,,1.0,1.0,,0.0,1.0,True
corpus_original__learning_graph__science__related__stage_a_supplement__balanced,corpus_original,learning_graph,science,related,stage_a_supplement,balanced,1,1,1.0,,1.0,1.0,,0.0,1.0,True
corpus_original__learning_graph__science__related__stage_a_supplement__novelty,corpus_original,learning_graph,science,related,stage_a_supplement,novelty,1,1,1.0,,1.0,1.0,,0.0,1.0,True
corpus_original__learning_graph__science__related__stage_a_supplement__recognition,corpus_original,learning_graph,science,related,stage_a_supplement,recognition,1,1,1.0,,1.0,1.0,,0.0,1.0,True
corpus_original__learning_graph__science__unrelated__stage_a_reference__balanced,corpus_original,learning_graph,science,unrelated,stage_a_reference,balanced,1,1,1.0,,1.0,1.0,,0.0,1.0,True
corpus_original__learning_graph__science__unrelated__stage_a_reference__novelty,corpus_original,learning_graph,science,unrelated,stage_a_reference,novelty,1,1,1.0,,1.0,1.0,,0.0,1.0,True
corpus_original__learning_graph__science__unrelated__stage_a_reference__recognition,corpus_original,learning_graph,science,unrelated,stage_a_reference,recognition,1,1,1.0,,1.0,1.0,,0.0,1.0,True
corpus_original__learning_graph__science__unrelated__stage_a_supplement__balanced,corpus_original,learning_graph,science,unrelated,stage_a_supplement,balanced,1,1,1.0,,1.0,1.0,,0.0,1.0,True
corpus_original__learning_graph__science__unrelated__stage_a_supplement__novelty,corpus_original,learning_graph,science,unrelated,stage_a_supplement,novelty,1,1,1.0,,1.0,1.0,,0.0,1.0,True
corpus_original__learning_graph__science__unrelated__stage_a_supplement__recognition,corpus_original,learning_graph,science,unrelated,stage_a_supplement,recognition,1,1,1.0,,1.0,1.0,,0.0,1.0,True
corpus_original__learning_policy__agents__empty__stage_a_reference__balanced,corpus_original,learning_policy,agents,empty,stage_a_reference,balanced,1,1,1.0,,1.0,1.0,,0.0,1.0,True
corpus_original__learning_policy__agents__empty__stage_a_reference__novelty,corpus_original,learning_policy,agents,empty,stage_a_reference,novelty,1,1,1.0,,1.0,1.0,,0.0,1.0,True
corpus_original__learning_policy__agents__empty__stage_a_reference__recognition,corpus_original,learning_policy,agents,empty,stage_a_reference,recognition,1,1,1.0,,1.0,1.0,,0.0,1.0,True
corpus_original__learning_policy__agents__empty__stage_a_supplement__balanced,corpus_original,learning_policy,agents,empty,stage_a_supplement,balanced,1,1,1.0,,1.0,1.0,,0.0,1.0,True
corpus_original__learning_policy__agents__empty__stage_a_supplement__novelty,corpus_original,learning_policy,agents,empty,stage_a_supplement,novelty,1,1,1.0,,1.0,1.0,,0.0,1.0,True
corpus_original__learning_policy__agents__empty__stage_a_supplement__recognition,corpus_original,learning_policy,agents,empty,stage_a_supplement,recognition,1,1,1.0,,1.0,1.0,,0.0,1.0,True
corpus_original__learning_policy__agents__related__stage_a_reference__balanced,corpus_original,learning_policy,agents,related,stage_a_reference,balanced,1,1,1.0,,1.0,1.0,,0.0,1.0,True
corpus_original__learning_policy__agents__related__stage_a_reference__novelty,corpus_original,learning_policy,agents,related,stage_a_reference,novelty,1,1,1.0,,1.0,1.0,,0.0,1.0,True
corpus_original__learning_policy__agents__related__stage_a_reference__recognition,corpus_original,learning_policy,agents,related,stage_a_reference,recognition,1,1,1.0,,1.0,1.0,,0.0,1.0,True
corpus_original__learning_policy__agents__related__stage_a_supplement__balanced,corpus_original,learning_policy,agents,related,stage_a_supplement,balanced,1,1,1.0,,1.0,1.0,,0.0,1.0,True
corpus_original__learning_policy__agents__related__stage_a_supplement__novelty,corpus_original,learning_policy,agents,related,stage_a_supplement,novelty,1,1,1.0,,1.0,1.0,,0.0,1.0,True
corpus_original__learning_policy__agents__related__stage_a_supplement__recognition,corpus_original,learning_policy,agents,related,stage_a_supplement,recognition,1,1,1.0,,1.0,1.0,,0.0,1.0,True
corpus_original__learning_policy__agents__unrelated__stage_a_reference__balanced,corpus_original,learning_policy,agents,unrelated,stage_a_reference,balanced,1,1,1.0,,1.0,1.0,,0.0,1.0,True
corpus_original__learning_policy__agents__unrelated__stage_a_reference__novelty,corpus_original,learning_policy,agents,unrelated,stage_a_reference,novelty,1,1,1.0,,1.0,1.0,,0.0,1.0,True
corpus_original__learning_policy__agents__unrelated__stage_a_reference__recognition,corpus_original,learning_policy,agents,unrelated,stage_a_reference,recognition,1,1,1.0,,1.0,1.0,,0.0,1.0,True
corpus_original__learning_policy__agents__unrelated__stage_a_supplement__balanced,corpus_original,learning_policy,agents,unrelated,stage_a_supplement,balanced,1,1,1.0,,1.0,1.0,,0.0,1.0,True
corpus_original__learning_policy__agents__unrelated__stage_a_supplement__novelty,corpus_original,learning_policy,agents,unrelated,stage_a_supplement,novelty,1,1,1.0,,1.0,1.0,,0.0,1.0,True
corpus_original__learning_policy__agents__unrelated__stage_a_supplement__recognition,corpus_original,learning_policy,agents,unrelated,stage_a_supplement,recognition,1,1,1.0,,1.0,1.0,,0.0,1.0,True
corpus_original__learning_policy__learning__empty__stage_a_reference__balanced,corpus_original,learning_policy,learning,empty,stage_a_reference,balanced,1,1,1.0,,1.0,1.0,,0.0,1.0,True
corpus_original__learning_policy__learning__empty__stage_a_reference__novelty,corpus_original,learning_policy,learning,empty,stage_a_reference,novelty,1,1,1.0,,1.0,1.0,,0.0,1.0,True
corpus_original__learning_policy__learning__empty__stage_a_reference__recognition,corpus_original,learning_policy,learning,empty,stage_a_reference,recognition,1,1,1.0,,1.0,1.0,,0.0,1.0,True
corpus_original__learning_policy__learning__empty__stage_a_supplement__balanced,corpus_original,learning_policy,learning,empty,stage_a_supplement,balanced,1,1,1.0,,1.0,1.0,,0.0,1.0,True
corpus_original__learning_policy__learning__empty__stage_a_supplement__novelty,corpus_original,learning_policy,learning,empty,stage_a_supplement,novelty,1,1,1.0,,1.0,1.0,,0.0,1.0,True
corpus_original__learning_policy__learning__empty__stage_a_supplement__recognition,corpus_original,learning_policy,learning,empty,stage_a_supplement,recognition,1,1,1.0,,1.0,1.0,,0.0,1.0,True
corpus_original__learning_policy__learning__related__stage_a_reference__balanced,corpus_original,learning_policy,learning,related,stage_a_reference,balanced,1,1,1.0,,1.0,1.0,,0.0,1.0,True
corpus_original__learning_policy__learning__related__stage_a_reference__novelty,corpus_original,learning_policy,learning,related,stage_a_reference,novelty,1,1,1.0,,1.0,1.0,,0.0,1.0,True
corpus_original__learning_policy__learning__related__stage_a_reference__recognition,corpus_original,learning_policy,learning,related,stage_a_reference,recognition,1,1,1.0,,1.0,1.0,,0.0,1.0,True
corpus_original__learning_policy__learning__related__stage_a_supplement__balanced,corpus_original,learning_policy,learning,related,stage_a_supplement,balanced,1,1,1.0,,1.0,1.0,,0.0,1.0,True
corpus_original__learning_policy__learning__related__stage_a_supplement__novelty,corpus_original,learning_policy,learning,related,stage_a_supplement,novelty,1,1,1.0,,1.0,1.0,,0.0,1.0,True
corpus_original__learning_policy__learning__related__stage_a_supplement__recognition,corpus_original,learning_policy,learning,related,stage_a_supplement,recognition,1,1,1.0,,1.0,1.0,,0.0,1.0,True
corpus_original__learning_policy__learning__unrelated__stage_a_reference__balanced,corpus_original,learning_policy,learning,unrelated,stage_a_reference,balanced,1,1,1.0,,1.0,1.0,,0.0,1.0,True
corpus_original__learning_policy__learning__unrelated__stage_a_reference__novelty,corpus_original,learning_policy,learning,unrelated,stage_a_reference,novelty,1,1,1.0,,1.0,1.0,,0.0,1.0,True
corpus_original__learning_policy__learning__unrelated__stage_a_reference__recognition,corpus_original,learning_policy,learning,unrelated,stage_a_reference,recognition,1,1,1.0,,1.0,1.0,,0.0,1.0,True
corpus_original__learning_policy__learning__unrelated__stage_a_supplement__balanced,corpus_original,learning_policy,learning,unrelated,stage_a_supplement,balanced,1,1,1.0,,1.0,1.0,,0.0,1.0,True
corpus_original__learning_policy__learning__unrelated__stage_a_supplement__novelty,corpus_original,learning_policy,learning,unrelated,stage_a_supplement,novelty,1,1,1.0,,1.0,1.0,,0.0,1.0,True
corpus_original__learning_policy__learning__unrelated__stage_a_supplement__recognition,corpus_original,learning_policy,learning,unrelated,stage_a_supplement,recognition,1,1,1.0,,1.0,1.0,,0.0,1.0,True
corpus_original__learning_policy__science__empty__stage_a_reference__balanced,corpus_original,learning_policy,science,empty,stage_a_reference,balanced,1,1,1.0,,1.0,1.0,,0.0,1.0,True
corpus_original__learning_policy__science__empty__stage_a_reference__novelty,corpus_original,learning_policy,science,empty,stage_a_reference,novelty,1,1,1.0,,1.0,1.0,,0.0,1.0,True
corpus_original__learning_policy__science__empty__stage_a_reference__recognition,corpus_original,learning_policy,science,empty,stage_a_reference,recognition,1,1,1.0,,1.0,1.0,,0.0,1.0,True
corpus_original__learning_policy__science__empty__stage_a_supplement__balanced,corpus_original,learning_policy,science,empty,stage_a_supplement,balanced,1,1,1.0,,1.0,1.0,,0.0,1.0,True
corpus_original__learning_policy__science__empty__stage_a_supplement__novelty,corpus_original,learning_policy,science,empty,stage_a_supplement,novelty,1,1,1.0,,1.0,1.0,,0.0,1.0,True
corpus_original__learning_policy__science__empty__stage_a_supplement__recognition,corpus_original,learning_policy,science,empty,stage_a_supplement,recognition,1,1,1.0,,1.0,1.0,,0.0,1.0,True
corpus_original__learning_policy__science__related__stage_a_reference__balanced,corpus_original,learning_policy,science,related,stage_a_reference,balanced,1,1,1.0,,1.0,1.0,,0.0,1.0,True
corpus_original__learning_policy__science__related__stage_a_reference__novelty,corpus_original,learning_policy,science,related,stage_a_reference,novelty,1,1,1.0,,1.0,1.0,,0.0,1.0,True
corpus_original__learning_policy__science__related__stage_a_reference__recognition,corpus_original,learning_policy,science,related,stage_a_reference,recognition,1,1,1.0,,1.0,1.0,,0.0,1.0,True
corpus_original__learning_policy__science__related__stage_a_supplement__balanced,corpus_original,learning_policy,science,related,stage_a_supplement,balanced,1,1,1.0,,1.0,1.0,,0.0,1.0,True
corpus_original__learning_policy__science__related__stage_a_supplement__novelty,corpus_original,learning_policy,science,related,stage_a_supplement,novelty,1,1,1.0,,1.0,1.0,,0.0,1.0,True
corpus_original__learning_policy__science__related__stage_a_supplement__recognition,corpus_original,learning_policy,science,related,stage_a_supplement,recognition,1,1,1.0,,1.0,1.0,,0.0,1.0,True
corpus_original__learning_policy__science__unrelated__stage_a_reference__balanced,corpus_original,learning_policy,science,unrelated,stage_a_reference,balanced,1,1,1.0,,1.0,1.0,,0.0,1.0,True
corpus_original__learning_policy__science__unrelated__stage_a_reference__novelty,corpus_original,learning_policy,science,unrelated,stage_a_reference,novelty,1,1,1.0,,1.0,1.0,,0.0,1.0,True
corpus_original__learning_policy__science__unrelated__stage_a_reference__recognition,corpus_original,learning_policy,science,unrelated,stage_a_reference,recognition,1,1,1.0,,1.0,1.0,,0.0,1.0,True
corpus_original__learning_policy__science__unrelated__stage_a_supplement__balanced,corpus_original,learning_policy,science,unrelated,stage_a_supplement,balanced,1,1,1.0,,1.0,1.0,,0.0,1.0,True
corpus_original__learning_policy__science__unrelated__stage_a_supplement__novelty,corpus_original,learning_policy,science,unrelated,stage_a_supplement,novelty,1,1,1.0,,1.0,1.0,,0.0,1.0,True
corpus_original__learning_policy__science__unrelated__stage_a_supplement__recognition,corpus_original,learning_policy,science,unrelated,stage_a_supplement,recognition,1,1,1.0,,1.0,1.0,,0.0,1.0,True
corpus_original__learning_reward__agents__empty__stage_a_reference__balanced,corpus_original,learning_reward,agents,empty,stage_a_reference,balanced,1,1,1.0,,1.0,1.0,,0.0,1.0,True
corpus_original__learning_reward__agents__empty__stage_a_reference__novelty,corpus_original,learning_reward,agents,empty,stage_a_reference,novelty,1,1,1.0,,1.0,1.0,,0.0,1.0,True
corpus_original__learning_reward__agents__empty__stage_a_reference__recognition,corpus_original,learning_reward,agents,empty,stage_a_reference,recognition,1,1,1.0,,1.0,1.0,,0.0,1.0,True
corpus_original__learning_reward__agents__empty__stage_a_supplement__balanced,corpus_original,learning_reward,agents,empty,stage_a_supplement,balanced,1,1,1.0,,1.0,1.0,,0.0,1.0,True
corpus_original__learning_reward__agents__empty__stage_a_supplement__novelty,corpus_original,learning_reward,agents,empty,stage_a_supplement,novelty,1,1,1.0,,1.0,1.0,,0.0,1.0,True
corpus_original__learning_reward__agents__empty__stage_a_supplement__recognition,corpus_original,learning_reward,agents,empty,stage_a_supplement,recognition,1,1,1.0,,1.0,1.0,,0.0,1.0,True
corpus_original__learning_reward__agents__related__stage_a_reference__balanced,corpus_original,learning_reward,agents,related,stage_a_reference,balanced,1,1,1.0,,1.0,1.0,,0.0,1.0,True
corpus_original__learning_reward__agents__related__stage_a_reference__novelty,corpus_original,learning_reward,agents,related,stage_a_reference,novelty,1,1,1.0,,1.0,1.0,,0.0,1.0,True
corpus_original__learning_reward__agents__related__stage_a_reference__recognition,corpus_original,learning_reward,agents,related,stage_a_reference,recognition,1,1,1.0,,1.0,1.0,,0.0,1.0,True
corpus_original__learning_reward__agents__related__stage_a_supplement__balanced,corpus_original,learning_reward,agents,related,stage_a_supplement,balanced,1,1,1.0,,1.0,1.0,,0.0,1.0,True
corpus_original__learning_reward__agents__related__stage_a_supplement__novelty,corpus_original,learning_reward,agents,related,stage_a_supplement,novelty,1,1,1.0,,1.0,1.0,,0.0,1.0,True
corpus_original__learning_reward__agents__related__stage_a_supplement__recognition,corpus_original,learning_reward,agents,related,stage_a_supplement,recognition,1,1,1.0,,1.0,1.0,,0.0,1.0,True
corpus_original__learning_reward__agents__unrelated__stage_a_reference__balanced,corpus_original,learning_reward,agents,unrelated,stage_a_reference,balanced,1,1,1.0,,1.0,1.0,,0.0,1.0,True
corpus_original__learning_reward__agents__unrelated__stage_a_reference__novelty,corpus_original,learning_reward,agents,unrelated,stage_a_reference,novelty,1,1,1.0,,1.0,1.0,,0.0,1.0,True
corpus_original__learning_reward__agents__unrelated__stage_a_reference__recognition,corpus_original,learning_reward,agents,unrelated,stage_a_reference,recognition,1,1,1.0,,1.0,1.0,,0.0,1.0,True
corpus_original__learning_reward__agents__unrelated__stage_a_supplement__balanced,corpus_original,learning_reward,agents,unrelated,stage_a_supplement,balanced,1,1,1.0,,1.0,1.0,,0.0,1.0,True
corpus_original__learning_reward__agents__unrelated__stage_a_supplement__novelty,corpus_original,learning_reward,agents,unrelated,stage_a_supplement,novelty,1,1,1.0,,1.0,1.0,,0.0,1.0,True
corpus_original__learning_reward__agents__unrelated__stage_a_supplement__recognition,corpus_original,learning_reward,agents,unrelated,stage_a_supplement,recognition,1,1,1.0,,1.0,1.0,,0.0,1.0,True
corpus_original__learning_reward__learning__empty__stage_a_reference__balanced,corpus_original,learning_reward,learning,empty,stage_a_reference,balanced,1,1,1.0,,1.0,1.0,,0.0,1.0,True
corpus_original__learning_reward__learning__empty__stage_a_reference__novelty,corpus_original,learning_reward,learning,empty,stage_a_reference,novelty,1,1,1.0,,1.0,1.0,,0.0,1.0,True
corpus_original__learning_reward__learning__empty__stage_a_reference__recognition,corpus_original,learning_reward,learning,empty,stage_a_reference,recognition,1,1,1.0,,1.0,1.0,,0.0,1.0,True
corpus_original__learning_reward__learning__empty__stage_a_supplement__balanced,corpus_original,learning_reward,learning,empty,stage_a_supplement,balanced,1,1,1.0,,1.0,1.0,,0.0,1.0,True
corpus_original__learning_reward__learning__empty__stage_a_supplement__novelty,corpus_original,learning_reward,learning,empty,stage_a_supplement,novelty,1,1,1.0,,1.0,1.0,,0.0,1.0,True
corpus_original__learning_reward__learning__empty__stage_a_supplement__recognition,corpus_original,learning_reward,learning,empty,stage_a_supplement,recognition,1,1,1.0,,1.0,1.0,,0.0,1.0,True
corpus_original__learning_reward__learning__related__stage_a_reference__balanced,corpus_original,learning_reward,learning,related,stage_a_reference,balanced,1,1,1.0,,1.0,1.0,,0.0,1.0,True
corpus_original__learning_reward__learning__related__stage_a_reference__novelty,corpus_original,learning_reward,learning,related,stage_a_reference,novelty,1,1,1.0,,1.0,1.0,,0.0,1.0,True
corpus_original__learning_reward__learning__related__stage_a_reference__recognition,corpus_original,learning_reward,learning,related,stage_a_reference,recognition,1,1,1.0,,1.0,1.0,,0.0,1.0,True
corpus_original__learning_reward__learning__related__stage_a_supplement__balanced,corpus_original,learning_reward,learning,related,stage_a_supplement,balanced,1,1,1.0,,1.0,1.0,,0.0,1.0,True
corpus_original__learning_reward__learning__related__stage_a_supplement__novelty,corpus_original,learning_reward,learning,related,stage_a_supplement,novelty,1,1,1.0,,1.0,1.0,,0.0,1.0,True
corpus_original__learning_reward__learning__related__stage_a_supplement__recognition,corpus_original,learning_reward,learning,related,stage_a_supplement,recognition,1,1,1.0,,1.0,1.0,,0.0,1.0,True
corpus_original__learning_reward__learning__unrelated__stage_a_reference__balanced,corpus_original,learning_reward,learning,unrelated,stage_a_reference,balanced,1,1,1.0,,1.0,1.0,,0.0,1.0,True
corpus_original__learning_reward__learning__unrelated__stage_a_reference__novelty,corpus_original,learning_reward,learning,unrelated,stage_a_reference,novelty,1,1,1.0,,1.0,1.0,,0.0,1.0,True
corpus_original__learning_reward__learning__unrelated__stage_a_reference__recognition,corpus_original,learning_reward,learning,unrelated,stage_a_reference,recognition,1,1,1.0,,1.0,1.0,,0.0,1.0,True
corpus_original__learning_reward__learning__unrelated__stage_a_supplement__balanced,corpus_original,learning_reward,learning,unrelated,stage_a_supplement,balanced,1,1,1.0,,1.0,1.0,,0.0,1.0,True
corpus_original__learning_reward__learning__unrelated__stage_a_supplement__novelty,corpus_original,learning_reward,learning,unrelated,stage_a_supplement,novelty,1,1,1.0,,1.0,1.0,,0.0,1.0,True
corpus_original__learning_reward__learning__unrelated__stage_a_supplement__recognition,corpus_original,learning_reward,learning,unrelated,stage_a_supplement,recognition,1,1,1.0,,1.0,1.0,,0.0,1.0,True
corpus_original__learning_reward__science__empty__stage_a_reference__balanced,corpus_original,learning_reward,science,empty,stage_a_reference,balanced,1,1,1.0,,1.0,1.0,,0.0,1.0,True
corpus_original__learning_reward__science__empty__stage_a_reference__novelty,corpus_original,learning_reward,science,empty,stage_a_reference,novelty,1,1,1.0,,1.0,1.0,,0.0,1.0,True
corpus_original__learning_reward__science__empty__stage_a_reference__recognition,corpus_original,learning_reward,science,empty,stage_a_reference,recognition,1,1,1.0,,1.0,1.0,,0.0,1.0,True
corpus_original__learning_reward__science__empty__stage_a_supplement__balanced,corpus_original,learning_reward,science,empty,stage_a_supplement,balanced,1,1,1.0,,1.0,1.0,,0.0,1.0,True
corpus_original__learning_reward__science__empty__stage_a_supplement__novelty,corpus_original,learning_reward,science,empty,stage_a_supplement,novelty,1,1,1.0,,1.0,1.0,,0.0,1.0,True
corpus_original__learning_reward__science__empty__stage_a_supplement__recognition,corpus_original,learning_reward,science,empty,stage_a_supplement,recognition,1,1,1.0,,1.0,1.0,,0.0,1.0,True
corpus_original__learning_reward__science__related__stage_a_reference__balanced,corpus_original,learning_reward,science,related,stage_a_reference,balanced,1,1,1.0,,1.0,1.0,,0.0,1.0,True
corpus_original__learning_reward__science__related__stage_a_reference__novelty,corpus_original,learning_reward,science,related,stage_a_reference,novelty,1,1,1.0,,1.0,1.0,,0.0,1.0,True
corpus_original__learning_reward__science__related__stage_a_reference__recognition,corpus_original,learning_reward,science,related,stage_a_reference,recognition,1,1,1.0,,1.0,1.0,,0.0,1.0,True
corpus_original__learning_reward__science__related__stage_a_supplement__balanced,corpus_original,learning_reward,science,related,stage_a_supplement,balanced,1,1,1.0,,1.0,1.0,,0.0,1.0,True
corpus_original__learning_reward__science__related__stage_a_supplement__novelty,corpus_original,learning_reward,science,related,stage_a_supplement,novelty,1,1,1.0,,1.0,1.0,,0.0,1.0,True
corpus_original__learning_reward__science__related__stage_a_supplement__recognition,corpus_original,learning_reward,science,related,stage_a_supplement,recognition,1,1,1.0,,1.0,1.0,,0.0,1.0,True
corpus_original__learning_reward__science__unrelated__stage_a_reference__balanced,corpus_original,learning_reward,science,unrelated,stage_a_reference,balanced,1,1,1.0,,1.0,1.0,,0.0,1.0,True
corpus_original__learning_reward__science__unrelated__stage_a_reference__novelty,corpus_original,learning_reward,science,unrelated,stage_a_reference,novelty,1,1,1.0,,1.0,1.0,,0.0,1.0,True
corpus_original__learning_reward__science__unrelated__stage_a_reference__recognition,corpus_original,learning_reward,science,unrelated,stage_a_reference,recognition,1,1,1.0,,1.0,1.0,,0.0,1.0,True
corpus_original__learning_reward__science__unrelated__stage_a_supplement__balanced,corpus_original,learning_reward,science,unrelated,stage_a_supplement,balanced,1,1,1.0,,1.0,1.0,,0.0,1.0,True
corpus_original__learning_reward__science__unrelated__stage_a_supplement__novelty,corpus_original,learning_reward,science,unrelated,stage_a_supplement,novelty,1,1,1.0,,1.0,1.0,,0.0,1.0,True
corpus_original__learning_reward__science__unrelated__stage_a_supplement__recognition,corpus_original,learning_reward,science,unrelated,stage_a_supplement,recognition,1,1,1.0,,1.0,1.0,,0.0,1.0,True
corpus_original__science_collaboration__agents__empty__stage_a_reference__balanced,corpus_original,science_collaboration,agents,empty,stage_a_reference,balanced,1,1,1.0,,1.0,1.0,,0.0,1.0,True
corpus_original__science_collaboration__agents__empty__stage_a_reference__novelty,corpus_original,science_collaboration,agents,empty,stage_a_reference,novelty,1,1,1.0,,1.0,1.0,,0.0,1.0,True
corpus_original__science_collaboration__agents__empty__stage_a_reference__recognition,corpus_original,science_collaboration,agents,empty,stage_a_reference,recognition,1,1,1.0,,1.0,1.0,,0.0,1.0,True
corpus_original__science_collaboration__agents__empty__stage_a_supplement__balanced,corpus_original,science_collaboration,agents,empty,stage_a_supplement,balanced,1,1,1.0,,1.0,1.0,,0.0,1.0,True
corpus_original__science_collaboration__agents__empty__stage_a_supplement__novelty,corpus_original,science_collaboration,agents,empty,stage_a_supplement,novelty,1,1,1.0,,1.0,1.0,,0.0,1.0,True
corpus_original__science_collaboration__agents__empty__stage_a_supplement__recognition,corpus_original,science_collaboration,agents,empty,stage_a_supplement,recognition,1,1,1.0,,1.0,1.0,,0.0,1.0,True
corpus_original__science_collaboration__agents__related__stage_a_reference__balanced,corpus_original,science_collaboration,agents,related,stage_a_reference,balanced,1,1,1.0,,1.0,1.0,,0.0,1.0,True
corpus_original__science_collaboration__agents__related__stage_a_reference__novelty,corpus_original,science_collaboration,agents,related,stage_a_reference,novelty,1,1,1.0,,1.0,1.0,,0.0,1.0,True
corpus_original__science_collaboration__agents__related__stage_a_reference__recognition,corpus_original,science_collaboration,agents,related,stage_a_reference,recognition,1,1,1.0,,1.0,1.0,,0.0,1.0,True
corpus_original__science_collaboration__agents__related__stage_a_supplement__balanced,corpus_original,science_collaboration,agents,related,stage_a_supplement,balanced,1,1,1.0,,1.0,1.0,,0.0,1.0,True
corpus_original__science_collaboration__agents__related__stage_a_supplement__novelty,corpus_original,science_collaboration,agents,related,stage_a_supplement,novelty,1,1,1.0,,1.0,1.0,,0.0,1.0,True
corpus_original__science_collaboration__agents__related__stage_a_supplement__recognition,corpus_original,science_collaboration,agents,related,stage_a_supplement,recognition,1,1,1.0,,1.0,1.0,,0.0,1.0,True
corpus_original__science_collaboration__agents__unrelated__stage_a_reference__balanced,corpus_original,science_collaboration,agents,unrelated,stage_a_reference,balanced,1,1,1.0,,1.0,1.0,,0.0,1.0,True
corpus_original__science_collaboration__agents__unrelated__stage_a_reference__novelty,corpus_original,science_collaboration,agents,unrelated,stage_a_reference,novelty,1,1,1.0,,1.0,1.0,,0.0,1.0,True
corpus_original__science_collaboration__agents__unrelated__stage_a_reference__recognition,corpus_original,science_collaboration,agents,unrelated,stage_a_reference,recognition,1,1,1.0,,1.0,1.0,,0.0,1.0,True
corpus_original__science_collaboration__agents__unrelated__stage_a_supplement__balanced,corpus_original,science_collaboration,agents,unrelated,stage_a_supplement,balanced,1,1,1.0,,1.0,1.0,,0.0,1.0,True
corpus_original__science_collaboration__agents__unrelated__stage_a_supplement__novelty,corpus_original,science_collaboration,agents,unrelated,stage_a_supplement,novelty,1,1,1.0,,1.0,1.0,,0.0,1.0,True
corpus_original__science_collaboration__agents__unrelated__stage_a_supplement__recognition,corpus_original,science_collaboration,agents,unrelated,stage_a_supplement,recognition,1,1,1.0,,1.0,1.0,,0.0,1.0,True
corpus_original__science_collaboration__learning__empty__stage_a_reference__balanced,corpus_original,science_collaboration,learning,empty,stage_a_reference,balanced,1,1,1.0,,1.0,1.0,,0.0,1.0,True
corpus_original__science_collaboration__learning__empty__stage_a_reference__novelty,corpus_original,science_collaboration,learning,empty,stage_a_reference,novelty,1,1,1.0,,1.0,1.0,,0.0,1.0,True
corpus_original__science_collaboration__learning__empty__stage_a_reference__recognition,corpus_original,science_collaboration,learning,empty,stage_a_reference,recognition,1,1,1.0,,1.0,1.0,,0.0,1.0,True
corpus_original__science_collaboration__learning__empty__stage_a_supplement__balanced,corpus_original,science_collaboration,learning,empty,stage_a_supplement,balanced,1,1,1.0,,1.0,1.0,,0.0,1.0,True
corpus_original__science_collaboration__learning__empty__stage_a_supplement__novelty,corpus_original,science_collaboration,learning,empty,stage_a_supplement,novelty,1,1,1.0,,1.0,1.0,,0.0,1.0,True
corpus_original__science_collaboration__learning__empty__stage_a_supplement__recognition,corpus_original,science_collaboration,learning,empty,stage_a_supplement,recognition,1,1,1.0,,1.0,1.0,,0.0,1.0,True
corpus_original__science_collaboration__learning__related__stage_a_reference__balanced,corpus_original,science_collaboration,learning,related,stage_a_reference,balanced,1,1,1.0,,1.0,1.0,,0.0,1.0,True
corpus_original__science_collaboration__learning__related__stage_a_reference__novelty,corpus_original,science_collaboration,learning,related,stage_a_reference,novelty,1,1,1.0,,1.0,1.0,,0.0,1.0,True
corpus_original__science_collaboration__learning__related__stage_a_reference__recognition,corpus_original,science_collaboration,learning,related,stage_a_reference,recognition,1,1,1.0,,1.0,1.0,,0.0,1.0,True
corpus_original__science_collaboration__learning__related__stage_a_supplement__balanced,corpus_original,science_collaboration,learning,related,stage_a_supplement,balanced,1,1,1.0,,1.0,1.0,,0.0,1.0,True
corpus_original__science_collaboration__learning__related__stage_a_supplement__novelty,corpus_original,science_collaboration,learning,related,stage_a_supplement,novelty,1,1,1.0,,1.0,1.0,,0.0,1.0,True
corpus_original__science_collaboration__learning__related__stage_a_supplement__recognition,corpus_original,science_collaboration,learning,related,stage_a_supplement,recognition,1,1,1.0,,1.0,1.0,,0.0,1.0,True
corpus_original__science_collaboration__learning__unrelated__stage_a_reference__balanced,corpus_original,science_collaboration,learning,unrelated,stage_a_reference,balanced,1,1,1.0,,1.0,1.0,,0.0,1.0,True
corpus_original__science_collaboration__learning__unrelated__stage_a_reference__novelty,corpus_original,science_collaboration,learning,unrelated,stage_a_reference,novelty,1,1,1.0,,1.0,1.0,,0.0,1.0,True
corpus_original__science_collaboration__learning__unrelated__stage_a_reference__recognition,corpus_original,science_collaboration,learning,unrelated,stage_a_reference,recognition,1,1,1.0,,1.0,1.0,,0.0,1.0,True
corpus_original__science_collaboration__learning__unrelated__stage_a_supplement__balanced,corpus_original,science_collaboration,learning,unrelated,stage_a_supplement,balanced,1,1,1.0,,1.0,1.0,,0.0,1.0,True
corpus_original__science_collaboration__learning__unrelated__stage_a_supplement__novelty,corpus_original,science_collaboration,learning,unrelated,stage_a_supplement,novelty,1,1,1.0,,1.0,1.0,,0.0,1.0,True
corpus_original__science_collaboration__learning__unrelated__stage_a_supplement__recognition,corpus_original,science_collaboration,learning,unrelated,stage_a_supplement,recognition,1,1,1.0,,1.0,1.0,,0.0,1.0,True
corpus_original__science_collaboration__science__empty__stage_a_reference__balanced,corpus_original,science_collaboration,science,empty,stage_a_reference,balanced,1,1,1.0,,1.0,1.0,,0.0,1.0,True
corpus_original__science_collaboration__science__empty__stage_a_reference__novelty,corpus_original,science_collaboration,science,empty,stage_a_reference,novelty,1,1,1.0,,1.0,1.0,,0.0,1.0,True
corpus_original__science_collaboration__science__empty__stage_a_reference__recognition,corpus_original,science_collaboration,science,empty,stage_a_reference,recognition,1,1,1.0,,1.0,1.0,,0.0,1.0,True
corpus_original__science_collaboration__science__empty__stage_a_supplement__balanced,corpus_original,science_collaboration,science,empty,stage_a_supplement,balanced,1,1,1.0,,1.0,1.0,,0.0,1.0,True
corpus_original__science_collaboration__science__empty__stage_a_supplement__novelty,corpus_original,science_collaboration,science,empty,stage_a_supplement,novelty,1,1,1.0,,1.0,1.0,,0.0,1.0,True
corpus_original__science_collaboration__science__empty__stage_a_supplement__recognition,corpus_original,science_collaboration,science,empty,stage_a_supplement,recognition,1,1,1.0,,1.0,1.0,,0.0,1.0,True
corpus_original__science_collaboration__science__related__stage_a_reference__balanced,corpus_original,science_collaboration,science,related,stage_a_reference,balanced,1,1,1.0,,1.0,1.0,,0.0,1.0,True
corpus_original__science_collaboration__science__related__stage_a_reference__novelty,corpus_original,science_collaboration,science,related,stage_a_reference,novelty,1,1,1.0,,1.0,1.0,,0.0,1.0,True
corpus_original__science_collaboration__science__related__stage_a_reference__recognition,corpus_original,science_collaboration,science,related,stage_a_reference,recognition,1,1,1.0,,1.0,1.0,,0.0,1.0,True
corpus_original__science_collaboration__science__related__stage_a_supplement__balanced,corpus_original,science_collaboration,science,related,stage_a_supplement,balanced,1,1,1.0,,1.0,1.0,,0.0,1.0,True
corpus_original__science_collaboration__science__related__stage_a_supplement__novelty,corpus_original,science_collaboration,science,related,stage_a_supplement,novelty,1,1,1.0,,1.0,1.0,,0.0,1.0,True
corpus_original__science_collaboration__science__related__stage_a_supplement__recognition,corpus_original,science_collaboration,science,related,stage_a_supplement,recognition,1,1,1.0,,1.0,1.0,,0.0,1.0,True
corpus_original__science_collaboration__science__unrelated__stage_a_reference__balanced,corpus_original,science_collaboration,science,unrelated,stage_a_reference,balanced,1,1,1.0,,1.0,1.0,,0.0,1.0,True
corpus_original__science_collaboration__science__unrelated__stage_a_reference__novelty,corpus_original,science_collaboration,science,unrelated,stage_a_reference,novelty,1,1,1.0,,1.0,1.0,,0.0,1.0,True
corpus_original__science_collaboration__science__unrelated__stage_a_reference__recognition,corpus_original,science_collaboration,science,unrelated,stage_a_reference,recognition,1,1,1.0,,1.0,1.0,,0.0,1.0,True
corpus_original__science_collaboration__science__unrelated__stage_a_supplement__balanced,corpus_original,science_collaboration,science,unrelated,stage_a_supplement,balanced,1,1,1.0,,1.0,1.0,,0.0,1.0,True
corpus_original__science_collaboration__science__unrelated__stage_a_supplement__novelty,corpus_original,science_collaboration,science,unrelated,stage_a_supplement,novelty,1,1,1.0,,1.0,1.0,,0.0,1.0,True
corpus_original__science_collaboration__science__unrelated__stage_a_supplement__recognition,corpus_original,science_collaboration,science,unrelated,stage_a_supplement,recognition,1,1,1.0,,1.0,1.0,,0.0,1.0,True
corpus_original__science_evaluation__agents__empty__stage_a_reference__balanced,corpus_original,science_evaluation,agents,empty,stage_a_reference,balanced,1,1,1.0,,1.0,1.0,,0.0,1.0,True
corpus_original__science_evaluation__agents__empty__stage_a_reference__novelty,corpus_original,science_evaluation,agents,empty,stage_a_reference,novelty,1,1,1.0,,1.0,1.0,,0.0,1.0,True
corpus_original__science_evaluation__agents__empty__stage_a_reference__recognition,corpus_original,science_evaluation,agents,empty,stage_a_reference,recognition,1,1,1.0,,1.0,1.0,,0.0,1.0,True
corpus_original__science_evaluation__agents__empty__stage_a_supplement__balanced,corpus_original,science_evaluation,agents,empty,stage_a_supplement,balanced,1,1,1.0,,1.0,1.0,,0.0,1.0,True
corpus_original__science_evaluation__agents__empty__stage_a_supplement__novelty,corpus_original,science_evaluation,agents,empty,stage_a_supplement,novelty,1,1,1.0,,1.0,1.0,,0.0,1.0,True
corpus_original__science_evaluation__agents__empty__stage_a_supplement__recognition,corpus_original,science_evaluation,agents,empty,stage_a_supplement,recognition,1,1,1.0,,1.0,1.0,,0.0,1.0,True
corpus_original__science_evaluation__agents__related__stage_a_reference__balanced,corpus_original,science_evaluation,agents,related,stage_a_reference,balanced,1,1,1.0,,1.0,1.0,,0.0,1.0,True
corpus_original__science_evaluation__agents__related__stage_a_reference__novelty,corpus_original,science_evaluation,agents,related,stage_a_reference,novelty,1,1,1.0,,1.0,1.0,,0.0,1.0,True
corpus_original__science_evaluation__agents__related__stage_a_reference__recognition,corpus_original,science_evaluation,agents,related,stage_a_reference,recognition,1,1,1.0,,1.0,1.0,,0.0,1.0,True
corpus_original__science_evaluation__agents__related__stage_a_supplement__balanced,corpus_original,science_evaluation,agents,related,stage_a_supplement,balanced,1,1,1.0,,1.0,1.0,,0.0,1.0,True
corpus_original__science_evaluation__agents__related__stage_a_supplement__novelty,corpus_original,science_evaluation,agents,related,stage_a_supplement,novelty,1,1,1.0,,1.0,1.0,,0.0,1.0,True
corpus_original__science_evaluation__agents__related__stage_a_supplement__recognition,corpus_original,science_evaluation,agents,related,stage_a_supplement,recognition,1,1,1.0,,1.0,1.0,,0.0,1.0,True
corpus_original__science_evaluation__agents__unrelated__stage_a_reference__balanced,corpus_original,science_evaluation,agents,unrelated,stage_a_reference,balanced,1,1,1.0,,1.0,1.0,,0.0,1.0,True
corpus_original__science_evaluation__agents__unrelated__stage_a_reference__novelty,corpus_original,science_evaluation,agents,unrelated,stage_a_reference,novelty,1,1,1.0,,1.0,1.0,,0.0,1.0,True
corpus_original__science_evaluation__agents__unrelated__stage_a_reference__recognition,corpus_original,science_evaluation,agents,unrelated,stage_a_reference,recognition,1,1,1.0,,1.0,1.0,,0.0,1.0,True
corpus_original__science_evaluation__agents__unrelated__stage_a_supplement__balanced,corpus_original,science_evaluation,agents,unrelated,stage_a_supplement,balanced,1,1,1.0,,1.0,1.0,,0.0,1.0,True
corpus_original__science_evaluation__agents__unrelated__stage_a_supplement__novelty,corpus_original,science_evaluation,agents,unrelated,stage_a_supplement,novelty,1,1,1.0,,1.0,1.0,,0.0,1.0,True
corpus_original__science_evaluation__agents__unrelated__stage_a_supplement__recognition,corpus_original,science_evaluation,agents,unrelated,stage_a_supplement,recognition,1,1,1.0,,1.0,1.0,,0.0,1.0,True
corpus_original__science_evaluation__learning__empty__stage_a_reference__balanced,corpus_original,science_evaluation,learning,empty,stage_a_reference,balanced,1,1,1.0,,1.0,1.0,,0.0,1.0,True
corpus_original__science_evaluation__learning__empty__stage_a_reference__novelty,corpus_original,science_evaluation,learning,empty,stage_a_reference,novelty,1,1,1.0,,1.0,1.0,,0.0,1.0,True
corpus_original__science_evaluation__learning__empty__stage_a_reference__recognition,corpus_original,science_evaluation,learning,empty,stage_a_reference,recognition,1,1,1.0,,1.0,1.0,,0.0,1.0,True
corpus_original__science_evaluation__learning__empty__stage_a_supplement__balanced,corpus_original,science_evaluation,learning,empty,stage_a_supplement,balanced,1,1,1.0,,1.0,1.0,,0.0,1.0,True
corpus_original__science_evaluation__learning__empty__stage_a_supplement__novelty,corpus_original,science_evaluation,learning,empty,stage_a_supplement,novelty,1,1,1.0,,1.0,1.0,,0.0,1.0,True
corpus_original__science_evaluation__learning__empty__stage_a_supplement__recognition,corpus_original,science_evaluation,learning,empty,stage_a_supplement,recognition,1,1,1.0,,1.0,1.0,,0.0,1.0,True
corpus_original__science_evaluation__learning__related__stage_a_reference__balanced,corpus_original,science_evaluation,learning,related,stage_a_reference,balanced,1,1,1.0,,1.0,1.0,,0.0,1.0,True
corpus_original__science_evaluation__learning__related__stage_a_reference__novelty,corpus_original,science_evaluation,learning,related,stage_a_reference,novelty,1,1,1.0,,1.0,1.0,,0.0,1.0,True
corpus_original__science_evaluation__learning__related__stage_a_reference__recognition,corpus_original,science_evaluation,learning,related,stage_a_reference,recognition,1,1,1.0,,1.0,1.0,,0.0,1.0,True
corpus_original__science_evaluation__learning__related__stage_a_supplement__balanced,corpus_original,science_evaluation,learning,related,stage_a_supplement,balanced,1,1,1.0,,1.0,1.0,,0.0,1.0,True
corpus_original__science_evaluation__learning__related__stage_a_supplement__novelty,corpus_original,science_evaluation,learning,related,stage_a_supplement,novelty,1,1,1.0,,1.0,1.0,,0.0,1.0,True
corpus_original__science_evaluation__learning__related__stage_a_supplement__recognition,corpus_original,science_evaluation,learning,related,stage_a_supplement,recognition,1,1,1.0,,1.0,1.0,,0.0,1.0,True
corpus_original__science_evaluation__learning__unrelated__stage_a_reference__balanced,corpus_original,science_evaluation,learning,unrelated,stage_a_reference,balanced,1,1,1.0,,1.0,1.0,,0.0,1.0,True
corpus_original__science_evaluation__learning__unrelated__stage_a_reference__novelty,corpus_original,science_evaluation,learning,unrelated,stage_a_reference,novelty,1,1,1.0,,1.0,1.0,,0.0,1.0,True
corpus_original__science_evaluation__learning__unrelated__stage_a_reference__recognition,corpus_original,science_evaluation,learning,unrelated,stage_a_reference,recognition,1,1,1.0,,1.0,1.0,,0.0,1.0,True
corpus_original__science_evaluation__learning__unrelated__stage_a_supplement__balanced,corpus_original,science_evaluation,learning,unrelated,stage_a_supplement,balanced,1,1,1.0,,1.0,1.0,,0.0,1.0,True
corpus_original__science_evaluation__learning__unrelated__stage_a_supplement__novelty,corpus_original,science_evaluation,learning,unrelated,stage_a_supplement,novelty,1,1,1.0,,1.0,1.0,,0.0,1.0,True
corpus_original__science_evaluation__learning__unrelated__stage_a_supplement__recognition,corpus_original,science_evaluation,learning,unrelated,stage_a_supplement,recognition,1,1,1.0,,1.0,1.0,,0.0,1.0,True
corpus_original__science_evaluation__science__empty__stage_a_reference__balanced,corpus_original,science_evaluation,science,empty,stage_a_reference,balanced,1,1,1.0,,1.0,1.0,,0.0,1.0,True
corpus_original__science_evaluation__science__empty__stage_a_reference__novelty,corpus_original,science_evaluation,science,empty,stage_a_reference,novelty,1,1,1.0,,1.0,1.0,,0.0,1.0,True
corpus_original__science_evaluation__science__empty__stage_a_reference__recognition,corpus_original,science_evaluation,science,empty,stage_a_reference,recognition,1,1,1.0,,1.0,1.0,,0.0,1.0,True
corpus_original__science_evaluation__science__empty__stage_a_supplement__balanced,corpus_original,science_evaluation,science,empty,stage_a_supplement,balanced,1,1,1.0,,1.0,1.0,,0.0,1.0,True
corpus_original__science_evaluation__science__empty__stage_a_supplement__novelty,corpus_original,science_evaluation,science,empty,stage_a_supplement,novelty,1,1,1.0,,1.0,1.0,,0.0,1.0,True
corpus_original__science_evaluation__science__empty__stage_a_supplement__recognition,corpus_original,science_evaluation,science,empty,stage_a_supplement,recognition,1,1,1.0,,1.0,1.0,,0.0,1.0,True
corpus_original__science_evaluation__science__related__stage_a_reference__balanced,corpus_original,science_evaluation,science,related,stage_a_reference,balanced,1,1,1.0,,1.0,1.0,,0.0,1.0,True
corpus_original__science_evaluation__science__related__stage_a_reference__novelty,corpus_original,science_evaluation,science,related,stage_a_reference,novelty,1,1,1.0,,1.0,1.0,,0.0,1.0,True
corpus_original__science_evaluation__science__related__stage_a_reference__recognition,corpus_original,science_evaluation,science,related,stage_a_reference,recognition,1,1,1.0,,1.0,1.0,,0.0,1.0,True
corpus_original__science_evaluation__science__related__stage_a_supplement__balanced,corpus_original,science_evaluation,science,related,stage_a_supplement,balanced,1,1,1.0,,1.0,1.0,,0.0,1.0,True
corpus_original__science_evaluation__science__related__stage_a_supplement__novelty,corpus_original,science_evaluation,science,related,stage_a_supplement,novelty,1,1,1.0,,1.0,1.0,,0.0,1.0,True
corpus_original__science_evaluation__science__related__stage_a_supplement__recognition,corpus_original,science_evaluation,science,related,stage_a_supplement,recognition,1,1,1.0,,1.0,1.0,,0.0,1.0,True
corpus_original__science_evaluation__science__unrelated__stage_a_reference__balanced,corpus_original,science_evaluation,science,unrelated,stage_a_reference,balanced,1,1,1.0,,1.0,1.0,,0.0,1.0,True
corpus_original__science_evaluation__science__unrelated__stage_a_reference__novelty,corpus_original,science_evaluation,science,unrelated,stage_a_reference,novelty,1,1,1.0,,1.0,1.0,,0.0,1.0,True
corpus_original__science_evaluation__science__unrelated__stage_a_reference__recognition,corpus_original,science_evaluation,science,unrelated,stage_a_reference,recognition,1,1,1.0,,1.0,1.0,,0.0,1.0,True
corpus_original__science_evaluation__science__unrelated__stage_a_supplement__balanced,corpus_original,science_evaluation,science,unrelated,stage_a_supplement,balanced,1,1,1.0,,1.0,1.0,,0.0,1.0,True
corpus_original__science_evaluation__science__unrelated__stage_a_supplement__novelty,corpus_original,science_evaluation,science,unrelated,stage_a_supplement,novelty,1,1,1.0,,1.0,1.0,,0.0,1.0,True
corpus_original__science_evaluation__science__unrelated__stage_a_supplement__recognition,corpus_original,science_evaluation,science,unrelated,stage_a_supplement,recognition,1,1,1.0,,1.0,1.0,,0.0,1.0,True
corpus_original__science_hypothesis__agents__empty__stage_a_reference__balanced,corpus_original,science_hypothesis,agents,empty,stage_a_reference,balanced,1,1,1.0,,1.0,1.0,,0.0,1.0,True
corpus_original__science_hypothesis__agents__empty__stage_a_reference__novelty,corpus_original,science_hypothesis,agents,empty,stage_a_reference,novelty,1,1,1.0,,1.0,1.0,,0.0,1.0,True
corpus_original__science_hypothesis__agents__empty__stage_a_reference__recognition,corpus_original,science_hypothesis,agents,empty,stage_a_reference,recognition,1,1,1.0,,1.0,1.0,,0.0,1.0,True
corpus_original__science_hypothesis__agents__empty__stage_a_supplement__balanced,corpus_original,science_hypothesis,agents,empty,stage_a_supplement,balanced,1,1,1.0,,1.0,1.0,,0.0,1.0,True
corpus_original__science_hypothesis__agents__empty__stage_a_supplement__novelty,corpus_original,science_hypothesis,agents,empty,stage_a_supplement,novelty,1,1,1.0,,1.0,1.0,,0.0,1.0,True
corpus_original__science_hypothesis__agents__empty__stage_a_supplement__recognition,corpus_original,science_hypothesis,agents,empty,stage_a_supplement,recognition,1,1,1.0,,1.0,1.0,,0.0,1.0,True
corpus_original__science_hypothesis__agents__related__stage_a_reference__balanced,corpus_original,science_hypothesis,agents,related,stage_a_reference,balanced,1,1,1.0,,1.0,1.0,,0.0,1.0,True
corpus_original__science_hypothesis__agents__related__stage_a_reference__novelty,corpus_original,science_hypothesis,agents,related,stage_a_reference,novelty,1,1,1.0,,1.0,1.0,,0.0,1.0,True
corpus_original__science_hypothesis__agents__related__stage_a_reference__recognition,corpus_original,science_hypothesis,agents,related,stage_a_reference,recognition,1,1,1.0,,1.0,1.0,,0.0,1.0,True
corpus_original__science_hypothesis__agents__related__stage_a_supplement__balanced,corpus_original,science_hypothesis,agents,related,stage_a_supplement,balanced,1,1,1.0,,1.0,1.0,,0.0,1.0,True
corpus_original__science_hypothesis__agents__related__stage_a_supplement__novelty,corpus_original,science_hypothesis,agents,related,stage_a_supplement,novelty,1,1,1.0,,1.0,1.0,,0.0,1.0,True
corpus_original__science_hypothesis__agents__related__stage_a_supplement__recognition,corpus_original,science_hypothesis,agents,related,stage_a_supplement,recognition,1,1,1.0,,1.0,1.0,,0.0,1.0,True
corpus_original__science_hypothesis__agents__unrelated__stage_a_reference__balanced,corpus_original,science_hypothesis,agents,unrelated,stage_a_reference,balanced,1,1,1.0,,1.0,1.0,,0.0,1.0,True
corpus_original__science_hypothesis__agents__unrelated__stage_a_reference__novelty,corpus_original,science_hypothesis,agents,unrelated,stage_a_reference,novelty,1,1,1.0,,1.0,1.0,,0.0,1.0,True
corpus_original__science_hypothesis__agents__unrelated__stage_a_reference__recognition,corpus_original,science_hypothesis,agents,unrelated,stage_a_reference,recognition,1,1,1.0,,1.0,1.0,,0.0,1.0,True
corpus_original__science_hypothesis__agents__unrelated__stage_a_supplement__balanced,corpus_original,science_hypothesis,agents,unrelated,stage_a_supplement,balanced,1,1,1.0,,1.0,1.0,,0.0,1.0,True
corpus_original__science_hypothesis__agents__unrelated__stage_a_supplement__novelty,corpus_original,science_hypothesis,agents,unrelated,stage_a_supplement,novelty,1,1,1.0,,1.0,1.0,,0.0,1.0,True
corpus_original__science_hypothesis__agents__unrelated__stage_a_supplement__recognition,corpus_original,science_hypothesis,agents,unrelated,stage_a_supplement,recognition,1,1,1.0,,1.0,1.0,,0.0,1.0,True
corpus_original__science_hypothesis__learning__empty__stage_a_reference__balanced,corpus_original,science_hypothesis,learning,empty,stage_a_reference,balanced,1,1,1.0,,1.0,1.0,,0.0,1.0,True
corpus_original__science_hypothesis__learning__empty__stage_a_reference__novelty,corpus_original,science_hypothesis,learning,empty,stage_a_reference,novelty,1,1,1.0,,1.0,1.0,,0.0,1.0,True
corpus_original__science_hypothesis__learning__empty__stage_a_reference__recognition,corpus_original,science_hypothesis,learning,empty,stage_a_reference,recognition,1,1,1.0,,1.0,1.0,,0.0,1.0,True
corpus_original__science_hypothesis__learning__empty__stage_a_supplement__balanced,corpus_original,science_hypothesis,learning,empty,stage_a_supplement,balanced,1,1,1.0,,1.0,1.0,,0.0,1.0,True
corpus_original__science_hypothesis__learning__empty__stage_a_supplement__novelty,corpus_original,science_hypothesis,learning,empty,stage_a_supplement,novelty,1,1,1.0,,1.0,1.0,,0.0,1.0,True
corpus_original__science_hypothesis__learning__empty__stage_a_supplement__recognition,corpus_original,science_hypothesis,learning,empty,stage_a_supplement,recognition,1,1,1.0,,1.0,1.0,,0.0,1.0,True
corpus_original__science_hypothesis__learning__related__stage_a_reference__balanced,corpus_original,science_hypothesis,learning,related,stage_a_reference,balanced,1,1,1.0,,1.0,1.0,,0.0,1.0,True
corpus_original__science_hypothesis__learning__related__stage_a_reference__novelty,corpus_original,science_hypothesis,learning,related,stage_a_reference,novelty,1,1,1.0,,1.0,1.0,,0.0,1.0,True
corpus_original__science_hypothesis__learning__related__stage_a_reference__recognition,corpus_original,science_hypothesis,learning,related,stage_a_reference,recognition,1,1,1.0,,1.0,1.0,,0.0,1.0,True
corpus_original__science_hypothesis__learning__related__stage_a_supplement__balanced,corpus_original,science_hypothesis,learning,related,stage_a_supplement,balanced,1,1,1.0,,1.0,1.0,,0.0,1.0,True
corpus_original__science_hypothesis__learning__related__stage_a_supplement__novelty,corpus_original,science_hypothesis,learning,related,stage_a_supplement,novelty,1,1,1.0,,1.0,1.0,,0.0,1.0,True
corpus_original__science_hypothesis__learning__related__stage_a_supplement__recognition,corpus_original,science_hypothesis,learning,related,stage_a_supplement,recognition,1,1,1.0,,1.0,1.0,,0.0,1.0,True
corpus_original__science_hypothesis__learning__unrelated__stage_a_reference__balanced,corpus_original,science_hypothesis,learning,unrelated,stage_a_reference,balanced,1,1,1.0,,1.0,1.0,,0.0,1.0,True
corpus_original__science_hypothesis__learning__unrelated__stage_a_reference__novelty,corpus_original,science_hypothesis,learning,unrelated,stage_a_reference,novelty,1,1,1.0,,1.0,1.0,,0.0,1.0,True
corpus_original__science_hypothesis__learning__unrelated__stage_a_reference__recognition,corpus_original,science_hypothesis,learning,unrelated,stage_a_reference,recognition,1,1,1.0,,1.0,1.0,,0.0,1.0,True
corpus_original__science_hypothesis__learning__unrelated__stage_a_supplement__balanced,corpus_original,science_hypothesis,learning,unrelated,stage_a_supplement,balanced,1,1,1.0,,1.0,1.0,,0.0,1.0,True
corpus_original__science_hypothesis__learning__unrelated__stage_a_supplement__novelty,corpus_original,science_hypothesis,learning,unrelated,stage_a_supplement,novelty,1,1,1.0,,1.0,1.0,,0.0,1.0,True
corpus_original__science_hypothesis__learning__unrelated__stage_a_supplement__recognition,corpus_original,science_hypothesis,learning,unrelated,stage_a_supplement,recognition,1,1,1.0,,1.0,1.0,,0.0,1.0,True
corpus_original__science_hypothesis__science__empty__stage_a_reference__balanced,corpus_original,science_hypothesis,science,empty,stage_a_reference,balanced,1,1,1.0,,1.0,1.0,,0.0,1.0,True
corpus_original__science_hypothesis__science__empty__stage_a_reference__novelty,corpus_original,science_hypothesis,science,empty,stage_a_reference,novelty,1,1,1.0,,1.0,1.0,,0.0,1.0,True
corpus_original__science_hypothesis__science__empty__stage_a_reference__recognition,corpus_original,science_hypothesis,science,empty,stage_a_reference,recognition,1,1,1.0,,1.0,1.0,,0.0,1.0,True
corpus_original__science_hypothesis__science__empty__stage_a_supplement__balanced,corpus_original,science_hypothesis,science,empty,stage_a_supplement,balanced,1,1,1.0,,1.0,1.0,,0.0,1.0,True
corpus_original__science_hypothesis__science__empty__stage_a_supplement__novelty,corpus_original,science_hypothesis,science,empty,stage_a_supplement,novelty,1,1,1.0,,1.0,1.0,,0.0,1.0,True
corpus_original__science_hypothesis__science__empty__stage_a_supplement__recognition,corpus_original,science_hypothesis,science,empty,stage_a_supplement,recognition,1,1,1.0,,1.0,1.0,,0.0,1.0,True
corpus_original__science_hypothesis__science__related__stage_a_reference__balanced,corpus_original,science_hypothesis,science,related,stage_a_reference,balanced,1,1,1.0,,1.0,1.0,,0.0,1.0,True
corpus_original__science_hypothesis__science__related__stage_a_reference__novelty,corpus_original,science_hypothesis,science,related,stage_a_reference,novelty,1,1,1.0,,1.0,1.0,,0.0,1.0,True
corpus_original__science_hypothesis__science__related__stage_a_reference__recognition,corpus_original,science_hypothesis,science,related,stage_a_reference,recognition,1,1,1.0,,1.0,1.0,,0.0,1.0,True
corpus_original__science_hypothesis__science__related__stage_a_supplement__balanced,corpus_original,science_hypothesis,science,related,stage_a_supplement,balanced,1,1,1.0,,1.0,1.0,,0.0,1.0,True
corpus_original__science_hypothesis__science__related__stage_a_supplement__novelty,corpus_original,science_hypothesis,science,related,stage_a_supplement,novelty,1,1,1.0,,1.0,1.0,,0.0,1.0,True
corpus_original__science_hypothesis__science__related__stage_a_supplement__recognition,corpus_original,science_hypothesis,science,related,stage_a_supplement,recognition,1,1,1.0,,1.0,1.0,,0.0,1.0,True
corpus_original__science_hypothesis__science__unrelated__stage_a_reference__balanced,corpus_original,science_hypothesis,science,unrelated,stage_a_reference,balanced,1,1,1.0,,1.0,1.0,,0.0,1.0,True
corpus_original__science_hypothesis__science__unrelated__stage_a_reference__novelty,corpus_original,science_hypothesis,science,unrelated,stage_a_reference,novelty,1,1,1.0,,1.0,1.0,,0.0,1.0,True
corpus_original__science_hypothesis__science__unrelated__stage_a_reference__recognition,corpus_original,science_hypothesis,science,unrelated,stage_a_reference,recognition,1,1,1.0,,1.0,1.0,,0.0,1.0,True
corpus_original__science_hypothesis__science__unrelated__stage_a_supplement__balanced,corpus_original,science_hypothesis,science,unrelated,stage_a_supplement,balanced,1,1,1.0,,1.0,1.0,,0.0,1.0,True
corpus_original__science_hypothesis__science__unrelated__stage_a_supplement__novelty,corpus_original,science_hypothesis,science,unrelated,stage_a_supplement,novelty,1,1,1.0,,1.0,1.0,,0.0,1.0,True
corpus_original__science_hypothesis__science__unrelated__stage_a_supplement__recognition,corpus_original,science_hypothesis,science,unrelated,stage_a_supplement,recognition,1,1,1.0,,1.0,1.0,,0.0,1.0,True
corpus_original__science_retrieval__agents__empty__stage_a_reference__balanced,corpus_original,science_retrieval,agents,empty,stage_a_reference,balanced,2,1,1.0,,1.0,0.5,,0.0,0.5,True
corpus_original__science_retrieval__agents__empty__stage_a_reference__novelty,corpus_original,science_retrieval,agents,empty,stage_a_reference,novelty,2,1,1.0,,1.0,0.5,,0.0,0.5,True
corpus_original__science_retrieval__agents__empty__stage_a_reference__recognition,corpus_original,science_retrieval,agents,empty,stage_a_reference,recognition,2,1,1.0,,1.0,0.5,,0.0,0.5,True
corpus_original__science_retrieval__agents__empty__stage_a_supplement__balanced,corpus_original,science_retrieval,agents,empty,stage_a_supplement,balanced,2,1,1.0,,1.0,0.5,,0.0,0.5,True
corpus_original__science_retrieval__agents__empty__stage_a_supplement__novelty,corpus_original,science_retrieval,agents,empty,stage_a_supplement,novelty,2,1,1.0,,1.0,0.5,,0.0,0.5,True
corpus_original__science_retrieval__agents__empty__stage_a_supplement__recognition,corpus_original,science_retrieval,agents,empty,stage_a_supplement,recognition,2,1,1.0,,1.0,0.5,,0.0,0.5,True
corpus_original__science_retrieval__agents__related__stage_a_reference__balanced,corpus_original,science_retrieval,agents,related,stage_a_reference,balanced,2,1,1.0,,1.0,0.5,,0.0,0.5,True
corpus_original__science_retrieval__agents__related__stage_a_reference__novelty,corpus_original,science_retrieval,agents,related,stage_a_reference,novelty,2,1,1.0,,1.0,0.5,,0.0,0.5,True
corpus_original__science_retrieval__agents__related__stage_a_reference__recognition,corpus_original,science_retrieval,agents,related,stage_a_reference,recognition,2,1,1.0,,1.0,0.5,,0.0,0.5,True
corpus_original__science_retrieval__agents__related__stage_a_supplement__balanced,corpus_original,science_retrieval,agents,related,stage_a_supplement,balanced,2,1,1.0,,1.0,0.5,,0.0,0.5,True
corpus_original__science_retrieval__agents__related__stage_a_supplement__novelty,corpus_original,science_retrieval,agents,related,stage_a_supplement,novelty,2,1,1.0,,1.0,0.5,,0.0,0.5,True
corpus_original__science_retrieval__agents__related__stage_a_supplement__recognition,corpus_original,science_retrieval,agents,related,stage_a_supplement,recognition,2,1,1.0,,1.0,0.5,,0.0,0.5,True
corpus_original__science_retrieval__agents__unrelated__stage_a_reference__balanced,corpus_original,science_retrieval,agents,unrelated,stage_a_reference,balanced,2,1,1.0,,1.0,0.5,,0.0,0.5,True
corpus_original__science_retrieval__agents__unrelated__stage_a_reference__novelty,corpus_original,science_retrieval,agents,unrelated,stage_a_reference,novelty,2,1,1.0,,1.0,0.5,,0.0,0.5,True
corpus_original__science_retrieval__agents__unrelated__stage_a_reference__recognition,corpus_original,science_retrieval,agents,unrelated,stage_a_reference,recognition,2,1,1.0,,1.0,0.5,,0.0,0.5,True
corpus_original__science_retrieval__agents__unrelated__stage_a_supplement__balanced,corpus_original,science_retrieval,agents,unrelated,stage_a_supplement,balanced,2,1,1.0,,1.0,0.5,,0.0,0.5,True
corpus_original__science_retrieval__agents__unrelated__stage_a_supplement__novelty,corpus_original,science_retrieval,agents,unrelated,stage_a_supplement,novelty,2,1,1.0,,1.0,0.5,,0.0,0.5,True
corpus_original__science_retrieval__agents__unrelated__stage_a_supplement__recognition,corpus_original,science_retrieval,agents,unrelated,stage_a_supplement,recognition,2,1,1.0,,1.0,0.5,,0.0,0.5,True
corpus_original__science_retrieval__learning__empty__stage_a_reference__balanced,corpus_original,science_retrieval,learning,empty,stage_a_reference,balanced,2,1,1.0,,1.0,0.5,,0.0,0.5,True
corpus_original__science_retrieval__learning__empty__stage_a_reference__novelty,corpus_original,science_retrieval,learning,empty,stage_a_reference,novelty,2,1,1.0,,1.0,0.5,,0.0,0.5,True
corpus_original__science_retrieval__learning__empty__stage_a_reference__recognition,corpus_original,science_retrieval,learning,empty,stage_a_reference,recognition,2,1,1.0,,1.0,0.5,,0.0,0.5,True
corpus_original__science_retrieval__learning__empty__stage_a_supplement__balanced,corpus_original,science_retrieval,learning,empty,stage_a_supplement,balanced,2,1,1.0,,1.0,0.5,,0.0,0.5,True
corpus_original__science_retrieval__learning__empty__stage_a_supplement__novelty,corpus_original,science_retrieval,learning,empty,stage_a_supplement,novelty,2,1,1.0,,1.0,0.5,,0.0,0.5,True
corpus_original__science_retrieval__learning__empty__stage_a_supplement__recognition,corpus_original,science_retrieval,learning,empty,stage_a_supplement,recognition,2,1,1.0,,1.0,0.5,,0.0,0.5,True
corpus_original__science_retrieval__learning__related__stage_a_reference__balanced,corpus_original,science_retrieval,learning,related,stage_a_reference,balanced,2,1,1.0,,1.0,0.5,,0.0,0.5,True
corpus_original__science_retrieval__learning__related__stage_a_reference__novelty,corpus_original,science_retrieval,learning,related,stage_a_reference,novelty,2,1,1.0,,1.0,0.5,,0.0,0.5,True
corpus_original__science_retrieval__learning__related__stage_a_reference__recognition,corpus_original,science_retrieval,learning,related,stage_a_reference,recognition,2,1,1.0,,1.0,0.5,,0.0,0.5,True
corpus_original__science_retrieval__learning__related__stage_a_supplement__balanced,corpus_original,science_retrieval,learning,related,stage_a_supplement,balanced,2,1,1.0,,1.0,0.5,,0.0,0.5,True
corpus_original__science_retrieval__learning__related__stage_a_supplement__novelty,corpus_original,science_retrieval,learning,related,stage_a_supplement,novelty,2,1,1.0,,1.0,0.5,,0.0,0.5,True
corpus_original__science_retrieval__learning__related__stage_a_supplement__recognition,corpus_original,science_retrieval,learning,related,stage_a_supplement,recognition,2,1,1.0,,1.0,0.5,,0.0,0.5,True
corpus_original__science_retrieval__learning__unrelated__stage_a_reference__balanced,corpus_original,science_retrieval,learning,unrelated,stage_a_reference,balanced,2,1,1.0,,1.0,0.5,,0.0,0.5,True
corpus_original__science_retrieval__learning__unrelated__stage_a_reference__novelty,corpus_original,science_retrieval,learning,unrelated,stage_a_reference,novelty,2,1,1.0,,1.0,0.5,,0.0,0.5,True
corpus_original__science_retrieval__learning__unrelated__stage_a_reference__recognition,corpus_original,science_retrieval,learning,unrelated,stage_a_reference,recognition,2,1,1.0,,1.0,0.5,,0.0,0.5,True
corpus_original__science_retrieval__learning__unrelated__stage_a_supplement__balanced,corpus_original,science_retrieval,learning,unrelated,stage_a_supplement,balanced,2,1,1.0,,1.0,0.5,,0.0,0.5,True
corpus_original__science_retrieval__learning__unrelated__stage_a_supplement__novelty,corpus_original,science_retrieval,learning,unrelated,stage_a_supplement,novelty,2,1,1.0,,1.0,0.5,,0.0,0.5,True
corpus_original__science_retrieval__learning__unrelated__stage_a_supplement__recognition,corpus_original,science_retrieval,learning,unrelated,stage_a_supplement,recognition,2,1,1.0,,1.0,0.5,,0.0,0.5,True
corpus_original__science_retrieval__science__empty__stage_a_reference__balanced,corpus_original,science_retrieval,science,empty,stage_a_reference,balanced,2,1,1.0,,1.0,0.5,,0.0,0.5,True
corpus_original__science_retrieval__science__empty__stage_a_reference__novelty,corpus_original,science_retrieval,science,empty,stage_a_reference,novelty,2,1,1.0,,1.0,0.5,,0.0,0.5,True
corpus_original__science_retrieval__science__empty__stage_a_reference__recognition,corpus_original,science_retrieval,science,empty,stage_a_reference,recognition,2,1,1.0,,1.0,0.5,,0.0,0.5,True
corpus_original__science_retrieval__science__empty__stage_a_supplement__balanced,corpus_original,science_retrieval,science,empty,stage_a_supplement,balanced,2,1,1.0,,1.0,0.5,,0.0,0.5,True
corpus_original__science_retrieval__science__empty__stage_a_supplement__novelty,corpus_original,science_retrieval,science,empty,stage_a_supplement,novelty,2,1,1.0,,1.0,0.5,,0.0,0.5,True
corpus_original__science_retrieval__science__empty__stage_a_supplement__recognition,corpus_original,science_retrieval,science,empty,stage_a_supplement,recognition,2,1,1.0,,1.0,0.5,,0.0,0.5,True
corpus_original__science_retrieval__science__related__stage_a_reference__balanced,corpus_original,science_retrieval,science,related,stage_a_reference,balanced,2,1,1.0,,1.0,0.5,,0.0,0.5,True
corpus_original__science_retrieval__science__related__stage_a_reference__novelty,corpus_original,science_retrieval,science,related,stage_a_reference,novelty,2,1,1.0,,1.0,0.5,,0.0,0.5,True
corpus_original__science_retrieval__science__related__stage_a_reference__recognition,corpus_original,science_retrieval,science,related,stage_a_reference,recognition,2,1,1.0,,1.0,0.5,,0.0,0.5,True
corpus_original__science_retrieval__science__related__stage_a_supplement__balanced,corpus_original,science_retrieval,science,related,stage_a_supplement,balanced,2,1,1.0,,1.0,0.5,,0.0,0.5,True
corpus_original__science_retrieval__science__related__stage_a_supplement__novelty,corpus_original,science_retrieval,science,related,stage_a_supplement,novelty,2,1,1.0,,1.0,0.5,,0.0,0.5,True
corpus_original__science_retrieval__science__related__stage_a_supplement__recognition,corpus_original,science_retrieval,science,related,stage_a_supplement,recognition,2,1,1.0,,1.0,0.5,,0.0,0.5,True
corpus_original__science_retrieval__science__unrelated__stage_a_reference__balanced,corpus_original,science_retrieval,science,unrelated,stage_a_reference,balanced,2,1,1.0,,1.0,0.5,,0.0,0.5,True
corpus_original__science_retrieval__science__unrelated__stage_a_reference__novelty,corpus_original,science_retrieval,science,unrelated,stage_a_reference,novelty,2,1,1.0,,1.0,0.5,,0.0,0.5,True
corpus_original__science_retrieval__science__unrelated__stage_a_reference__recognition,corpus_original,science_retrieval,science,unrelated,stage_a_reference,recognition,2,1,1.0,,1.0,0.5,,0.0,0.5,True
corpus_original__science_retrieval__science__unrelated__stage_a_supplement__balanced,corpus_original,science_retrieval,science,unrelated,stage_a_supplement,balanced,2,1,1.0,,1.0,0.5,,0.0,0.5,True
corpus_original__science_retrieval__science__unrelated__stage_a_supplement__novelty,corpus_original,science_retrieval,science,unrelated,stage_a_supplement,novelty,2,1,1.0,,1.0,0.5,,0.0,0.5,True
corpus_original__science_retrieval__science__unrelated__stage_a_supplement__recognition,corpus_original,science_retrieval,science,unrelated,stage_a_supplement,recognition,2,1,1.0,,1.0,0.5,,0.0,0.5,True
