comparison,case_id,policy,left,right,jaccard,intersection_over_min,reason,selected_count_delta,qualified_rate_delta
baseline_v03_vs_stage_a_fixed,agent_communication__agents__empty,balanced,baseline_v03,stage_a_fixed,0.3333333333333333,1.0,,-2,-0.6
balanced_vs_novelty,agent_communication__agents__empty,baseline_v03,balanced,novelty,1.0,1.0,,0,0.0
balanced_vs_recognition,agent_communication__agents__empty,baseline_v03,balanced,recognition,1.0,1.0,,0,0.0
baseline_v03_vs_stage_a_fixed,agent_communication__agents__empty,novelty,baseline_v03,stage_a_fixed,0.3333333333333333,1.0,,-2,-0.6
baseline_v03_vs_stage_a_fixed,agent_communication__agents__empty,recognition,baseline_v03,stage_a_fixed,0.3333333333333333,1.0,,-2,-0.6
balanced_vs_novelty,agent_communication__agents__empty,stage_a_fixed,balanced,novelty,1.0,1.0,,0,0.0
balanced_vs_recognition,agent_communication__agents__empty,stage_a_fixed,balanced,recognition,1.0,1.0,,0,0.0
baseline_v03_vs_stage_a_fixed,agent_communication__agents__related,balanced,baseline_v03,stage_a_fixed,0.3333333333333333,1.0,,-2,-0.6
balanced_vs_novelty,agent_communication__agents__related,baseline_v03,balanced,novelty,1.0,1.0,,0,0.0
balanced_vs_recognition,agent_communication__agents__related,baseline_v03,balanced,recognition,1.0,1.0,,0,0.0
baseline_v03_vs_stage_a_fixed,agent_communication__agents__related,novelty,baseline_v03,stage_a_fixed,0.3333333333333333,1.0,,-2,-0.6
baseline_v03_vs_stage_a_fixed,agent_communication__agents__related,recognition,baseline_v03,stage_a_fixed,0.3333333333333333,1.0,,-2,-0.6
balanced_vs_novelty,agent_communication__agents__related,stage_a_fixed,balanced,novelty,1.0,1.0,,0,0.0
balanced_vs_recognition,agent_communication__agents__related,stage_a_fixed,balanced,recognition,1.0,1.0,,0,0.0
baseline_v03_vs_stage_a_fixed,agent_communication__agents__unrelated,balanced,baseline_v03,stage_a_fixed,0.3333333333333333,1.0,,-2,-0.6
balanced_vs_novelty,agent_communication__agents__unrelated,baseline_v03,balanced,novelty,1.0,1.0,,0,0.0
balanced_vs_recognition,agent_communication__agents__unrelated,baseline_v03,balanced,recognition,1.0,1.0,,0,0.0
baseline_v03_vs_stage_a_fixed,agent_communication__agents__unrelated,novelty,baseline_v03,stage_a_fixed,0.3333333333333333,1.0,,-2,-0.6
baseline_v03_vs_stage_a_fixed,agent_communication__agents__unrelated,recognition,baseline_v03,stage_a_fixed,0.3333333333333333,1.0,,-2,-0.6
balanced_vs_novelty,agent_communication__agents__unrelated,stage_a_fixed,balanced,novelty,1.0,1.0,,0,0.0
balanced_vs_recognition,agent_communication__agents__unrelated,stage_a_fixed,balanced,recognition,1.0,1.0,,0,0.0
baseline_v03_vs_stage_a_fixed,agent_communication__learning__empty,balanced,baseline_v03,stage_a_fixed,0.0,0.0,,-2,-0.6
balanced_vs_novelty,agent_communication__learning__empty,baseline_v03,balanced,novelty,0.5,0.6666666666666666,,0,0.0
balanced_vs_recognition,agent_communication__learning__empty,baseline_v03,balanced,recognition,1.0,1.0,,0,0.0
baseline_v03_vs_stage_a_fixed,agent_communication__learning__empty,novelty,baseline_v03,stage_a_fixed,0.0,0.0,,-2,-0.6
baseline_v03_vs_stage_a_fixed,agent_communication__learning__empty,recognition,baseline_v03,stage_a_fixed,0.0,0.0,,-2,-0.6
balanced_vs_novelty,agent_communication__learning__empty,stage_a_fixed,balanced,novelty,1.0,1.0,,0,0.0
balanced_vs_recognition,agent_communication__learning__empty,stage_a_fixed,balanced,recognition,1.0,1.0,,0,0.0
baseline_v03_vs_stage_a_fixed,agent_communication__learning__related,balanced,baseline_v03,stage_a_fixed,0.0,0.0,,-2,-0.6
balanced_vs_novelty,agent_communication__learning__related,baseline_v03,balanced,novelty,0.5,0.6666666666666666,,0,0.0
balanced_vs_recognition,agent_communication__learning__related,baseline_v03,balanced,recognition,1.0,1.0,,0,0.0
baseline_v03_vs_stage_a_fixed,agent_communication__learning__related,novelty,baseline_v03,stage_a_fixed,0.0,0.0,,-2,-0.6
baseline_v03_vs_stage_a_fixed,agent_communication__learning__related,recognition,baseline_v03,stage_a_fixed,0.0,0.0,,-2,-0.6
balanced_vs_novelty,agent_communication__learning__related,stage_a_fixed,balanced,novelty,1.0,1.0,,0,0.0
balanced_vs_recognition,agent_communication__learning__related,stage_a_fixed,balanced,recognition,1.0,1.0,,0,0.0
baseline_v03_vs_stage_a_fixed,agent_communication__learning__unrelated,balanced,baseline_v03,stage_a_fixed,0.0,0.0,,-2,-0.6
balanced_vs_novelty,agent_communication__learning__unrelated,baseline_v03,balanced,novelty,0.5,0.6666666666666666,,0,0.0
balanced_vs_recognition,agent_communication__learning__unrelated,baseline_v03,balanced,recognition,1.0,1.0,,0,0.0
baseline_v03_vs_stage_a_fixed,agent_communication__learning__unrelated,novelty,baseline_v03,stage_a_fixed,0.0,0.0,,-2,-0.6
baseline_v03_vs_stage_a_fixed,agent_communication__learning__unrelated,recognition,baseline_v03,stage_a_fixed,0.0,0.0,,-2,-0.6
balanced_vs_novelty,agent_communication__learning__unrelated,stage_a_fixed,balanced,novelty,1.0,1.0,,0,0.0
balanced_vs_recognition,agent_communication__learning__unrelated,stage_a_fixed,balanced,recognition,1.0,1.0,,0,0.0
baseline_v03_vs_stage_a_fixed,agent_communication__science__empty,balanced,baseline_v03,stage_a_fixed,0.0,0.0,,-2,-0.6
balanced_vs_novelty,agent_communication__science__empty,baseline_v03,balanced,novelty,0.5,0.6666666666666666,,0,0.0
balanced_vs_recognition,agent_communication__science__empty,baseline_v03,balanced,recognition,1.0,1.0,,0,0.0
baseline_v03_vs_stage_a_fixed,agent_communication__science__empty,novelty,baseline_v03,stage_a_fixed,0.0,0.0,,-2,-0.6
baseline_v03_vs_stage_a_fixed,agent_communication__science__empty,recognition,baseline_v03,stage_a_fixed,0.0,0.0,,-2,-0.6
balanced_vs_novelty,agent_communication__science__empty,stage_a_fixed,balanced,novelty,1.0,1.0,,0,0.0
balanced_vs_recognition,agent_communication__science__empty,stage_a_fixed,balanced,recognition,1.0,1.0,,0,0.0
baseline_v03_vs_stage_a_fixed,agent_communication__science__related,balanced,baseline_v03,stage_a_fixed,0.0,0.0,,-2,-0.6
balanced_vs_novelty,agent_communication__science__related,baseline_v03,balanced,novelty,0.5,0.6666666666666666,,0,0.0
balanced_vs_recognition,agent_communication__science__related,baseline_v03,balanced,recognition,1.0,1.0,,0,0.0
baseline_v03_vs_stage_a_fixed,agent_communication__science__related,novelty,baseline_v03,stage_a_fixed,0.0,0.0,,-2,-0.6
baseline_v03_vs_stage_a_fixed,agent_communication__science__related,recognition,baseline_v03,stage_a_fixed,0.0,0.0,,-2,-0.6
balanced_vs_novelty,agent_communication__science__related,stage_a_fixed,balanced,novelty,1.0,1.0,,0,0.0
balanced_vs_recognition,agent_communication__science__related,stage_a_fixed,balanced,recognition,1.0,1.0,,0,0.0
baseline_v03_vs_stage_a_fixed,agent_communication__science__unrelated,balanced,baseline_v03,stage_a_fixed,0.0,0.0,,-2,-0.6
balanced_vs_novelty,agent_communication__science__unrelated,baseline_v03,balanced,novelty,0.5,0.6666666666666666,,0,0.0
balanced_vs_recognition,agent_communication__science__unrelated,baseline_v03,balanced,recognition,1.0,1.0,,0,0.0
baseline_v03_vs_stage_a_fixed,agent_communication__science__unrelated,novelty,baseline_v03,stage_a_fixed,0.0,0.0,,-2,-0.6
baseline_v03_vs_stage_a_fixed,agent_communication__science__unrelated,recognition,baseline_v03,stage_a_fixed,0.0,0.0,,-2,-0.6
balanced_vs_novelty,agent_communication__science__unrelated,stage_a_fixed,balanced,novelty,1.0,1.0,,0,0.0
balanced_vs_recognition,agent_communication__science__unrelated,stage_a_fixed,balanced,recognition,1.0,1.0,,0,0.0
baseline_v03_vs_stage_a_fixed,agent_memory__agents__empty,balanced,baseline_v03,stage_a_fixed,0.25,0.5,,-1,-0.19999999999999996
balanced_vs_novelty,agent_memory__agents__empty,baseline_v03,balanced,novelty,1.0,1.0,,0,0.0
balanced_vs_recognition,agent_memory__agents__empty,baseline_v03,balanced,recognition,1.0,1.0,,0,0.0
baseline_v03_vs_stage_a_fixed,agent_memory__agents__empty,novelty,baseline_v03,stage_a_fixed,0.25,0.5,,-1,-0.19999999999999996
baseline_v03_vs_stage_a_fixed,agent_memory__agents__empty,recognition,baseline_v03,stage_a_fixed,0.25,0.5,,-1,-0.19999999999999996
balanced_vs_novelty,agent_memory__agents__empty,stage_a_fixed,balanced,novelty,1.0,1.0,,0,0.0
balanced_vs_recognition,agent_memory__agents__empty,stage_a_fixed,balanced,recognition,1.0,1.0,,0,0.0
baseline_v03_vs_stage_a_fixed,agent_memory__agents__related,balanced,baseline_v03,stage_a_fixed,0.25,0.5,,-1,-0.19999999999999996
balanced_vs_novelty,agent_memory__agents__related,baseline_v03,balanced,novelty,1.0,1.0,,0,0.0
balanced_vs_recognition,agent_memory__agents__related,baseline_v03,balanced,recognition,1.0,1.0,,0,0.0
baseline_v03_vs_stage_a_fixed,agent_memory__agents__related,novelty,baseline_v03,stage_a_fixed,0.25,0.5,,-1,-0.19999999999999996
baseline_v03_vs_stage_a_fixed,agent_memory__agents__related,recognition,baseline_v03,stage_a_fixed,0.25,0.5,,-1,-0.19999999999999996
balanced_vs_novelty,agent_memory__agents__related,stage_a_fixed,balanced,novelty,1.0,1.0,,0,0.0
balanced_vs_recognition,agent_memory__agents__related,stage_a_fixed,balanced,recognition,1.0,1.0,,0,0.0
baseline_v03_vs_stage_a_fixed,agent_memory__agents__unrelated,balanced,baseline_v03,stage_a_fixed,0.25,0.5,,-1,-0.19999999999999996
balanced_vs_novelty,agent_memory__agents__unrelated,baseline_v03,balanced,novelty,1.0,1.0,,0,0.0
balanced_vs_recognition,agent_memory__agents__unrelated,baseline_v03,balanced,recognition,1.0,1.0,,0,0.0
baseline_v03_vs_stage_a_fixed,agent_memory__agents__unrelated,novelty,baseline_v03,stage_a_fixed,0.25,0.5,,-1,-0.19999999999999996
baseline_v03_vs_stage_a_fixed,agent_memory__agents__unrelated,recognition,baseline_v03,stage_a_fixed,0.25,0.5,,-1,-0.19999999999999996
balanced_vs_novelty,agent_memory__agents__unrelated,stage_a_fixed,balanced,novelty,1.0,1.0,,0,0.0
balanced_vs_recognition,agent_memory__agents__unrelated,stage_a_fixed,balanced,recognition,1.0,1.0,,0,0.0
baseline_v03_vs_stage_a_fixed,agent_memory__learning__empty,balanced,baseline_v03,stage_a_fixed,0.25,0.5,,-1,-0.19999999999999996
balanced_vs_novelty,agent_memory__learning__empty,baseline_v03,balanced,novelty,1.0,1.0,,0,0.0
balanced_vs_recognition,agent_memory__learning__empty,baseline_v03,balanced,recognition,1.0,1.0,,0,0.0
baseline_v03_vs_stage_a_fixed,agent_memory__learning__empty,novelty,baseline_v03,stage_a_fixed,0.25,0.5,,-1,-0.19999999999999996
baseline_v03_vs_stage_a_fixed,agent_memory__learning__empty,recognition,baseline_v03,stage_a_fixed,0.25,0.5,,-1,-0.19999999999999996
balanced_vs_novelty,agent_memory__learning__empty,stage_a_fixed,balanced,novelty,1.0,1.0,,0,0.0
balanced_vs_recognition,agent_memory__learning__empty,stage_a_fixed,balanced,recognition,1.0,1.0,,0,0.0
baseline_v03_vs_stage_a_fixed,agent_memory__learning__related,balanced,baseline_v03,stage_a_fixed,0.25,0.5,,-1,-0.19999999999999996
balanced_vs_novelty,agent_memory__learning__related,baseline_v03,balanced,novelty,1.0,1.0,,0,0.0
balanced_vs_recognition,agent_memory__learning__related,baseline_v03,balanced,recognition,1.0,1.0,,0,0.0
baseline_v03_vs_stage_a_fixed,agent_memory__learning__related,novelty,baseline_v03,stage_a_fixed,0.25,0.5,,-1,-0.19999999999999996
baseline_v03_vs_stage_a_fixed,agent_memory__learning__related,recognition,baseline_v03,stage_a_fixed,0.25,0.5,,-1,-0.19999999999999996
balanced_vs_novelty,agent_memory__learning__related,stage_a_fixed,balanced,novelty,1.0,1.0,,0,0.0
balanced_vs_recognition,agent_memory__learning__related,stage_a_fixed,balanced,recognition,1.0,1.0,,0,0.0
baseline_v03_vs_stage_a_fixed,agent_memory__learning__unrelated,balanced,baseline_v03,stage_a_fixed,0.25,0.5,,-1,-0.19999999999999996
balanced_vs_novelty,agent_memory__learning__unrelated,baseline_v03,balanced,novelty,1.0,1.0,,0,0.0
balanced_vs_recognition,agent_memory__learning__unrelated,baseline_v03,balanced,recognition,1.0,1.0,,0,0.0
baseline_v03_vs_stage_a_fixed,agent_memory__learning__unrelated,novelty,baseline_v03,stage_a_fixed,0.25,0.5,,-1,-0.19999999999999996
baseline_v03_vs_stage_a_fixed,agent_memory__learning__unrelated,recognition,baseline_v03,stage_a_fixed,0.25,0.5,,-1,-0.19999999999999996
balanced_vs_novelty,agent_memory__learning__unrelated,stage_a_fixed,balanced,novelty,1.0,1.0,,0,0.0
balanced_vs_recognition,agent_memory__learning__unrelated,stage_a_fixed,balanced,recognition,1.0,1.0,,0,0.0
baseline_v03_vs_stage_a_fixed,agent_memory__science__empty,balanced,baseline_v03,stage_a_fixed,0.25,0.5,,-1,-0.19999999999999996
balanced_vs_novelty,agent_memory__science__empty,baseline_v03,balanced,novelty,1.0,1.0,,0,0.0
balanced_vs_recognition,agent_memory__science__empty,baseline_v03,balanced,recognition,1.0,1.0,,0,0.0
baseline_v03_vs_stage_a_fixed,agent_memory__science__empty,novelty,baseline_v03,stage_a_fixed,0.25,0.5,,-1,-0.19999999999999996
baseline_v03_vs_stage_a_fixed,agent_memory__science__empty,recognition,baseline_v03,stage_a_fixed,0.25,0.5,,-1,-0.19999999999999996
balanced_vs_novelty,agent_memory__science__empty,stage_a_fixed,balanced,novelty,1.0,1.0,,0,0.0
balanced_vs_recognition,agent_memory__science__empty,stage_a_fixed,balanced,recognition,1.0,1.0,,0,0.0
baseline_v03_vs_stage_a_fixed,agent_memory__science__related,balanced,baseline_v03,stage_a_fixed,0.25,0.5,,-1,-0.19999999999999996
balanced_vs_novelty,agent_memory__science__related,baseline_v03,balanced,novelty,1.0,1.0,,0,0.0
balanced_vs_recognition,agent_memory__science__related,baseline_v03,balanced,recognition,1.0,1.0,,0,0.0
baseline_v03_vs_stage_a_fixed,agent_memory__science__related,novelty,baseline_v03,stage_a_fixed,0.25,0.5,,-1,-0.19999999999999996
baseline_v03_vs_stage_a_fixed,agent_memory__science__related,recognition,baseline_v03,stage_a_fixed,0.25,0.5,,-1,-0.19999999999999996
balanced_vs_novelty,agent_memory__science__related,stage_a_fixed,balanced,novelty,1.0,1.0,,0,0.0
balanced_vs_recognition,agent_memory__science__related,stage_a_fixed,balanced,recognition,1.0,1.0,,0,0.0
baseline_v03_vs_stage_a_fixed,agent_memory__science__unrelated,balanced,baseline_v03,stage_a_fixed,0.25,0.5,,-1,-0.19999999999999996
balanced_vs_novelty,agent_memory__science__unrelated,baseline_v03,balanced,novelty,1.0,1.0,,0,0.0
balanced_vs_recognition,agent_memory__science__unrelated,baseline_v03,balanced,recognition,1.0,1.0,,0,0.0
baseline_v03_vs_stage_a_fixed,agent_memory__science__unrelated,novelty,baseline_v03,stage_a_fixed,0.25,0.5,,-1,-0.19999999999999996
baseline_v03_vs_stage_a_fixed,agent_memory__science__unrelated,recognition,baseline_v03,stage_a_fixed,0.25,0.5,,-1,-0.19999999999999996
balanced_vs_novelty,agent_memory__science__unrelated,stage_a_fixed,balanced,novelty,1.0,1.0,,0,0.0
balanced_vs_recognition,agent_memory__science__unrelated,stage_a_fixed,balanced,recognition,1.0,1.0,,0,0.0
baseline_v03_vs_stage_a_fixed,agent_planning__agents__empty,balanced,baseline_v03,stage_a_fixed,0.3333333333333333,1.0,,-2,-0.65
balanced_vs_novelty,agent_planning__agents__empty,baseline_v03,balanced,novelty,1.0,1.0,,0,0.0
balanced_vs_recognition,agent_planning__agents__empty,baseline_v03,balanced,recognition,1.0,1.0,,0,0.0
baseline_v03_vs_stage_a_fixed,agent_planning__agents__empty,novelty,baseline_v03,stage_a_fixed,0.3333333333333333,1.0,,-2,-0.65
baseline_v03_vs_stage_a_fixed,agent_planning__agents__empty,recognition,baseline_v03,stage_a_fixed,0.3333333333333333,1.0,,-2,-0.65
balanced_vs_novelty,agent_planning__agents__empty,stage_a_fixed,balanced,novelty,1.0,1.0,,0,0.0
balanced_vs_recognition,agent_planning__agents__empty,stage_a_fixed,balanced,recognition,1.0,1.0,,0,0.0
baseline_v03_vs_stage_a_fixed,agent_planning__agents__related,balanced,baseline_v03,stage_a_fixed,0.3333333333333333,1.0,,-2,-0.65
balanced_vs_novelty,agent_planning__agents__related,baseline_v03,balanced,novelty,1.0,1.0,,0,0.0
balanced_vs_recognition,agent_planning__agents__related,baseline_v03,balanced,recognition,1.0,1.0,,0,0.0
baseline_v03_vs_stage_a_fixed,agent_planning__agents__related,novelty,baseline_v03,stage_a_fixed,0.3333333333333333,1.0,,-2,-0.65
baseline_v03_vs_stage_a_fixed,agent_planning__agents__related,recognition,baseline_v03,stage_a_fixed,0.3333333333333333,1.0,,-2,-0.65
balanced_vs_novelty,agent_planning__agents__related,stage_a_fixed,balanced,novelty,1.0,1.0,,0,0.0
balanced_vs_recognition,agent_planning__agents__related,stage_a_fixed,balanced,recognition,1.0,1.0,,0,0.0
baseline_v03_vs_stage_a_fixed,agent_planning__agents__unrelated,balanced,baseline_v03,stage_a_fixed,0.3333333333333333,1.0,,-2,-0.65
balanced_vs_novelty,agent_planning__agents__unrelated,baseline_v03,balanced,novelty,1.0,1.0,,0,0.0
balanced_vs_recognition,agent_planning__agents__unrelated,baseline_v03,balanced,recognition,1.0,1.0,,0,0.0
baseline_v03_vs_stage_a_fixed,agent_planning__agents__unrelated,novelty,baseline_v03,stage_a_fixed,0.3333333333333333,1.0,,-2,-0.65
baseline_v03_vs_stage_a_fixed,agent_planning__agents__unrelated,recognition,baseline_v03,stage_a_fixed,0.3333333333333333,1.0,,-2,-0.65
balanced_vs_novelty,agent_planning__agents__unrelated,stage_a_fixed,balanced,novelty,1.0,1.0,,0,0.0
balanced_vs_recognition,agent_planning__agents__unrelated,stage_a_fixed,balanced,recognition,1.0,1.0,,0,0.0
baseline_v03_vs_stage_a_fixed,agent_planning__learning__empty,balanced,baseline_v03,stage_a_fixed,0.0,0.0,,-2,-0.65
balanced_vs_novelty,agent_planning__learning__empty,baseline_v03,balanced,novelty,0.5,0.6666666666666666,,0,0.0
balanced_vs_recognition,agent_planning__learning__empty,baseline_v03,balanced,recognition,1.0,1.0,,0,0.0
baseline_v03_vs_stage_a_fixed,agent_planning__learning__empty,novelty,baseline_v03,stage_a_fixed,0.0,0.0,,-2,-0.65
baseline_v03_vs_stage_a_fixed,agent_planning__learning__empty,recognition,baseline_v03,stage_a_fixed,0.0,0.0,,-2,-0.65
balanced_vs_novelty,agent_planning__learning__empty,stage_a_fixed,balanced,novelty,1.0,1.0,,0,0.0
balanced_vs_recognition,agent_planning__learning__empty,stage_a_fixed,balanced,recognition,1.0,1.0,,0,0.0
baseline_v03_vs_stage_a_fixed,agent_planning__learning__related,balanced,baseline_v03,stage_a_fixed,0.0,0.0,,-2,-0.65
balanced_vs_novelty,agent_planning__learning__related,baseline_v03,balanced,novelty,0.5,0.6666666666666666,,0,0.0
balanced_vs_recognition,agent_planning__learning__related,baseline_v03,balanced,recognition,1.0,1.0,,0,0.0
baseline_v03_vs_stage_a_fixed,agent_planning__learning__related,novelty,baseline_v03,stage_a_fixed,0.0,0.0,,-2,-0.65
baseline_v03_vs_stage_a_fixed,agent_planning__learning__related,recognition,baseline_v03,stage_a_fixed,0.0,0.0,,-2,-0.65
balanced_vs_novelty,agent_planning__learning__related,stage_a_fixed,balanced,novelty,1.0,1.0,,0,0.0
balanced_vs_recognition,agent_planning__learning__related,stage_a_fixed,balanced,recognition,1.0,1.0,,0,0.0
baseline_v03_vs_stage_a_fixed,agent_planning__learning__unrelated,balanced,baseline_v03,stage_a_fixed,0.0,0.0,,-2,-0.65
balanced_vs_novelty,agent_planning__learning__unrelated,baseline_v03,balanced,novelty,0.5,0.6666666666666666,,0,0.0
balanced_vs_recognition,agent_planning__learning__unrelated,baseline_v03,balanced,recognition,1.0,1.0,,0,0.0
baseline_v03_vs_stage_a_fixed,agent_planning__learning__unrelated,novelty,baseline_v03,stage_a_fixed,0.0,0.0,,-2,-0.65
baseline_v03_vs_stage_a_fixed,agent_planning__learning__unrelated,recognition,baseline_v03,stage_a_fixed,0.0,0.0,,-2,-0.65
balanced_vs_novelty,agent_planning__learning__unrelated,stage_a_fixed,balanced,novelty,1.0,1.0,,0,0.0
balanced_vs_recognition,agent_planning__learning__unrelated,stage_a_fixed,balanced,recognition,1.0,1.0,,0,0.0
baseline_v03_vs_stage_a_fixed,agent_planning__science__empty,balanced,baseline_v03,stage_a_fixed,0.0,0.0,,-2,-0.65
balanced_vs_novelty,agent_planning__science__empty,baseline_v03,balanced,novelty,0.5,0.6666666666666666,,0,0.0
balanced_vs_recognition,agent_planning__science__empty,baseline_v03,balanced,recognition,1.0,1.0,,0,0.0
baseline_v03_vs_stage_a_fixed,agent_planning__science__empty,novelty,baseline_v03,stage_a_fixed,0.0,0.0,,-2,-0.65
baseline_v03_vs_stage_a_fixed,agent_planning__science__empty,recognition,baseline_v03,stage_a_fixed,0.0,0.0,,-2,-0.65
balanced_vs_novelty,agent_planning__science__empty,stage_a_fixed,balanced,novelty,1.0,1.0,,0,0.0
balanced_vs_recognition,agent_planning__science__empty,stage_a_fixed,balanced,recognition,1.0,1.0,,0,0.0
baseline_v03_vs_stage_a_fixed,agent_planning__science__related,balanced,baseline_v03,stage_a_fixed,0.0,0.0,,-2,-0.65
balanced_vs_novelty,agent_planning__science__related,baseline_v03,balanced,novelty,0.5,0.6666666666666666,,0,0.0
balanced_vs_recognition,agent_planning__science__related,baseline_v03,balanced,recognition,1.0,1.0,,0,0.0
baseline_v03_vs_stage_a_fixed,agent_planning__science__related,novelty,baseline_v03,stage_a_fixed,0.0,0.0,,-2,-0.65
baseline_v03_vs_stage_a_fixed,agent_planning__science__related,recognition,baseline_v03,stage_a_fixed,0.0,0.0,,-2,-0.65
balanced_vs_novelty,agent_planning__science__related,stage_a_fixed,balanced,novelty,1.0,1.0,,0,0.0
balanced_vs_recognition,agent_planning__science__related,stage_a_fixed,balanced,recognition,1.0,1.0,,0,0.0
baseline_v03_vs_stage_a_fixed,agent_planning__science__unrelated,balanced,baseline_v03,stage_a_fixed,0.0,0.0,,-2,-0.65
balanced_vs_novelty,agent_planning__science__unrelated,baseline_v03,balanced,novelty,0.5,0.6666666666666666,,0,0.0
balanced_vs_recognition,agent_planning__science__unrelated,baseline_v03,balanced,recognition,1.0,1.0,,0,0.0
baseline_v03_vs_stage_a_fixed,agent_planning__science__unrelated,novelty,baseline_v03,stage_a_fixed,0.0,0.0,,-2,-0.65
baseline_v03_vs_stage_a_fixed,agent_planning__science__unrelated,recognition,baseline_v03,stage_a_fixed,0.0,0.0,,-2,-0.65
balanced_vs_novelty,agent_planning__science__unrelated,stage_a_fixed,balanced,novelty,1.0,1.0,,0,0.0
balanced_vs_recognition,agent_planning__science__unrelated,stage_a_fixed,balanced,recognition,1.0,1.0,,0,0.0
baseline_v03_vs_stage_a_fixed,agent_tools__agents__empty,balanced,baseline_v03,stage_a_fixed,0.3333333333333333,1.0,,-2,-0.65
balanced_vs_novelty,agent_tools__agents__empty,baseline_v03,balanced,novelty,1.0,1.0,,0,0.0
balanced_vs_recognition,agent_tools__agents__empty,baseline_v03,balanced,recognition,1.0,1.0,,0,0.0
baseline_v03_vs_stage_a_fixed,agent_tools__agents__empty,novelty,baseline_v03,stage_a_fixed,0.3333333333333333,1.0,,-2,-0.65
baseline_v03_vs_stage_a_fixed,agent_tools__agents__empty,recognition,baseline_v03,stage_a_fixed,0.3333333333333333,1.0,,-2,-0.65
balanced_vs_novelty,agent_tools__agents__empty,stage_a_fixed,balanced,novelty,1.0,1.0,,0,0.0
balanced_vs_recognition,agent_tools__agents__empty,stage_a_fixed,balanced,recognition,1.0,1.0,,0,0.0
baseline_v03_vs_stage_a_fixed,agent_tools__agents__related,balanced,baseline_v03,stage_a_fixed,0.3333333333333333,1.0,,-2,-0.65
balanced_vs_novelty,agent_tools__agents__related,baseline_v03,balanced,novelty,1.0,1.0,,0,0.0
balanced_vs_recognition,agent_tools__agents__related,baseline_v03,balanced,recognition,1.0,1.0,,0,0.0
baseline_v03_vs_stage_a_fixed,agent_tools__agents__related,novelty,baseline_v03,stage_a_fixed,0.3333333333333333,1.0,,-2,-0.65
baseline_v03_vs_stage_a_fixed,agent_tools__agents__related,recognition,baseline_v03,stage_a_fixed,0.3333333333333333,1.0,,-2,-0.65
balanced_vs_novelty,agent_tools__agents__related,stage_a_fixed,balanced,novelty,1.0,1.0,,0,0.0
balanced_vs_recognition,agent_tools__agents__related,stage_a_fixed,balanced,recognition,1.0,1.0,,0,0.0
baseline_v03_vs_stage_a_fixed,agent_tools__agents__unrelated,balanced,baseline_v03,stage_a_fixed,0.3333333333333333,1.0,,-2,-0.65
balanced_vs_novelty,agent_tools__agents__unrelated,baseline_v03,balanced,novelty,1.0,1.0,,0,0.0
balanced_vs_recognition,agent_tools__agents__unrelated,baseline_v03,balanced,recognition,1.0,1.0,,0,0.0
baseline_v03_vs_stage_a_fixed,agent_tools__agents__unrelated,novelty,baseline_v03,stage_a_fixed,0.3333333333333333,1.0,,-2,-0.65
baseline_v03_vs_stage_a_fixed,agent_tools__agents__unrelated,recognition,baseline_v03,stage_a_fixed,0.3333333333333333,1.0,,-2,-0.65
balanced_vs_novelty,agent_tools__agents__unrelated,stage_a_fixed,balanced,novelty,1.0,1.0,,0,0.0
balanced_vs_recognition,agent_tools__agents__unrelated,stage_a_fixed,balanced,recognition,1.0,1.0,,0,0.0
baseline_v03_vs_stage_a_fixed,agent_tools__learning__empty,balanced,baseline_v03,stage_a_fixed,0.3333333333333333,1.0,,-2,-0.65
balanced_vs_novelty,agent_tools__learning__empty,baseline_v03,balanced,novelty,1.0,1.0,,0,0.0
balanced_vs_recognition,agent_tools__learning__empty,baseline_v03,balanced,recognition,1.0,1.0,,0,0.0
baseline_v03_vs_stage_a_fixed,agent_tools__learning__empty,novelty,baseline_v03,stage_a_fixed,0.3333333333333333,1.0,,-2,-0.65
baseline_v03_vs_stage_a_fixed,agent_tools__learning__empty,recognition,baseline_v03,stage_a_fixed,0.3333333333333333,1.0,,-2,-0.65
balanced_vs_novelty,agent_tools__learning__empty,stage_a_fixed,balanced,novelty,1.0,1.0,,0,0.0
balanced_vs_recognition,agent_tools__learning__empty,stage_a_fixed,balanced,recognition,1.0,1.0,,0,0.0
baseline_v03_vs_stage_a_fixed,agent_tools__learning__related,balanced,baseline_v03,stage_a_fixed,0.3333333333333333,1.0,,-2,-0.65
balanced_vs_novelty,agent_tools__learning__related,baseline_v03,balanced,novelty,1.0,1.0,,0,0.0
balanced_vs_recognition,agent_tools__learning__related,baseline_v03,balanced,recognition,1.0,1.0,,0,0.0
baseline_v03_vs_stage_a_fixed,agent_tools__learning__related,novelty,baseline_v03,stage_a_fixed,0.3333333333333333,1.0,,-2,-0.65
baseline_v03_vs_stage_a_fixed,agent_tools__learning__related,recognition,baseline_v03,stage_a_fixed,0.3333333333333333,1.0,,-2,-0.65
balanced_vs_novelty,agent_tools__learning__related,stage_a_fixed,balanced,novelty,1.0,1.0,,0,0.0
balanced_vs_recognition,agent_tools__learning__related,stage_a_fixed,balanced,recognition,1.0,1.0,,0,0.0
baseline_v03_vs_stage_a_fixed,agent_tools__learning__unrelated,balanced,baseline_v03,stage_a_fixed,0.3333333333333333,1.0,,-2,-0.65
balanced_vs_novelty,agent_tools__learning__unrelated,baseline_v03,balanced,novelty,1.0,1.0,,0,0.0
balanced_vs_recognition,agent_tools__learning__unrelated,baseline_v03,balanced,recognition,1.0,1.0,,0,0.0
baseline_v03_vs_stage_a_fixed,agent_tools__learning__unrelated,novelty,baseline_v03,stage_a_fixed,0.3333333333333333,1.0,,-2,-0.65
baseline_v03_vs_stage_a_fixed,agent_tools__learning__unrelated,recognition,baseline_v03,stage_a_fixed,0.3333333333333333,1.0,,-2,-0.65
balanced_vs_novelty,agent_tools__learning__unrelated,stage_a_fixed,balanced,novelty,1.0,1.0,,0,0.0
balanced_vs_recognition,agent_tools__learning__unrelated,stage_a_fixed,balanced,recognition,1.0,1.0,,0,0.0
baseline_v03_vs_stage_a_fixed,agent_tools__science__empty,balanced,baseline_v03,stage_a_fixed,0.3333333333333333,1.0,,-2,-0.65
balanced_vs_novelty,agent_tools__science__empty,baseline_v03,balanced,novelty,1.0,1.0,,0,0.0
balanced_vs_recognition,agent_tools__science__empty,baseline_v03,balanced,recognition,1.0,1.0,,0,0.0
baseline_v03_vs_stage_a_fixed,agent_tools__science__empty,novelty,baseline_v03,stage_a_fixed,0.3333333333333333,1.0,,-2,-0.65
baseline_v03_vs_stage_a_fixed,agent_tools__science__empty,recognition,baseline_v03,stage_a_fixed,0.3333333333333333,1.0,,-2,-0.65
balanced_vs_novelty,agent_tools__science__empty,stage_a_fixed,balanced,novelty,1.0,1.0,,0,0.0
balanced_vs_recognition,agent_tools__science__empty,stage_a_fixed,balanced,recognition,1.0,1.0,,0,0.0
baseline_v03_vs_stage_a_fixed,agent_tools__science__related,balanced,baseline_v03,stage_a_fixed,0.3333333333333333,1.0,,-2,-0.65
balanced_vs_novelty,agent_tools__science__related,baseline_v03,balanced,novelty,1.0,1.0,,0,0.0
balanced_vs_recognition,agent_tools__science__related,baseline_v03,balanced,recognition,1.0,1.0,,0,0.0
baseline_v03_vs_stage_a_fixed,agent_tools__science__related,novelty,baseline_v03,stage_a_fixed,0.3333333333333333,1.0,,-2,-0.65
baseline_v03_vs_stage_a_fixed,agent_tools__science__related,recognition,baseline_v03,stage_a_fixed,0.3333333333333333,1.0,,-2,-0.65
balanced_vs_novelty,agent_tools__science__related,stage_a_fixed,balanced,novelty,1.0,1.0,,0,0.0
balanced_vs_recognition,agent_tools__science__related,stage_a_fixed,balanced,recognition,1.0,1.0,,0,0.0
baseline_v03_vs_stage_a_fixed,agent_tools__science__unrelated,balanced,baseline_v03,stage_a_fixed,0.3333333333333333,1.0,,-2,-0.65
balanced_vs_novelty,agent_tools__science__unrelated,baseline_v03,balanced,novelty,1.0,1.0,,0,0.0
balanced_vs_recognition,agent_tools__science__unrelated,baseline_v03,balanced,recognition,1.0,1.0,,0,0.0
baseline_v03_vs_stage_a_fixed,agent_tools__science__unrelated,novelty,baseline_v03,stage_a_fixed,0.3333333333333333,1.0,,-2,-0.65
baseline_v03_vs_stage_a_fixed,agent_tools__science__unrelated,recognition,baseline_v03,stage_a_fixed,0.3333333333333333,1.0,,-2,-0.65
balanced_vs_novelty,agent_tools__science__unrelated,stage_a_fixed,balanced,novelty,1.0,1.0,,0,0.0
balanced_vs_recognition,agent_tools__science__unrelated,stage_a_fixed,balanced,recognition,1.0,1.0,,0,0.0
baseline_v03_vs_stage_a_fixed,learning_exploration__agents__empty,balanced,baseline_v03,stage_a_fixed,0.3333333333333333,1.0,,-2,-0.65
balanced_vs_novelty,learning_exploration__agents__empty,baseline_v03,balanced,novelty,1.0,1.0,,0,0.0
balanced_vs_recognition,learning_exploration__agents__empty,baseline_v03,balanced,recognition,1.0,1.0,,0,0.0
baseline_v03_vs_stage_a_fixed,learning_exploration__agents__empty,novelty,baseline_v03,stage_a_fixed,0.3333333333333333,1.0,,-2,-0.65
baseline_v03_vs_stage_a_fixed,learning_exploration__agents__empty,recognition,baseline_v03,stage_a_fixed,0.3333333333333333,1.0,,-2,-0.65
balanced_vs_novelty,learning_exploration__agents__empty,stage_a_fixed,balanced,novelty,1.0,1.0,,0,0.0
balanced_vs_recognition,learning_exploration__agents__empty,stage_a_fixed,balanced,recognition,1.0,1.0,,0,0.0
baseline_v03_vs_stage_a_fixed,learning_exploration__agents__related,balanced,baseline_v03,stage_a_fixed,0.3333333333333333,1.0,,-2,-0.65
balanced_vs_novelty,learning_exploration__agents__related,baseline_v03,balanced,novelty,1.0,1.0,,0,0.0
balanced_vs_recognition,learning_exploration__agents__related,baseline_v03,balanced,recognition,1.0,1.0,,0,0.0
baseline_v03_vs_stage_a_fixed,learning_exploration__agents__related,novelty,baseline_v03,stage_a_fixed,0.3333333333333333,1.0,,-2,-0.65
baseline_v03_vs_stage_a_fixed,learning_exploration__agents__related,recognition,baseline_v03,stage_a_fixed,0.3333333333333333,1.0,,-2,-0.65
balanced_vs_novelty,learning_exploration__agents__related,stage_a_fixed,balanced,novelty,1.0,1.0,,0,0.0
balanced_vs_recognition,learning_exploration__agents__related,stage_a_fixed,balanced,recognition,1.0,1.0,,0,0.0
baseline_v03_vs_stage_a_fixed,learning_exploration__agents__unrelated,balanced,baseline_v03,stage_a_fixed,0.3333333333333333,1.0,,-2,-0.65
balanced_vs_novelty,learning_exploration__agents__unrelated,baseline_v03,balanced,novelty,1.0,1.0,,0,0.0
balanced_vs_recognition,learning_exploration__agents__unrelated,baseline_v03,balanced,recognition,1.0,1.0,,0,0.0
baseline_v03_vs_stage_a_fixed,learning_exploration__agents__unrelated,novelty,baseline_v03,stage_a_fixed,0.3333333333333333,1.0,,-2,-0.65
baseline_v03_vs_stage_a_fixed,learning_exploration__agents__unrelated,recognition,baseline_v03,stage_a_fixed,0.3333333333333333,1.0,,-2,-0.65
balanced_vs_novelty,learning_exploration__agents__unrelated,stage_a_fixed,balanced,novelty,1.0,1.0,,0,0.0
balanced_vs_recognition,learning_exploration__agents__unrelated,stage_a_fixed,balanced,recognition,1.0,1.0,,0,0.0
baseline_v03_vs_stage_a_fixed,learning_exploration__learning__empty,balanced,baseline_v03,stage_a_fixed,0.3333333333333333,1.0,,-2,-0.65
balanced_vs_novelty,learning_exploration__learning__empty,baseline_v03,balanced,novelty,1.0,1.0,,0,0.0
balanced_vs_recognition,learning_exploration__learning__empty,baseline_v03,balanced,recognition,1.0,1.0,,0,0.0
baseline_v03_vs_stage_a_fixed,learning_exploration__learning__empty,novelty,baseline_v03,stage_a_fixed,0.3333333333333333,1.0,,-2,-0.65
baseline_v03_vs_stage_a_fixed,learning_exploration__learning__empty,recognition,baseline_v03,stage_a_fixed,0.3333333333333333,1.0,,-2,-0.65
balanced_vs_novelty,learning_exploration__learning__empty,stage_a_fixed,balanced,novelty,1.0,1.0,,0,0.0
balanced_vs_recognition,learning_exploration__learning__empty,stage_a_fixed,balanced,recognition,1.0,1.0,,0,0.0
baseline_v03_vs_stage_a_fixed,learning_exploration__learning__related,balanced,baseline_v03,stage_a_fixed,0.3333333333333333,1.0,,-2,-0.65
balanced_vs_novelty,learning_exploration__learning__related,baseline_v03,balanced,novelty,1.0,1.0,,0,0.0
balanced_vs_recognition,learning_exploration__learning__related,baseline_v03,balanced,recognition,1.0,1.0,,0,0.0
baseline_v03_vs_stage_a_fixed,learning_exploration__learning__related,novelty,baseline_v03,stage_a_fixed,0.3333333333333333,1.0,,-2,-0.65
baseline_v03_vs_stage_a_fixed,learning_exploration__learning__related,recognition,baseline_v03,stage_a_fixed,0.3333333333333333,1.0,,-2,-0.65
balanced_vs_novelty,learning_exploration__learning__related,stage_a_fixed,balanced,novelty,1.0,1.0,,0,0.0
balanced_vs_recognition,learning_exploration__learning__related,stage_a_fixed,balanced,recognition,1.0,1.0,,0,0.0
baseline_v03_vs_stage_a_fixed,learning_exploration__learning__unrelated,balanced,baseline_v03,stage_a_fixed,0.3333333333333333,1.0,,-2,-0.65
balanced_vs_novelty,learning_exploration__learning__unrelated,baseline_v03,balanced,novelty,1.0,1.0,,0,0.0
balanced_vs_recognition,learning_exploration__learning__unrelated,baseline_v03,balanced,recognition,1.0,1.0,,0,0.0
baseline_v03_vs_stage_a_fixed,learning_exploration__learning__unrelated,novelty,baseline_v03,stage_a_fixed,0.3333333333333333,1.0,,-2,-0.65
baseline_v03_vs_stage_a_fixed,learning_exploration__learning__unrelated,recognition,baseline_v03,stage_a_fixed,0.3333333333333333,1.0,,-2,-0.65
balanced_vs_novelty,learning_exploration__learning__unrelated,stage_a_fixed,balanced,novelty,1.0,1.0,,0,0.0
balanced_vs_recognition,learning_exploration__learning__unrelated,stage_a_fixed,balanced,recognition,1.0,1.0,,0,0.0
baseline_v03_vs_stage_a_fixed,learning_exploration__science__empty,balanced,baseline_v03,stage_a_fixed,0.3333333333333333,1.0,,-2,-0.65
balanced_vs_novelty,learning_exploration__science__empty,baseline_v03,balanced,novelty,1.0,1.0,,0,0.0
balanced_vs_recognition,learning_exploration__science__empty,baseline_v03,balanced,recognition,1.0,1.0,,0,0.0
baseline_v03_vs_stage_a_fixed,learning_exploration__science__empty,novelty,baseline_v03,stage_a_fixed,0.3333333333333333,1.0,,-2,-0.65
baseline_v03_vs_stage_a_fixed,learning_exploration__science__empty,recognition,baseline_v03,stage_a_fixed,0.3333333333333333,1.0,,-2,-0.65
balanced_vs_novelty,learning_exploration__science__empty,stage_a_fixed,balanced,novelty,1.0,1.0,,0,0.0
balanced_vs_recognition,learning_exploration__science__empty,stage_a_fixed,balanced,recognition,1.0,1.0,,0,0.0
baseline_v03_vs_stage_a_fixed,learning_exploration__science__related,balanced,baseline_v03,stage_a_fixed,0.3333333333333333,1.0,,-2,-0.65
balanced_vs_novelty,learning_exploration__science__related,baseline_v03,balanced,novelty,1.0,1.0,,0,0.0
balanced_vs_recognition,learning_exploration__science__related,baseline_v03,balanced,recognition,1.0,1.0,,0,0.0
baseline_v03_vs_stage_a_fixed,learning_exploration__science__related,novelty,baseline_v03,stage_a_fixed,0.3333333333333333,1.0,,-2,-0.65
baseline_v03_vs_stage_a_fixed,learning_exploration__science__related,recognition,baseline_v03,stage_a_fixed,0.3333333333333333,1.0,,-2,-0.65
balanced_vs_novelty,learning_exploration__science__related,stage_a_fixed,balanced,novelty,1.0,1.0,,0,0.0
balanced_vs_recognition,learning_exploration__science__related,stage_a_fixed,balanced,recognition,1.0,1.0,,0,0.0
baseline_v03_vs_stage_a_fixed,learning_exploration__science__unrelated,balanced,baseline_v03,stage_a_fixed,0.3333333333333333,1.0,,-2,-0.65
balanced_vs_novelty,learning_exploration__science__unrelated,baseline_v03,balanced,novelty,1.0,1.0,,0,0.0
balanced_vs_recognition,learning_exploration__science__unrelated,baseline_v03,balanced,recognition,1.0,1.0,,0,0.0
baseline_v03_vs_stage_a_fixed,learning_exploration__science__unrelated,novelty,baseline_v03,stage_a_fixed,0.3333333333333333,1.0,,-2,-0.65
baseline_v03_vs_stage_a_fixed,learning_exploration__science__unrelated,recognition,baseline_v03,stage_a_fixed,0.3333333333333333,1.0,,-2,-0.65
balanced_vs_novelty,learning_exploration__science__unrelated,stage_a_fixed,balanced,novelty,1.0,1.0,,0,0.0
balanced_vs_recognition,learning_exploration__science__unrelated,stage_a_fixed,balanced,recognition,1.0,1.0,,0,0.0
baseline_v03_vs_stage_a_fixed,learning_graph__agents__empty,balanced,baseline_v03,stage_a_fixed,0.3333333333333333,1.0,,-2,-0.6
balanced_vs_novelty,learning_graph__agents__empty,baseline_v03,balanced,novelty,1.0,1.0,,0,0.0
balanced_vs_recognition,learning_graph__agents__empty,baseline_v03,balanced,recognition,1.0,1.0,,0,0.0
baseline_v03_vs_stage_a_fixed,learning_graph__agents__empty,novelty,baseline_v03,stage_a_fixed,0.3333333333333333,1.0,,-2,-0.6
baseline_v03_vs_stage_a_fixed,learning_graph__agents__empty,recognition,baseline_v03,stage_a_fixed,0.3333333333333333,1.0,,-2,-0.6
balanced_vs_novelty,learning_graph__agents__empty,stage_a_fixed,balanced,novelty,1.0,1.0,,0,0.0
balanced_vs_recognition,learning_graph__agents__empty,stage_a_fixed,balanced,recognition,1.0,1.0,,0,0.0
baseline_v03_vs_stage_a_fixed,learning_graph__agents__related,balanced,baseline_v03,stage_a_fixed,0.3333333333333333,1.0,,-2,-0.6
balanced_vs_novelty,learning_graph__agents__related,baseline_v03,balanced,novelty,1.0,1.0,,0,0.0
balanced_vs_recognition,learning_graph__agents__related,baseline_v03,balanced,recognition,1.0,1.0,,0,0.0
baseline_v03_vs_stage_a_fixed,learning_graph__agents__related,novelty,baseline_v03,stage_a_fixed,0.3333333333333333,1.0,,-2,-0.6
baseline_v03_vs_stage_a_fixed,learning_graph__agents__related,recognition,baseline_v03,stage_a_fixed,0.3333333333333333,1.0,,-2,-0.6
balanced_vs_novelty,learning_graph__agents__related,stage_a_fixed,balanced,novelty,1.0,1.0,,0,0.0
balanced_vs_recognition,learning_graph__agents__related,stage_a_fixed,balanced,recognition,1.0,1.0,,0,0.0
baseline_v03_vs_stage_a_fixed,learning_graph__agents__unrelated,balanced,baseline_v03,stage_a_fixed,0.3333333333333333,1.0,,-2,-0.6
balanced_vs_novelty,learning_graph__agents__unrelated,baseline_v03,balanced,novelty,1.0,1.0,,0,0.0
balanced_vs_recognition,learning_graph__agents__unrelated,baseline_v03,balanced,recognition,1.0,1.0,,0,0.0
baseline_v03_vs_stage_a_fixed,learning_graph__agents__unrelated,novelty,baseline_v03,stage_a_fixed,0.3333333333333333,1.0,,-2,-0.6
baseline_v03_vs_stage_a_fixed,learning_graph__agents__unrelated,recognition,baseline_v03,stage_a_fixed,0.3333333333333333,1.0,,-2,-0.6
balanced_vs_novelty,learning_graph__agents__unrelated,stage_a_fixed,balanced,novelty,1.0,1.0,,0,0.0
balanced_vs_recognition,learning_graph__agents__unrelated,stage_a_fixed,balanced,recognition,1.0,1.0,,0,0.0
baseline_v03_vs_stage_a_fixed,learning_graph__learning__empty,balanced,baseline_v03,stage_a_fixed,0.3333333333333333,1.0,,-2,-0.6
balanced_vs_novelty,learning_graph__learning__empty,baseline_v03,balanced,novelty,1.0,1.0,,0,0.0
balanced_vs_recognition,learning_graph__learning__empty,baseline_v03,balanced,recognition,1.0,1.0,,0,0.0
baseline_v03_vs_stage_a_fixed,learning_graph__learning__empty,novelty,baseline_v03,stage_a_fixed,0.3333333333333333,1.0,,-2,-0.6
baseline_v03_vs_stage_a_fixed,learning_graph__learning__empty,recognition,baseline_v03,stage_a_fixed,0.3333333333333333,1.0,,-2,-0.6
balanced_vs_novelty,learning_graph__learning__empty,stage_a_fixed,balanced,novelty,1.0,1.0,,0,0.0
balanced_vs_recognition,learning_graph__learning__empty,stage_a_fixed,balanced,recognition,1.0,1.0,,0,0.0
baseline_v03_vs_stage_a_fixed,learning_graph__learning__related,balanced,baseline_v03,stage_a_fixed,0.3333333333333333,1.0,,-2,-0.6
balanced_vs_novelty,learning_graph__learning__related,baseline_v03,balanced,novelty,1.0,1.0,,0,0.0
balanced_vs_recognition,learning_graph__learning__related,baseline_v03,balanced,recognition,1.0,1.0,,0,0.0
baseline_v03_vs_stage_a_fixed,learning_graph__learning__related,novelty,baseline_v03,stage_a_fixed,0.3333333333333333,1.0,,-2,-0.6
baseline_v03_vs_stage_a_fixed,learning_graph__learning__related,recognition,baseline_v03,stage_a_fixed,0.3333333333333333,1.0,,-2,-0.6
balanced_vs_novelty,learning_graph__learning__related,stage_a_fixed,balanced,novelty,1.0,1.0,,0,0.0
balanced_vs_recognition,learning_graph__learning__related,stage_a_fixed,balanced,recognition,1.0,1.0,,0,0.0
baseline_v03_vs_stage_a_fixed,learning_graph__learning__unrelated,balanced,baseline_v03,stage_a_fixed,0.3333333333333333,1.0,,-2,-0.6
balanced_vs_novelty,learning_graph__learning__unrelated,baseline_v03,balanced,novelty,1.0,1.0,,0,0.0
balanced_vs_recognition,learning_graph__learning__unrelated,baseline_v03,balanced,recognition,1.0,1.0,,0,0.0
baseline_v03_vs_stage_a_fixed,learning_graph__learning__unrelated,novelty,baseline_v03,stage_a_fixed,0.3333333333333333,1.0,,-2,-0.6
baseline_v03_vs_stage_a_fixed,learning_graph__learning__unrelated,recognition,baseline_v03,stage_a_fixed,0.3333333333333333,1.0,,-2,-0.6
balanced_vs_novelty,learning_graph__learning__unrelated,stage_a_fixed,balanced,novelty,1.0,1.0,,0,0.0
balanced_vs_recognition,learning_graph__learning__unrelated,stage_a_fixed,balanced,recognition,1.0,1.0,,0,0.0
baseline_v03_vs_stage_a_fixed,learning_graph__science__empty,balanced,baseline_v03,stage_a_fixed,0.3333333333333333,1.0,,-2,-0.6
balanced_vs_novelty,learning_graph__science__empty,baseline_v03,balanced,novelty,1.0,1.0,,0,0.0
balanced_vs_recognition,learning_graph__science__empty,baseline_v03,balanced,recognition,1.0,1.0,,0,0.0
baseline_v03_vs_stage_a_fixed,learning_graph__science__empty,novelty,baseline_v03,stage_a_fixed,0.3333333333333333,1.0,,-2,-0.6
baseline_v03_vs_stage_a_fixed,learning_graph__science__empty,recognition,baseline_v03,stage_a_fixed,0.3333333333333333,1.0,,-2,-0.6
balanced_vs_novelty,learning_graph__science__empty,stage_a_fixed,balanced,novelty,1.0,1.0,,0,0.0
balanced_vs_recognition,learning_graph__science__empty,stage_a_fixed,balanced,recognition,1.0,1.0,,0,0.0
baseline_v03_vs_stage_a_fixed,learning_graph__science__related,balanced,baseline_v03,stage_a_fixed,0.3333333333333333,1.0,,-2,-0.6
balanced_vs_novelty,learning_graph__science__related,baseline_v03,balanced,novelty,1.0,1.0,,0,0.0
balanced_vs_recognition,learning_graph__science__related,baseline_v03,balanced,recognition,1.0,1.0,,0,0.0
baseline_v03_vs_stage_a_fixed,learning_graph__science__related,novelty,baseline_v03,stage_a_fixed,0.3333333333333333,1.0,,-2,-0.6
baseline_v03_vs_stage_a_fixed,learning_graph__science__related,recognition,baseline_v03,stage_a_fixed,0.3333333333333333,1.0,,-2,-0.6
balanced_vs_novelty,learning_graph__science__related,stage_a_fixed,balanced,novelty,1.0,1.0,,0,0.0
balanced_vs_recognition,learning_graph__science__related,stage_a_fixed,balanced,recognition,1.0,1.0,,0,0.0
baseline_v03_vs_stage_a_fixed,learning_graph__science__unrelated,balanced,baseline_v03,stage_a_fixed,0.3333333333333333,1.0,,-2,-0.6
balanced_vs_novelty,learning_graph__science__unrelated,baseline_v03,balanced,novelty,1.0,1.0,,0,0.0
balanced_vs_recognition,learning_graph__science__unrelated,baseline_v03,balanced,recognition,1.0,1.0,,0,0.0
baseline_v03_vs_stage_a_fixed,learning_graph__science__unrelated,novelty,baseline_v03,stage_a_fixed,0.3333333333333333,1.0,,-2,-0.6
baseline_v03_vs_stage_a_fixed,learning_graph__science__unrelated,recognition,baseline_v03,stage_a_fixed,0.3333333333333333,1.0,,-2,-0.6
balanced_vs_novelty,learning_graph__science__unrelated,stage_a_fixed,balanced,novelty,1.0,1.0,,0,0.0
balanced_vs_recognition,learning_graph__science__unrelated,stage_a_fixed,balanced,recognition,1.0,1.0,,0,0.0
baseline_v03_vs_stage_a_fixed,learning_policy__agents__empty,balanced,baseline_v03,stage_a_fixed,0.3333333333333333,1.0,,-2,-0.6
balanced_vs_novelty,learning_policy__agents__empty,baseline_v03,balanced,novelty,1.0,1.0,,0,0.0
balanced_vs_recognition,learning_policy__agents__empty,baseline_v03,balanced,recognition,1.0,1.0,,0,0.0
baseline_v03_vs_stage_a_fixed,learning_policy__agents__empty,novelty,baseline_v03,stage_a_fixed,0.3333333333333333,1.0,,-2,-0.6
baseline_v03_vs_stage_a_fixed,learning_policy__agents__empty,recognition,baseline_v03,stage_a_fixed,0.3333333333333333,1.0,,-2,-0.6
balanced_vs_novelty,learning_policy__agents__empty,stage_a_fixed,balanced,novelty,1.0,1.0,,0,0.0
balanced_vs_recognition,learning_policy__agents__empty,stage_a_fixed,balanced,recognition,1.0,1.0,,0,0.0
baseline_v03_vs_stage_a_fixed,learning_policy__agents__related,balanced,baseline_v03,stage_a_fixed,0.3333333333333333,1.0,,-2,-0.6
balanced_vs_novelty,learning_policy__agents__related,baseline_v03,balanced,novelty,1.0,1.0,,0,0.0
balanced_vs_recognition,learning_policy__agents__related,baseline_v03,balanced,recognition,1.0,1.0,,0,0.0
baseline_v03_vs_stage_a_fixed,learning_policy__agents__related,novelty,baseline_v03,stage_a_fixed,0.3333333333333333,1.0,,-2,-0.6
baseline_v03_vs_stage_a_fixed,learning_policy__agents__related,recognition,baseline_v03,stage_a_fixed,0.3333333333333333,1.0,,-2,-0.6
balanced_vs_novelty,learning_policy__agents__related,stage_a_fixed,balanced,novelty,1.0,1.0,,0,0.0
balanced_vs_recognition,learning_policy__agents__related,stage_a_fixed,balanced,recognition,1.0,1.0,,0,0.0
baseline_v03_vs_stage_a_fixed,learning_policy__agents__unrelated,balanced,baseline_v03,stage_a_fixed,0.3333333333333333,1.0,,-2,-0.6
balanced_vs_novelty,learning_policy__agents__unrelated,baseline_v03,balanced,novelty,1.0,1.0,,0,0.0
balanced_vs_recognition,learning_policy__agents__unrelated,baseline_v03,balanced,recognition,1.0,1.0,,0,0.0
baseline_v03_vs_stage_a_fixed,learning_policy__agents__unrelated,novelty,baseline_v03,stage_a_fixed,0.3333333333333333,1.0,,-2,-0.6
baseline_v03_vs_stage_a_fixed,learning_policy__agents__unrelated,recognition,baseline_v03,stage_a_fixed,0.3333333333333333,1.0,,-2,-0.6
balanced_vs_novelty,learning_policy__agents__unrelated,stage_a_fixed,balanced,novelty,1.0,1.0,,0,0.0
balanced_vs_recognition,learning_policy__agents__unrelated,stage_a_fixed,balanced,recognition,1.0,1.0,,0,0.0
baseline_v03_vs_stage_a_fixed,learning_policy__learning__empty,balanced,baseline_v03,stage_a_fixed,0.3333333333333333,1.0,,-2,-0.6
balanced_vs_novelty,learning_policy__learning__empty,baseline_v03,balanced,novelty,1.0,1.0,,0,0.0
balanced_vs_recognition,learning_policy__learning__empty,baseline_v03,balanced,recognition,1.0,1.0,,0,0.0
baseline_v03_vs_stage_a_fixed,learning_policy__learning__empty,novelty,baseline_v03,stage_a_fixed,0.3333333333333333,1.0,,-2,-0.6
baseline_v03_vs_stage_a_fixed,learning_policy__learning__empty,recognition,baseline_v03,stage_a_fixed,0.3333333333333333,1.0,,-2,-0.6
balanced_vs_novelty,learning_policy__learning__empty,stage_a_fixed,balanced,novelty,1.0,1.0,,0,0.0
balanced_vs_recognition,learning_policy__learning__empty,stage_a_fixed,balanced,recognition,1.0,1.0,,0,0.0
baseline_v03_vs_stage_a_fixed,learning_policy__learning__related,balanced,baseline_v03,stage_a_fixed,0.3333333333333333,1.0,,-2,-0.6
balanced_vs_novelty,learning_policy__learning__related,baseline_v03,balanced,novelty,1.0,1.0,,0,0.0
balanced_vs_recognition,learning_policy__learning__related,baseline_v03,balanced,recognition,1.0,1.0,,0,0.0
baseline_v03_vs_stage_a_fixed,learning_policy__learning__related,novelty,baseline_v03,stage_a_fixed,0.3333333333333333,1.0,,-2,-0.6
baseline_v03_vs_stage_a_fixed,learning_policy__learning__related,recognition,baseline_v03,stage_a_fixed,0.3333333333333333,1.0,,-2,-0.6
balanced_vs_novelty,learning_policy__learning__related,stage_a_fixed,balanced,novelty,1.0,1.0,,0,0.0
balanced_vs_recognition,learning_policy__learning__related,stage_a_fixed,balanced,recognition,1.0,1.0,,0,0.0
baseline_v03_vs_stage_a_fixed,learning_policy__learning__unrelated,balanced,baseline_v03,stage_a_fixed,0.3333333333333333,1.0,,-2,-0.6
balanced_vs_novelty,learning_policy__learning__unrelated,baseline_v03,balanced,novelty,1.0,1.0,,0,0.0
balanced_vs_recognition,learning_policy__learning__unrelated,baseline_v03,balanced,recognition,1.0,1.0,,0,0.0
baseline_v03_vs_stage_a_fixed,learning_policy__learning__unrelated,novelty,baseline_v03,stage_a_fixed,0.3333333333333333,1.0,,-2,-0.6
baseline_v03_vs_stage_a_fixed,learning_policy__learning__unrelated,recognition,baseline_v03,stage_a_fixed,0.3333333333333333,1.0,,-2,-0.6
balanced_vs_novelty,learning_policy__learning__unrelated,stage_a_fixed,balanced,novelty,1.0,1.0,,0,0.0
balanced_vs_recognition,learning_policy__learning__unrelated,stage_a_fixed,balanced,recognition,1.0,1.0,,0,0.0
baseline_v03_vs_stage_a_fixed,learning_policy__science__empty,balanced,baseline_v03,stage_a_fixed,0.3333333333333333,1.0,,-2,-0.6
balanced_vs_novelty,learning_policy__science__empty,baseline_v03,balanced,novelty,1.0,1.0,,0,0.0
balanced_vs_recognition,learning_policy__science__empty,baseline_v03,balanced,recognition,1.0,1.0,,0,0.0
baseline_v03_vs_stage_a_fixed,learning_policy__science__empty,novelty,baseline_v03,stage_a_fixed,0.3333333333333333,1.0,,-2,-0.6
baseline_v03_vs_stage_a_fixed,learning_policy__science__empty,recognition,baseline_v03,stage_a_fixed,0.3333333333333333,1.0,,-2,-0.6
balanced_vs_novelty,learning_policy__science__empty,stage_a_fixed,balanced,novelty,1.0,1.0,,0,0.0
balanced_vs_recognition,learning_policy__science__empty,stage_a_fixed,balanced,recognition,1.0,1.0,,0,0.0
baseline_v03_vs_stage_a_fixed,learning_policy__science__related,balanced,baseline_v03,stage_a_fixed,0.3333333333333333,1.0,,-2,-0.6
balanced_vs_novelty,learning_policy__science__related,baseline_v03,balanced,novelty,1.0,1.0,,0,0.0
balanced_vs_recognition,learning_policy__science__related,baseline_v03,balanced,recognition,1.0,1.0,,0,0.0
baseline_v03_vs_stage_a_fixed,learning_policy__science__related,novelty,baseline_v03,stage_a_fixed,0.3333333333333333,1.0,,-2,-0.6
baseline_v03_vs_stage_a_fixed,learning_policy__science__related,recognition,baseline_v03,stage_a_fixed,0.3333333333333333,1.0,,-2,-0.6
balanced_vs_novelty,learning_policy__science__related,stage_a_fixed,balanced,novelty,1.0,1.0,,0,0.0
balanced_vs_recognition,learning_policy__science__related,stage_a_fixed,balanced,recognition,1.0,1.0,,0,0.0
baseline_v03_vs_stage_a_fixed,learning_policy__science__unrelated,balanced,baseline_v03,stage_a_fixed,0.3333333333333333,1.0,,-2,-0.6
balanced_vs_novelty,learning_policy__science__unrelated,baseline_v03,balanced,novelty,1.0,1.0,,0,0.0
balanced_vs_recognition,learning_policy__science__unrelated,baseline_v03,balanced,recognition,1.0,1.0,,0,0.0
baseline_v03_vs_stage_a_fixed,learning_policy__science__unrelated,novelty,baseline_v03,stage_a_fixed,0.3333333333333333,1.0,,-2,-0.6
baseline_v03_vs_stage_a_fixed,learning_policy__science__unrelated,recognition,baseline_v03,stage_a_fixed,0.3333333333333333,1.0,,-2,-0.6
balanced_vs_novelty,learning_policy__science__unrelated,stage_a_fixed,balanced,novelty,1.0,1.0,,0,0.0
balanced_vs_recognition,learning_policy__science__unrelated,stage_a_fixed,balanced,recognition,1.0,1.0,,0,0.0
baseline_v03_vs_stage_a_fixed,learning_reward__agents__empty,balanced,baseline_v03,stage_a_fixed,0.3333333333333333,1.0,,-2,-0.65
balanced_vs_novelty,learning_reward__agents__empty,baseline_v03,balanced,novelty,1.0,1.0,,0,0.0
balanced_vs_recognition,learning_reward__agents__empty,baseline_v03,balanced,recognition,1.0,1.0,,0,0.0
baseline_v03_vs_stage_a_fixed,learning_reward__agents__empty,novelty,baseline_v03,stage_a_fixed,0.3333333333333333,1.0,,-2,-0.65
baseline_v03_vs_stage_a_fixed,learning_reward__agents__empty,recognition,baseline_v03,stage_a_fixed,0.3333333333333333,1.0,,-2,-0.65
balanced_vs_novelty,learning_reward__agents__empty,stage_a_fixed,balanced,novelty,1.0,1.0,,0,0.0
balanced_vs_recognition,learning_reward__agents__empty,stage_a_fixed,balanced,recognition,1.0,1.0,,0,0.0
baseline_v03_vs_stage_a_fixed,learning_reward__agents__related,balanced,baseline_v03,stage_a_fixed,0.3333333333333333,1.0,,-2,-0.65
balanced_vs_novelty,learning_reward__agents__related,baseline_v03,balanced,novelty,1.0,1.0,,0,0.0
balanced_vs_recognition,learning_reward__agents__related,baseline_v03,balanced,recognition,1.0,1.0,,0,0.0
baseline_v03_vs_stage_a_fixed,learning_reward__agents__related,novelty,baseline_v03,stage_a_fixed,0.3333333333333333,1.0,,-2,-0.65
baseline_v03_vs_stage_a_fixed,learning_reward__agents__related,recognition,baseline_v03,stage_a_fixed,0.3333333333333333,1.0,,-2,-0.65
balanced_vs_novelty,learning_reward__agents__related,stage_a_fixed,balanced,novelty,1.0,1.0,,0,0.0
balanced_vs_recognition,learning_reward__agents__related,stage_a_fixed,balanced,recognition,1.0,1.0,,0,0.0
baseline_v03_vs_stage_a_fixed,learning_reward__agents__unrelated,balanced,baseline_v03,stage_a_fixed,0.3333333333333333,1.0,,-2,-0.65
balanced_vs_novelty,learning_reward__agents__unrelated,baseline_v03,balanced,novelty,1.0,1.0,,0,0.0
balanced_vs_recognition,learning_reward__agents__unrelated,baseline_v03,balanced,recognition,1.0,1.0,,0,0.0
baseline_v03_vs_stage_a_fixed,learning_reward__agents__unrelated,novelty,baseline_v03,stage_a_fixed,0.3333333333333333,1.0,,-2,-0.65
baseline_v03_vs_stage_a_fixed,learning_reward__agents__unrelated,recognition,baseline_v03,stage_a_fixed,0.3333333333333333,1.0,,-2,-0.65
balanced_vs_novelty,learning_reward__agents__unrelated,stage_a_fixed,balanced,novelty,1.0,1.0,,0,0.0
balanced_vs_recognition,learning_reward__agents__unrelated,stage_a_fixed,balanced,recognition,1.0,1.0,,0,0.0
baseline_v03_vs_stage_a_fixed,learning_reward__learning__empty,balanced,baseline_v03,stage_a_fixed,0.3333333333333333,1.0,,-2,-0.65
balanced_vs_novelty,learning_reward__learning__empty,baseline_v03,balanced,novelty,1.0,1.0,,0,0.0
balanced_vs_recognition,learning_reward__learning__empty,baseline_v03,balanced,recognition,1.0,1.0,,0,0.0
baseline_v03_vs_stage_a_fixed,learning_reward__learning__empty,novelty,baseline_v03,stage_a_fixed,0.3333333333333333,1.0,,-2,-0.65
baseline_v03_vs_stage_a_fixed,learning_reward__learning__empty,recognition,baseline_v03,stage_a_fixed,0.3333333333333333,1.0,,-2,-0.65
balanced_vs_novelty,learning_reward__learning__empty,stage_a_fixed,balanced,novelty,1.0,1.0,,0,0.0
balanced_vs_recognition,learning_reward__learning__empty,stage_a_fixed,balanced,recognition,1.0,1.0,,0,0.0
baseline_v03_vs_stage_a_fixed,learning_reward__learning__related,balanced,baseline_v03,stage_a_fixed,0.3333333333333333,1.0,,-2,-0.65
balanced_vs_novelty,learning_reward__learning__related,baseline_v03,balanced,novelty,1.0,1.0,,0,0.0
balanced_vs_recognition,learning_reward__learning__related,baseline_v03,balanced,recognition,1.0,1.0,,0,0.0
baseline_v03_vs_stage_a_fixed,learning_reward__learning__related,novelty,baseline_v03,stage_a_fixed,0.3333333333333333,1.0,,-2,-0.65
baseline_v03_vs_stage_a_fixed,learning_reward__learning__related,recognition,baseline_v03,stage_a_fixed,0.3333333333333333,1.0,,-2,-0.65
balanced_vs_novelty,learning_reward__learning__related,stage_a_fixed,balanced,novelty,1.0,1.0,,0,0.0
balanced_vs_recognition,learning_reward__learning__related,stage_a_fixed,balanced,recognition,1.0,1.0,,0,0.0
baseline_v03_vs_stage_a_fixed,learning_reward__learning__unrelated,balanced,baseline_v03,stage_a_fixed,0.3333333333333333,1.0,,-2,-0.65
balanced_vs_novelty,learning_reward__learning__unrelated,baseline_v03,balanced,novelty,1.0,1.0,,0,0.0
balanced_vs_recognition,learning_reward__learning__unrelated,baseline_v03,balanced,recognition,1.0,1.0,,0,0.0
baseline_v03_vs_stage_a_fixed,learning_reward__learning__unrelated,novelty,baseline_v03,stage_a_fixed,0.3333333333333333,1.0,,-2,-0.65
baseline_v03_vs_stage_a_fixed,learning_reward__learning__unrelated,recognition,baseline_v03,stage_a_fixed,0.3333333333333333,1.0,,-2,-0.65
balanced_vs_novelty,learning_reward__learning__unrelated,stage_a_fixed,balanced,novelty,1.0,1.0,,0,0.0
balanced_vs_recognition,learning_reward__learning__unrelated,stage_a_fixed,balanced,recognition,1.0,1.0,,0,0.0
baseline_v03_vs_stage_a_fixed,learning_reward__science__empty,balanced,baseline_v03,stage_a_fixed,0.3333333333333333,1.0,,-2,-0.65
balanced_vs_novelty,learning_reward__science__empty,baseline_v03,balanced,novelty,1.0,1.0,,0,0.0
balanced_vs_recognition,learning_reward__science__empty,baseline_v03,balanced,recognition,1.0,1.0,,0,0.0
baseline_v03_vs_stage_a_fixed,learning_reward__science__empty,novelty,baseline_v03,stage_a_fixed,0.3333333333333333,1.0,,-2,-0.65
baseline_v03_vs_stage_a_fixed,learning_reward__science__empty,recognition,baseline_v03,stage_a_fixed,0.3333333333333333,1.0,,-2,-0.65
balanced_vs_novelty,learning_reward__science__empty,stage_a_fixed,balanced,novelty,1.0,1.0,,0,0.0
balanced_vs_recognition,learning_reward__science__empty,stage_a_fixed,balanced,recognition,1.0,1.0,,0,0.0
baseline_v03_vs_stage_a_fixed,learning_reward__science__related,balanced,baseline_v03,stage_a_fixed,0.3333333333333333,1.0,,-2,-0.65
balanced_vs_novelty,learning_reward__science__related,baseline_v03,balanced,novelty,1.0,1.0,,0,0.0
balanced_vs_recognition,learning_reward__science__related,baseline_v03,balanced,recognition,1.0,1.0,,0,0.0
baseline_v03_vs_stage_a_fixed,learning_reward__science__related,novelty,baseline_v03,stage_a_fixed,0.3333333333333333,1.0,,-2,-0.65
baseline_v03_vs_stage_a_fixed,learning_reward__science__related,recognition,baseline_v03,stage_a_fixed,0.3333333333333333,1.0,,-2,-0.65
balanced_vs_novelty,learning_reward__science__related,stage_a_fixed,balanced,novelty,1.0,1.0,,0,0.0
balanced_vs_recognition,learning_reward__science__related,stage_a_fixed,balanced,recognition,1.0,1.0,,0,0.0
baseline_v03_vs_stage_a_fixed,learning_reward__science__unrelated,balanced,baseline_v03,stage_a_fixed,0.3333333333333333,1.0,,-2,-0.65
balanced_vs_novelty,learning_reward__science__unrelated,baseline_v03,balanced,novelty,1.0,1.0,,0,0.0
balanced_vs_recognition,learning_reward__science__unrelated,baseline_v03,balanced,recognition,1.0,1.0,,0,0.0
baseline_v03_vs_stage_a_fixed,learning_reward__science__unrelated,novelty,baseline_v03,stage_a_fixed,0.3333333333333333,1.0,,-2,-0.65
baseline_v03_vs_stage_a_fixed,learning_reward__science__unrelated,recognition,baseline_v03,stage_a_fixed,0.3333333333333333,1.0,,-2,-0.65
balanced_vs_novelty,learning_reward__science__unrelated,stage_a_fixed,balanced,novelty,1.0,1.0,,0,0.0
balanced_vs_recognition,learning_reward__science__unrelated,stage_a_fixed,balanced,recognition,1.0,1.0,,0,0.0
baseline_v03_vs_stage_a_fixed,science_collaboration__agents__empty,balanced,baseline_v03,stage_a_fixed,0.3333333333333333,1.0,,-2,-0.65
balanced_vs_novelty,science_collaboration__agents__empty,baseline_v03,balanced,novelty,1.0,1.0,,0,0.0
balanced_vs_recognition,science_collaboration__agents__empty,baseline_v03,balanced,recognition,1.0,1.0,,0,0.0
baseline_v03_vs_stage_a_fixed,science_collaboration__agents__empty,novelty,baseline_v03,stage_a_fixed,0.3333333333333333,1.0,,-2,-0.65
baseline_v03_vs_stage_a_fixed,science_collaboration__agents__empty,recognition,baseline_v03,stage_a_fixed,0.3333333333333333,1.0,,-2,-0.65
balanced_vs_novelty,science_collaboration__agents__empty,stage_a_fixed,balanced,novelty,1.0,1.0,,0,0.0
balanced_vs_recognition,science_collaboration__agents__empty,stage_a_fixed,balanced,recognition,1.0,1.0,,0,0.0
baseline_v03_vs_stage_a_fixed,science_collaboration__agents__related,balanced,baseline_v03,stage_a_fixed,0.3333333333333333,1.0,,-2,-0.65
balanced_vs_novelty,science_collaboration__agents__related,baseline_v03,balanced,novelty,1.0,1.0,,0,0.0
balanced_vs_recognition,science_collaboration__agents__related,baseline_v03,balanced,recognition,1.0,1.0,,0,0.0
baseline_v03_vs_stage_a_fixed,science_collaboration__agents__related,novelty,baseline_v03,stage_a_fixed,0.3333333333333333,1.0,,-2,-0.65
baseline_v03_vs_stage_a_fixed,science_collaboration__agents__related,recognition,baseline_v03,stage_a_fixed,0.3333333333333333,1.0,,-2,-0.65
balanced_vs_novelty,science_collaboration__agents__related,stage_a_fixed,balanced,novelty,1.0,1.0,,0,0.0
balanced_vs_recognition,science_collaboration__agents__related,stage_a_fixed,balanced,recognition,1.0,1.0,,0,0.0
baseline_v03_vs_stage_a_fixed,science_collaboration__agents__unrelated,balanced,baseline_v03,stage_a_fixed,0.3333333333333333,1.0,,-2,-0.65
balanced_vs_novelty,science_collaboration__agents__unrelated,baseline_v03,balanced,novelty,1.0,1.0,,0,0.0
balanced_vs_recognition,science_collaboration__agents__unrelated,baseline_v03,balanced,recognition,1.0,1.0,,0,0.0
baseline_v03_vs_stage_a_fixed,science_collaboration__agents__unrelated,novelty,baseline_v03,stage_a_fixed,0.3333333333333333,1.0,,-2,-0.65
baseline_v03_vs_stage_a_fixed,science_collaboration__agents__unrelated,recognition,baseline_v03,stage_a_fixed,0.3333333333333333,1.0,,-2,-0.65
balanced_vs_novelty,science_collaboration__agents__unrelated,stage_a_fixed,balanced,novelty,1.0,1.0,,0,0.0
balanced_vs_recognition,science_collaboration__agents__unrelated,stage_a_fixed,balanced,recognition,1.0,1.0,,0,0.0
baseline_v03_vs_stage_a_fixed,science_collaboration__learning__empty,balanced,baseline_v03,stage_a_fixed,0.3333333333333333,1.0,,-2,-0.65
balanced_vs_novelty,science_collaboration__learning__empty,baseline_v03,balanced,novelty,1.0,1.0,,0,0.0
balanced_vs_recognition,science_collaboration__learning__empty,baseline_v03,balanced,recognition,1.0,1.0,,0,0.0
baseline_v03_vs_stage_a_fixed,science_collaboration__learning__empty,novelty,baseline_v03,stage_a_fixed,0.3333333333333333,1.0,,-2,-0.65
baseline_v03_vs_stage_a_fixed,science_collaboration__learning__empty,recognition,baseline_v03,stage_a_fixed,0.3333333333333333,1.0,,-2,-0.65
balanced_vs_novelty,science_collaboration__learning__empty,stage_a_fixed,balanced,novelty,1.0,1.0,,0,0.0
balanced_vs_recognition,science_collaboration__learning__empty,stage_a_fixed,balanced,recognition,1.0,1.0,,0,0.0
baseline_v03_vs_stage_a_fixed,science_collaboration__learning__related,balanced,baseline_v03,stage_a_fixed,0.3333333333333333,1.0,,-2,-0.65
balanced_vs_novelty,science_collaboration__learning__related,baseline_v03,balanced,novelty,1.0,1.0,,0,0.0
balanced_vs_recognition,science_collaboration__learning__related,baseline_v03,balanced,recognition,1.0,1.0,,0,0.0
baseline_v03_vs_stage_a_fixed,science_collaboration__learning__related,novelty,baseline_v03,stage_a_fixed,0.3333333333333333,1.0,,-2,-0.65
baseline_v03_vs_stage_a_fixed,science_collaboration__learning__related,recognition,baseline_v03,stage_a_fixed,0.3333333333333333,1.0,,-2,-0.65
balanced_vs_novelty,science_collaboration__learning__related,stage_a_fixed,balanced,novelty,1.0,1.0,,0,0.0
balanced_vs_recognition,science_collaboration__learning__related,stage_a_fixed,balanced,recognition,1.0,1.0,,0,0.0
baseline_v03_vs_stage_a_fixed,science_collaboration__learning__unrelated,balanced,baseline_v03,stage_a_fixed,0.3333333333333333,1.0,,-2,-0.65
balanced_vs_novelty,science_collaboration__learning__unrelated,baseline_v03,balanced,novelty,1.0,1.0,,0,0.0
balanced_vs_recognition,science_collaboration__learning__unrelated,baseline_v03,balanced,recognition,1.0,1.0,,0,0.0
baseline_v03_vs_stage_a_fixed,science_collaboration__learning__unrelated,novelty,baseline_v03,stage_a_fixed,0.3333333333333333,1.0,,-2,-0.65
baseline_v03_vs_stage_a_fixed,science_collaboration__learning__unrelated,recognition,baseline_v03,stage_a_fixed,0.3333333333333333,1.0,,-2,-0.65
balanced_vs_novelty,science_collaboration__learning__unrelated,stage_a_fixed,balanced,novelty,1.0,1.0,,0,0.0
balanced_vs_recognition,science_collaboration__learning__unrelated,stage_a_fixed,balanced,recognition,1.0,1.0,,0,0.0
baseline_v03_vs_stage_a_fixed,science_collaboration__science__empty,balanced,baseline_v03,stage_a_fixed,0.3333333333333333,1.0,,-2,-0.65
balanced_vs_novelty,science_collaboration__science__empty,baseline_v03,balanced,novelty,1.0,1.0,,0,0.0
balanced_vs_recognition,science_collaboration__science__empty,baseline_v03,balanced,recognition,1.0,1.0,,0,0.0
baseline_v03_vs_stage_a_fixed,science_collaboration__science__empty,novelty,baseline_v03,stage_a_fixed,0.3333333333333333,1.0,,-2,-0.65
baseline_v03_vs_stage_a_fixed,science_collaboration__science__empty,recognition,baseline_v03,stage_a_fixed,0.3333333333333333,1.0,,-2,-0.65
balanced_vs_novelty,science_collaboration__science__empty,stage_a_fixed,balanced,novelty,1.0,1.0,,0,0.0
balanced_vs_recognition,science_collaboration__science__empty,stage_a_fixed,balanced,recognition,1.0,1.0,,0,0.0
baseline_v03_vs_stage_a_fixed,science_collaboration__science__related,balanced,baseline_v03,stage_a_fixed,0.3333333333333333,1.0,,-2,-0.65
balanced_vs_novelty,science_collaboration__science__related,baseline_v03,balanced,novelty,1.0,1.0,,0,0.0
balanced_vs_recognition,science_collaboration__science__related,baseline_v03,balanced,recognition,1.0,1.0,,0,0.0
baseline_v03_vs_stage_a_fixed,science_collaboration__science__related,novelty,baseline_v03,stage_a_fixed,0.3333333333333333,1.0,,-2,-0.65
baseline_v03_vs_stage_a_fixed,science_collaboration__science__related,recognition,baseline_v03,stage_a_fixed,0.3333333333333333,1.0,,-2,-0.65
balanced_vs_novelty,science_collaboration__science__related,stage_a_fixed,balanced,novelty,1.0,1.0,,0,0.0
balanced_vs_recognition,science_collaboration__science__related,stage_a_fixed,balanced,recognition,1.0,1.0,,0,0.0
baseline_v03_vs_stage_a_fixed,science_collaboration__science__unrelated,balanced,baseline_v03,stage_a_fixed,0.3333333333333333,1.0,,-2,-0.65
balanced_vs_novelty,science_collaboration__science__unrelated,baseline_v03,balanced,novelty,1.0,1.0,,0,0.0
balanced_vs_recognition,science_collaboration__science__unrelated,baseline_v03,balanced,recognition,1.0,1.0,,0,0.0
baseline_v03_vs_stage_a_fixed,science_collaboration__science__unrelated,novelty,baseline_v03,stage_a_fixed,0.3333333333333333,1.0,,-2,-0.65
baseline_v03_vs_stage_a_fixed,science_collaboration__science__unrelated,recognition,baseline_v03,stage_a_fixed,0.3333333333333333,1.0,,-2,-0.65
balanced_vs_novelty,science_collaboration__science__unrelated,stage_a_fixed,balanced,novelty,1.0,1.0,,0,0.0
balanced_vs_recognition,science_collaboration__science__unrelated,stage_a_fixed,balanced,recognition,1.0,1.0,,0,0.0
baseline_v03_vs_stage_a_fixed,science_evaluation__agents__empty,balanced,baseline_v03,stage_a_fixed,0.3333333333333333,1.0,,-2,-0.65
balanced_vs_novelty,science_evaluation__agents__empty,baseline_v03,balanced,novelty,1.0,1.0,,0,0.0
balanced_vs_recognition,science_evaluation__agents__empty,baseline_v03,balanced,recognition,1.0,1.0,,0,0.0
baseline_v03_vs_stage_a_fixed,science_evaluation__agents__empty,novelty,baseline_v03,stage_a_fixed,0.3333333333333333,1.0,,-2,-0.65
baseline_v03_vs_stage_a_fixed,science_evaluation__agents__empty,recognition,baseline_v03,stage_a_fixed,0.3333333333333333,1.0,,-2,-0.65
balanced_vs_novelty,science_evaluation__agents__empty,stage_a_fixed,balanced,novelty,1.0,1.0,,0,0.0
balanced_vs_recognition,science_evaluation__agents__empty,stage_a_fixed,balanced,recognition,1.0,1.0,,0,0.0
baseline_v03_vs_stage_a_fixed,science_evaluation__agents__related,balanced,baseline_v03,stage_a_fixed,0.3333333333333333,1.0,,-2,-0.65
balanced_vs_novelty,science_evaluation__agents__related,baseline_v03,balanced,novelty,1.0,1.0,,0,0.0
balanced_vs_recognition,science_evaluation__agents__related,baseline_v03,balanced,recognition,1.0,1.0,,0,0.0
baseline_v03_vs_stage_a_fixed,science_evaluation__agents__related,novelty,baseline_v03,stage_a_fixed,0.3333333333333333,1.0,,-2,-0.65
baseline_v03_vs_stage_a_fixed,science_evaluation__agents__related,recognition,baseline_v03,stage_a_fixed,0.3333333333333333,1.0,,-2,-0.65
balanced_vs_novelty,science_evaluation__agents__related,stage_a_fixed,balanced,novelty,1.0,1.0,,0,0.0
balanced_vs_recognition,science_evaluation__agents__related,stage_a_fixed,balanced,recognition,1.0,1.0,,0,0.0
baseline_v03_vs_stage_a_fixed,science_evaluation__agents__unrelated,balanced,baseline_v03,stage_a_fixed,0.3333333333333333,1.0,,-2,-0.65
balanced_vs_novelty,science_evaluation__agents__unrelated,baseline_v03,balanced,novelty,1.0,1.0,,0,0.0
balanced_vs_recognition,science_evaluation__agents__unrelated,baseline_v03,balanced,recognition,1.0,1.0,,0,0.0
baseline_v03_vs_stage_a_fixed,science_evaluation__agents__unrelated,novelty,baseline_v03,stage_a_fixed,0.3333333333333333,1.0,,-2,-0.65
baseline_v03_vs_stage_a_fixed,science_evaluation__agents__unrelated,recognition,baseline_v03,stage_a_fixed,0.3333333333333333,1.0,,-2,-0.65
balanced_vs_novelty,science_evaluation__agents__unrelated,stage_a_fixed,balanced,novelty,1.0,1.0,,0,0.0
balanced_vs_recognition,science_evaluation__agents__unrelated,stage_a_fixed,balanced,recognition,1.0,1.0,,0,0.0
baseline_v03_vs_stage_a_fixed,science_evaluation__learning__empty,balanced,baseline_v03,stage_a_fixed,0.3333333333333333,1.0,,-2,-0.65
balanced_vs_novelty,science_evaluation__learning__empty,baseline_v03,balanced,novelty,1.0,1.0,,0,0.0
balanced_vs_recognition,science_evaluation__learning__empty,baseline_v03,balanced,recognition,1.0,1.0,,0,0.0
baseline_v03_vs_stage_a_fixed,science_evaluation__learning__empty,novelty,baseline_v03,stage_a_fixed,0.3333333333333333,1.0,,-2,-0.65
baseline_v03_vs_stage_a_fixed,science_evaluation__learning__empty,recognition,baseline_v03,stage_a_fixed,0.3333333333333333,1.0,,-2,-0.65
balanced_vs_novelty,science_evaluation__learning__empty,stage_a_fixed,balanced,novelty,1.0,1.0,,0,0.0
balanced_vs_recognition,science_evaluation__learning__empty,stage_a_fixed,balanced,recognition,1.0,1.0,,0,0.0
baseline_v03_vs_stage_a_fixed,science_evaluation__learning__related,balanced,baseline_v03,stage_a_fixed,0.3333333333333333,1.0,,-2,-0.65
balanced_vs_novelty,science_evaluation__learning__related,baseline_v03,balanced,novelty,1.0,1.0,,0,0.0
balanced_vs_recognition,science_evaluation__learning__related,baseline_v03,balanced,recognition,1.0,1.0,,0,0.0
baseline_v03_vs_stage_a_fixed,science_evaluation__learning__related,novelty,baseline_v03,stage_a_fixed,0.3333333333333333,1.0,,-2,-0.65
baseline_v03_vs_stage_a_fixed,science_evaluation__learning__related,recognition,baseline_v03,stage_a_fixed,0.3333333333333333,1.0,,-2,-0.65
balanced_vs_novelty,science_evaluation__learning__related,stage_a_fixed,balanced,novelty,1.0,1.0,,0,0.0
balanced_vs_recognition,science_evaluation__learning__related,stage_a_fixed,balanced,recognition,1.0,1.0,,0,0.0
baseline_v03_vs_stage_a_fixed,science_evaluation__learning__unrelated,balanced,baseline_v03,stage_a_fixed,0.3333333333333333,1.0,,-2,-0.65
balanced_vs_novelty,science_evaluation__learning__unrelated,baseline_v03,balanced,novelty,1.0,1.0,,0,0.0
balanced_vs_recognition,science_evaluation__learning__unrelated,baseline_v03,balanced,recognition,1.0,1.0,,0,0.0
baseline_v03_vs_stage_a_fixed,science_evaluation__learning__unrelated,novelty,baseline_v03,stage_a_fixed,0.3333333333333333,1.0,,-2,-0.65
baseline_v03_vs_stage_a_fixed,science_evaluation__learning__unrelated,recognition,baseline_v03,stage_a_fixed,0.3333333333333333,1.0,,-2,-0.65
balanced_vs_novelty,science_evaluation__learning__unrelated,stage_a_fixed,balanced,novelty,1.0,1.0,,0,0.0
balanced_vs_recognition,science_evaluation__learning__unrelated,stage_a_fixed,balanced,recognition,1.0,1.0,,0,0.0
baseline_v03_vs_stage_a_fixed,science_evaluation__science__empty,balanced,baseline_v03,stage_a_fixed,0.3333333333333333,1.0,,-2,-0.65
balanced_vs_novelty,science_evaluation__science__empty,baseline_v03,balanced,novelty,1.0,1.0,,0,0.0
balanced_vs_recognition,science_evaluation__science__empty,baseline_v03,balanced,recognition,1.0,1.0,,0,0.0
baseline_v03_vs_stage_a_fixed,science_evaluation__science__empty,novelty,baseline_v03,stage_a_fixed,0.3333333333333333,1.0,,-2,-0.65
baseline_v03_vs_stage_a_fixed,science_evaluation__science__empty,recognition,baseline_v03,stage_a_fixed,0.3333333333333333,1.0,,-2,-0.65
balanced_vs_novelty,science_evaluation__science__empty,stage_a_fixed,balanced,novelty,1.0,1.0,,0,0.0
balanced_vs_recognition,science_evaluation__science__empty,stage_a_fixed,balanced,recognition,1.0,1.0,,0,0.0
baseline_v03_vs_stage_a_fixed,science_evaluation__science__related,balanced,baseline_v03,stage_a_fixed,0.3333333333333333,1.0,,-2,-0.65
balanced_vs_novelty,science_evaluation__science__related,baseline_v03,balanced,novelty,1.0,1.0,,0,0.0
balanced_vs_recognition,science_evaluation__science__related,baseline_v03,balanced,recognition,1.0,1.0,,0,0.0
baseline_v03_vs_stage_a_fixed,science_evaluation__science__related,novelty,baseline_v03,stage_a_fixed,0.3333333333333333,1.0,,-2,-0.65
baseline_v03_vs_stage_a_fixed,science_evaluation__science__related,recognition,baseline_v03,stage_a_fixed,0.3333333333333333,1.0,,-2,-0.65
balanced_vs_novelty,science_evaluation__science__related,stage_a_fixed,balanced,novelty,1.0,1.0,,0,0.0
balanced_vs_recognition,science_evaluation__science__related,stage_a_fixed,balanced,recognition,1.0,1.0,,0,0.0
baseline_v03_vs_stage_a_fixed,science_evaluation__science__unrelated,balanced,baseline_v03,stage_a_fixed,0.3333333333333333,1.0,,-2,-0.65
balanced_vs_novelty,science_evaluation__science__unrelated,baseline_v03,balanced,novelty,1.0,1.0,,0,0.0
balanced_vs_recognition,science_evaluation__science__unrelated,baseline_v03,balanced,recognition,1.0,1.0,,0,0.0
baseline_v03_vs_stage_a_fixed,science_evaluation__science__unrelated,novelty,baseline_v03,stage_a_fixed,0.3333333333333333,1.0,,-2,-0.65
baseline_v03_vs_stage_a_fixed,science_evaluation__science__unrelated,recognition,baseline_v03,stage_a_fixed,0.3333333333333333,1.0,,-2,-0.65
balanced_vs_novelty,science_evaluation__science__unrelated,stage_a_fixed,balanced,novelty,1.0,1.0,,0,0.0
balanced_vs_recognition,science_evaluation__science__unrelated,stage_a_fixed,balanced,recognition,1.0,1.0,,0,0.0
baseline_v03_vs_stage_a_fixed,science_hypothesis__agents__empty,balanced,baseline_v03,stage_a_fixed,0.3333333333333333,1.0,,-2,-0.6
balanced_vs_novelty,science_hypothesis__agents__empty,baseline_v03,balanced,novelty,1.0,1.0,,0,0.0
balanced_vs_recognition,science_hypothesis__agents__empty,baseline_v03,balanced,recognition,1.0,1.0,,0,0.0
baseline_v03_vs_stage_a_fixed,science_hypothesis__agents__empty,novelty,baseline_v03,stage_a_fixed,0.3333333333333333,1.0,,-2,-0.6
baseline_v03_vs_stage_a_fixed,science_hypothesis__agents__empty,recognition,baseline_v03,stage_a_fixed,0.3333333333333333,1.0,,-2,-0.6
balanced_vs_novelty,science_hypothesis__agents__empty,stage_a_fixed,balanced,novelty,1.0,1.0,,0,0.0
balanced_vs_recognition,science_hypothesis__agents__empty,stage_a_fixed,balanced,recognition,1.0,1.0,,0,0.0
baseline_v03_vs_stage_a_fixed,science_hypothesis__agents__related,balanced,baseline_v03,stage_a_fixed,0.3333333333333333,1.0,,-2,-0.6
balanced_vs_novelty,science_hypothesis__agents__related,baseline_v03,balanced,novelty,1.0,1.0,,0,0.0
balanced_vs_recognition,science_hypothesis__agents__related,baseline_v03,balanced,recognition,1.0,1.0,,0,0.0
baseline_v03_vs_stage_a_fixed,science_hypothesis__agents__related,novelty,baseline_v03,stage_a_fixed,0.3333333333333333,1.0,,-2,-0.6
baseline_v03_vs_stage_a_fixed,science_hypothesis__agents__related,recognition,baseline_v03,stage_a_fixed,0.3333333333333333,1.0,,-2,-0.6
balanced_vs_novelty,science_hypothesis__agents__related,stage_a_fixed,balanced,novelty,1.0,1.0,,0,0.0
balanced_vs_recognition,science_hypothesis__agents__related,stage_a_fixed,balanced,recognition,1.0,1.0,,0,0.0
baseline_v03_vs_stage_a_fixed,science_hypothesis__agents__unrelated,balanced,baseline_v03,stage_a_fixed,0.3333333333333333,1.0,,-2,-0.6
balanced_vs_novelty,science_hypothesis__agents__unrelated,baseline_v03,balanced,novelty,1.0,1.0,,0,0.0
balanced_vs_recognition,science_hypothesis__agents__unrelated,baseline_v03,balanced,recognition,1.0,1.0,,0,0.0
baseline_v03_vs_stage_a_fixed,science_hypothesis__agents__unrelated,novelty,baseline_v03,stage_a_fixed,0.3333333333333333,1.0,,-2,-0.6
baseline_v03_vs_stage_a_fixed,science_hypothesis__agents__unrelated,recognition,baseline_v03,stage_a_fixed,0.3333333333333333,1.0,,-2,-0.6
balanced_vs_novelty,science_hypothesis__agents__unrelated,stage_a_fixed,balanced,novelty,1.0,1.0,,0,0.0
balanced_vs_recognition,science_hypothesis__agents__unrelated,stage_a_fixed,balanced,recognition,1.0,1.0,,0,0.0
baseline_v03_vs_stage_a_fixed,science_hypothesis__learning__empty,balanced,baseline_v03,stage_a_fixed,0.3333333333333333,1.0,,-2,-0.6
balanced_vs_novelty,science_hypothesis__learning__empty,baseline_v03,balanced,novelty,1.0,1.0,,0,0.0
balanced_vs_recognition,science_hypothesis__learning__empty,baseline_v03,balanced,recognition,1.0,1.0,,0,0.0
baseline_v03_vs_stage_a_fixed,science_hypothesis__learning__empty,novelty,baseline_v03,stage_a_fixed,0.3333333333333333,1.0,,-2,-0.6
baseline_v03_vs_stage_a_fixed,science_hypothesis__learning__empty,recognition,baseline_v03,stage_a_fixed,0.3333333333333333,1.0,,-2,-0.6
balanced_vs_novelty,science_hypothesis__learning__empty,stage_a_fixed,balanced,novelty,1.0,1.0,,0,0.0
balanced_vs_recognition,science_hypothesis__learning__empty,stage_a_fixed,balanced,recognition,1.0,1.0,,0,0.0
baseline_v03_vs_stage_a_fixed,science_hypothesis__learning__related,balanced,baseline_v03,stage_a_fixed,0.3333333333333333,1.0,,-2,-0.6
balanced_vs_novelty,science_hypothesis__learning__related,baseline_v03,balanced,novelty,1.0,1.0,,0,0.0
balanced_vs_recognition,science_hypothesis__learning__related,baseline_v03,balanced,recognition,1.0,1.0,,0,0.0
baseline_v03_vs_stage_a_fixed,science_hypothesis__learning__related,novelty,baseline_v03,stage_a_fixed,0.3333333333333333,1.0,,-2,-0.6
baseline_v03_vs_stage_a_fixed,science_hypothesis__learning__related,recognition,baseline_v03,stage_a_fixed,0.3333333333333333,1.0,,-2,-0.6
balanced_vs_novelty,science_hypothesis__learning__related,stage_a_fixed,balanced,novelty,1.0,1.0,,0,0.0
balanced_vs_recognition,science_hypothesis__learning__related,stage_a_fixed,balanced,recognition,1.0,1.0,,0,0.0
baseline_v03_vs_stage_a_fixed,science_hypothesis__learning__unrelated,balanced,baseline_v03,stage_a_fixed,0.3333333333333333,1.0,,-2,-0.6
balanced_vs_novelty,science_hypothesis__learning__unrelated,baseline_v03,balanced,novelty,1.0,1.0,,0,0.0
balanced_vs_recognition,science_hypothesis__learning__unrelated,baseline_v03,balanced,recognition,1.0,1.0,,0,0.0
baseline_v03_vs_stage_a_fixed,science_hypothesis__learning__unrelated,novelty,baseline_v03,stage_a_fixed,0.3333333333333333,1.0,,-2,-0.6
baseline_v03_vs_stage_a_fixed,science_hypothesis__learning__unrelated,recognition,baseline_v03,stage_a_fixed,0.3333333333333333,1.0,,-2,-0.6
balanced_vs_novelty,science_hypothesis__learning__unrelated,stage_a_fixed,balanced,novelty,1.0,1.0,,0,0.0
balanced_vs_recognition,science_hypothesis__learning__unrelated,stage_a_fixed,balanced,recognition,1.0,1.0,,0,0.0
baseline_v03_vs_stage_a_fixed,science_hypothesis__science__empty,balanced,baseline_v03,stage_a_fixed,0.3333333333333333,1.0,,-2,-0.6
balanced_vs_novelty,science_hypothesis__science__empty,baseline_v03,balanced,novelty,1.0,1.0,,0,0.0
balanced_vs_recognition,science_hypothesis__science__empty,baseline_v03,balanced,recognition,1.0,1.0,,0,0.0
baseline_v03_vs_stage_a_fixed,science_hypothesis__science__empty,novelty,baseline_v03,stage_a_fixed,0.3333333333333333,1.0,,-2,-0.6
baseline_v03_vs_stage_a_fixed,science_hypothesis__science__empty,recognition,baseline_v03,stage_a_fixed,0.3333333333333333,1.0,,-2,-0.6
balanced_vs_novelty,science_hypothesis__science__empty,stage_a_fixed,balanced,novelty,1.0,1.0,,0,0.0
balanced_vs_recognition,science_hypothesis__science__empty,stage_a_fixed,balanced,recognition,1.0,1.0,,0,0.0
baseline_v03_vs_stage_a_fixed,science_hypothesis__science__related,balanced,baseline_v03,stage_a_fixed,0.3333333333333333,1.0,,-2,-0.6
balanced_vs_novelty,science_hypothesis__science__related,baseline_v03,balanced,novelty,1.0,1.0,,0,0.0
balanced_vs_recognition,science_hypothesis__science__related,baseline_v03,balanced,recognition,1.0,1.0,,0,0.0
baseline_v03_vs_stage_a_fixed,science_hypothesis__science__related,novelty,baseline_v03,stage_a_fixed,0.3333333333333333,1.0,,-2,-0.6
baseline_v03_vs_stage_a_fixed,science_hypothesis__science__related,recognition,baseline_v03,stage_a_fixed,0.3333333333333333,1.0,,-2,-0.6
balanced_vs_novelty,science_hypothesis__science__related,stage_a_fixed,balanced,novelty,1.0,1.0,,0,0.0
balanced_vs_recognition,science_hypothesis__science__related,stage_a_fixed,balanced,recognition,1.0,1.0,,0,0.0
baseline_v03_vs_stage_a_fixed,science_hypothesis__science__unrelated,balanced,baseline_v03,stage_a_fixed,0.3333333333333333,1.0,,-2,-0.6
balanced_vs_novelty,science_hypothesis__science__unrelated,baseline_v03,balanced,novelty,1.0,1.0,,0,0.0
balanced_vs_recognition,science_hypothesis__science__unrelated,baseline_v03,balanced,recognition,1.0,1.0,,0,0.0
baseline_v03_vs_stage_a_fixed,science_hypothesis__science__unrelated,novelty,baseline_v03,stage_a_fixed,0.3333333333333333,1.0,,-2,-0.6
baseline_v03_vs_stage_a_fixed,science_hypothesis__science__unrelated,recognition,baseline_v03,stage_a_fixed,0.3333333333333333,1.0,,-2,-0.6
balanced_vs_novelty,science_hypothesis__science__unrelated,stage_a_fixed,balanced,novelty,1.0,1.0,,0,0.0
balanced_vs_recognition,science_hypothesis__science__unrelated,stage_a_fixed,balanced,recognition,1.0,1.0,,0,0.0
baseline_v03_vs_stage_a_fixed,science_retrieval__agents__empty,balanced,baseline_v03,stage_a_fixed,0.25,0.5,,-1,-0.19999999999999996
balanced_vs_novelty,science_retrieval__agents__empty,baseline_v03,balanced,novelty,1.0,1.0,,0,0.0
balanced_vs_recognition,science_retrieval__agents__empty,baseline_v03,balanced,recognition,1.0,1.0,,0,0.0
baseline_v03_vs_stage_a_fixed,science_retrieval__agents__empty,novelty,baseline_v03,stage_a_fixed,0.25,0.5,,-1,-0.19999999999999996
baseline_v03_vs_stage_a_fixed,science_retrieval__agents__empty,recognition,baseline_v03,stage_a_fixed,0.25,0.5,,-1,-0.19999999999999996
balanced_vs_novelty,science_retrieval__agents__empty,stage_a_fixed,balanced,novelty,1.0,1.0,,0,0.0
balanced_vs_recognition,science_retrieval__agents__empty,stage_a_fixed,balanced,recognition,1.0,1.0,,0,0.0
baseline_v03_vs_stage_a_fixed,science_retrieval__agents__related,balanced,baseline_v03,stage_a_fixed,0.25,0.5,,-1,-0.19999999999999996
balanced_vs_novelty,science_retrieval__agents__related,baseline_v03,balanced,novelty,1.0,1.0,,0,0.0
balanced_vs_recognition,science_retrieval__agents__related,baseline_v03,balanced,recognition,1.0,1.0,,0,0.0
baseline_v03_vs_stage_a_fixed,science_retrieval__agents__related,novelty,baseline_v03,stage_a_fixed,0.25,0.5,,-1,-0.19999999999999996
baseline_v03_vs_stage_a_fixed,science_retrieval__agents__related,recognition,baseline_v03,stage_a_fixed,0.25,0.5,,-1,-0.19999999999999996
balanced_vs_novelty,science_retrieval__agents__related,stage_a_fixed,balanced,novelty,1.0,1.0,,0,0.0
balanced_vs_recognition,science_retrieval__agents__related,stage_a_fixed,balanced,recognition,1.0,1.0,,0,0.0
baseline_v03_vs_stage_a_fixed,science_retrieval__agents__unrelated,balanced,baseline_v03,stage_a_fixed,0.25,0.5,,-1,-0.19999999999999996
balanced_vs_novelty,science_retrieval__agents__unrelated,baseline_v03,balanced,novelty,1.0,1.0,,0,0.0
balanced_vs_recognition,science_retrieval__agents__unrelated,baseline_v03,balanced,recognition,1.0,1.0,,0,0.0
baseline_v03_vs_stage_a_fixed,science_retrieval__agents__unrelated,novelty,baseline_v03,stage_a_fixed,0.25,0.5,,-1,-0.19999999999999996
baseline_v03_vs_stage_a_fixed,science_retrieval__agents__unrelated,recognition,baseline_v03,stage_a_fixed,0.25,0.5,,-1,-0.19999999999999996
balanced_vs_novelty,science_retrieval__agents__unrelated,stage_a_fixed,balanced,novelty,1.0,1.0,,0,0.0
balanced_vs_recognition,science_retrieval__agents__unrelated,stage_a_fixed,balanced,recognition,1.0,1.0,,0,0.0
baseline_v03_vs_stage_a_fixed,science_retrieval__learning__empty,balanced,baseline_v03,stage_a_fixed,0.25,0.5,,-1,-0.19999999999999996
balanced_vs_novelty,science_retrieval__learning__empty,baseline_v03,balanced,novelty,1.0,1.0,,0,0.0
balanced_vs_recognition,science_retrieval__learning__empty,baseline_v03,balanced,recognition,1.0,1.0,,0,0.0
baseline_v03_vs_stage_a_fixed,science_retrieval__learning__empty,novelty,baseline_v03,stage_a_fixed,0.25,0.5,,-1,-0.19999999999999996
baseline_v03_vs_stage_a_fixed,science_retrieval__learning__empty,recognition,baseline_v03,stage_a_fixed,0.25,0.5,,-1,-0.19999999999999996
balanced_vs_novelty,science_retrieval__learning__empty,stage_a_fixed,balanced,novelty,1.0,1.0,,0,0.0
balanced_vs_recognition,science_retrieval__learning__empty,stage_a_fixed,balanced,recognition,1.0,1.0,,0,0.0
baseline_v03_vs_stage_a_fixed,science_retrieval__learning__related,balanced,baseline_v03,stage_a_fixed,0.25,0.5,,-1,-0.19999999999999996
balanced_vs_novelty,science_retrieval__learning__related,baseline_v03,balanced,novelty,1.0,1.0,,0,0.0
balanced_vs_recognition,science_retrieval__learning__related,baseline_v03,balanced,recognition,1.0,1.0,,0,0.0
baseline_v03_vs_stage_a_fixed,science_retrieval__learning__related,novelty,baseline_v03,stage_a_fixed,0.25,0.5,,-1,-0.19999999999999996
baseline_v03_vs_stage_a_fixed,science_retrieval__learning__related,recognition,baseline_v03,stage_a_fixed,0.25,0.5,,-1,-0.19999999999999996
balanced_vs_novelty,science_retrieval__learning__related,stage_a_fixed,balanced,novelty,1.0,1.0,,0,0.0
balanced_vs_recognition,science_retrieval__learning__related,stage_a_fixed,balanced,recognition,1.0,1.0,,0,0.0
baseline_v03_vs_stage_a_fixed,science_retrieval__learning__unrelated,balanced,baseline_v03,stage_a_fixed,0.25,0.5,,-1,-0.19999999999999996
balanced_vs_novelty,science_retrieval__learning__unrelated,baseline_v03,balanced,novelty,1.0,1.0,,0,0.0
balanced_vs_recognition,science_retrieval__learning__unrelated,baseline_v03,balanced,recognition,1.0,1.0,,0,0.0
baseline_v03_vs_stage_a_fixed,science_retrieval__learning__unrelated,novelty,baseline_v03,stage_a_fixed,0.25,0.5,,-1,-0.19999999999999996
baseline_v03_vs_stage_a_fixed,science_retrieval__learning__unrelated,recognition,baseline_v03,stage_a_fixed,0.25,0.5,,-1,-0.19999999999999996
balanced_vs_novelty,science_retrieval__learning__unrelated,stage_a_fixed,balanced,novelty,1.0,1.0,,0,0.0
balanced_vs_recognition,science_retrieval__learning__unrelated,stage_a_fixed,balanced,recognition,1.0,1.0,,0,0.0
baseline_v03_vs_stage_a_fixed,science_retrieval__science__empty,balanced,baseline_v03,stage_a_fixed,0.25,0.5,,-1,-0.19999999999999996
balanced_vs_novelty,science_retrieval__science__empty,baseline_v03,balanced,novelty,1.0,1.0,,0,0.0
balanced_vs_recognition,science_retrieval__science__empty,baseline_v03,balanced,recognition,1.0,1.0,,0,0.0
baseline_v03_vs_stage_a_fixed,science_retrieval__science__empty,novelty,baseline_v03,stage_a_fixed,0.25,0.5,,-1,-0.19999999999999996
baseline_v03_vs_stage_a_fixed,science_retrieval__science__empty,recognition,baseline_v03,stage_a_fixed,0.25,0.5,,-1,-0.19999999999999996
balanced_vs_novelty,science_retrieval__science__empty,stage_a_fixed,balanced,novelty,1.0,1.0,,0,0.0
balanced_vs_recognition,science_retrieval__science__empty,stage_a_fixed,balanced,recognition,1.0,1.0,,0,0.0
baseline_v03_vs_stage_a_fixed,science_retrieval__science__related,balanced,baseline_v03,stage_a_fixed,0.25,0.5,,-1,-0.19999999999999996
balanced_vs_novelty,science_retrieval__science__related,baseline_v03,balanced,novelty,1.0,1.0,,0,0.0
balanced_vs_recognition,science_retrieval__science__related,baseline_v03,balanced,recognition,1.0,1.0,,0,0.0
baseline_v03_vs_stage_a_fixed,science_retrieval__science__related,novelty,baseline_v03,stage_a_fixed,0.25,0.5,,-1,-0.19999999999999996
baseline_v03_vs_stage_a_fixed,science_retrieval__science__related,recognition,baseline_v03,stage_a_fixed,0.25,0.5,,-1,-0.19999999999999996
balanced_vs_novelty,science_retrieval__science__related,stage_a_fixed,balanced,novelty,1.0,1.0,,0,0.0
balanced_vs_recognition,science_retrieval__science__related,stage_a_fixed,balanced,recognition,1.0,1.0,,0,0.0
baseline_v03_vs_stage_a_fixed,science_retrieval__science__unrelated,balanced,baseline_v03,stage_a_fixed,0.25,0.5,,-1,-0.19999999999999996
balanced_vs_novelty,science_retrieval__science__unrelated,baseline_v03,balanced,novelty,1.0,1.0,,0,0.0
balanced_vs_recognition,science_retrieval__science__unrelated,baseline_v03,balanced,recognition,1.0,1.0,,0,0.0
baseline_v03_vs_stage_a_fixed,science_retrieval__science__unrelated,novelty,baseline_v03,stage_a_fixed,0.25,0.5,,-1,-0.19999999999999996
baseline_v03_vs_stage_a_fixed,science_retrieval__science__unrelated,recognition,baseline_v03,stage_a_fixed,0.25,0.5,,-1,-0.19999999999999996
balanced_vs_novelty,science_retrieval__science__unrelated,stage_a_fixed,balanced,novelty,1.0,1.0,,0,0.0
balanced_vs_recognition,science_retrieval__science__unrelated,stage_a_fixed,balanced,recognition,1.0,1.0,,0,0.0
empty_vs_related_memory,agent_communication__agents__empty,balanced,empty,related,1.0,1.0,,0,0.0
empty_vs_unrelated_memory,agent_communication__agents__empty,balanced,empty,unrelated,1.0,1.0,,0,0.0
empty_vs_related_memory,agent_communication__agents__empty,novelty,empty,related,1.0,1.0,,0,0.0
empty_vs_unrelated_memory,agent_communication__agents__empty,novelty,empty,unrelated,1.0,1.0,,0,0.0
empty_vs_related_memory,agent_communication__agents__empty,recognition,empty,related,1.0,1.0,,0,0.0
empty_vs_unrelated_memory,agent_communication__agents__empty,recognition,empty,unrelated,1.0,1.0,,0,0.0
empty_vs_related_memory,agent_communication__agents__empty,balanced,empty,related,1.0,1.0,,0,0.0
empty_vs_unrelated_memory,agent_communication__agents__empty,balanced,empty,unrelated,1.0,1.0,,0,0.0
empty_vs_related_memory,agent_communication__agents__empty,novelty,empty,related,1.0,1.0,,0,0.0
empty_vs_unrelated_memory,agent_communication__agents__empty,novelty,empty,unrelated,1.0,1.0,,0,0.0
empty_vs_related_memory,agent_communication__agents__empty,recognition,empty,related,1.0,1.0,,0,0.0
empty_vs_unrelated_memory,agent_communication__agents__empty,recognition,empty,unrelated,1.0,1.0,,0,0.0
empty_vs_related_memory,agent_communication__learning__empty,balanced,empty,related,1.0,1.0,,0,0.0
empty_vs_unrelated_memory,agent_communication__learning__empty,balanced,empty,unrelated,1.0,1.0,,0,0.0
empty_vs_related_memory,agent_communication__learning__empty,novelty,empty,related,1.0,1.0,,0,0.0
empty_vs_unrelated_memory,agent_communication__learning__empty,novelty,empty,unrelated,1.0,1.0,,0,0.0
empty_vs_related_memory,agent_communication__learning__empty,recognition,empty,related,1.0,1.0,,0,0.0
empty_vs_unrelated_memory,agent_communication__learning__empty,recognition,empty,unrelated,1.0,1.0,,0,0.0
empty_vs_related_memory,agent_communication__learning__empty,balanced,empty,related,1.0,1.0,,0,0.0
empty_vs_unrelated_memory,agent_communication__learning__empty,balanced,empty,unrelated,1.0,1.0,,0,0.0
empty_vs_related_memory,agent_communication__learning__empty,novelty,empty,related,1.0,1.0,,0,0.0
empty_vs_unrelated_memory,agent_communication__learning__empty,novelty,empty,unrelated,1.0,1.0,,0,0.0
empty_vs_related_memory,agent_communication__learning__empty,recognition,empty,related,1.0,1.0,,0,0.0
empty_vs_unrelated_memory,agent_communication__learning__empty,recognition,empty,unrelated,1.0,1.0,,0,0.0
empty_vs_related_memory,agent_communication__science__empty,balanced,empty,related,1.0,1.0,,0,0.0
empty_vs_unrelated_memory,agent_communication__science__empty,balanced,empty,unrelated,1.0,1.0,,0,0.0
empty_vs_related_memory,agent_communication__science__empty,novelty,empty,related,1.0,1.0,,0,0.0
empty_vs_unrelated_memory,agent_communication__science__empty,novelty,empty,unrelated,1.0,1.0,,0,0.0
empty_vs_related_memory,agent_communication__science__empty,recognition,empty,related,1.0,1.0,,0,0.0
empty_vs_unrelated_memory,agent_communication__science__empty,recognition,empty,unrelated,1.0,1.0,,0,0.0
empty_vs_related_memory,agent_communication__science__empty,balanced,empty,related,1.0,1.0,,0,0.0
empty_vs_unrelated_memory,agent_communication__science__empty,balanced,empty,unrelated,1.0,1.0,,0,0.0
empty_vs_related_memory,agent_communication__science__empty,novelty,empty,related,1.0,1.0,,0,0.0
empty_vs_unrelated_memory,agent_communication__science__empty,novelty,empty,unrelated,1.0,1.0,,0,0.0
empty_vs_related_memory,agent_communication__science__empty,recognition,empty,related,1.0,1.0,,0,0.0
empty_vs_unrelated_memory,agent_communication__science__empty,recognition,empty,unrelated,1.0,1.0,,0,0.0
empty_vs_related_memory,agent_memory__agents__empty,balanced,empty,related,1.0,1.0,,0,0.0
empty_vs_unrelated_memory,agent_memory__agents__empty,balanced,empty,unrelated,1.0,1.0,,0,0.0
empty_vs_related_memory,agent_memory__agents__empty,novelty,empty,related,1.0,1.0,,0,0.0
empty_vs_unrelated_memory,agent_memory__agents__empty,novelty,empty,unrelated,1.0,1.0,,0,0.0
empty_vs_related_memory,agent_memory__agents__empty,recognition,empty,related,1.0,1.0,,0,0.0
empty_vs_unrelated_memory,agent_memory__agents__empty,recognition,empty,unrelated,1.0,1.0,,0,0.0
empty_vs_related_memory,agent_memory__agents__empty,balanced,empty,related,1.0,1.0,,0,0.0
empty_vs_unrelated_memory,agent_memory__agents__empty,balanced,empty,unrelated,1.0,1.0,,0,0.0
empty_vs_related_memory,agent_memory__agents__empty,novelty,empty,related,1.0,1.0,,0,0.0
empty_vs_unrelated_memory,agent_memory__agents__empty,novelty,empty,unrelated,1.0,1.0,,0,0.0
empty_vs_related_memory,agent_memory__agents__empty,recognition,empty,related,1.0,1.0,,0,0.0
empty_vs_unrelated_memory,agent_memory__agents__empty,recognition,empty,unrelated,1.0,1.0,,0,0.0
empty_vs_related_memory,agent_memory__learning__empty,balanced,empty,related,1.0,1.0,,0,0.0
empty_vs_unrelated_memory,agent_memory__learning__empty,balanced,empty,unrelated,1.0,1.0,,0,0.0
empty_vs_related_memory,agent_memory__learning__empty,novelty,empty,related,1.0,1.0,,0,0.0
empty_vs_unrelated_memory,agent_memory__learning__empty,novelty,empty,unrelated,1.0,1.0,,0,0.0
empty_vs_related_memory,agent_memory__learning__empty,recognition,empty,related,1.0,1.0,,0,0.0
empty_vs_unrelated_memory,agent_memory__learning__empty,recognition,empty,unrelated,1.0,1.0,,0,0.0
empty_vs_related_memory,agent_memory__learning__empty,balanced,empty,related,1.0,1.0,,0,0.0
empty_vs_unrelated_memory,agent_memory__learning__empty,balanced,empty,unrelated,1.0,1.0,,0,0.0
empty_vs_related_memory,agent_memory__learning__empty,novelty,empty,related,1.0,1.0,,0,0.0
empty_vs_unrelated_memory,agent_memory__learning__empty,novelty,empty,unrelated,1.0,1.0,,0,0.0
empty_vs_related_memory,agent_memory__learning__empty,recognition,empty,related,1.0,1.0,,0,0.0
empty_vs_unrelated_memory,agent_memory__learning__empty,recognition,empty,unrelated,1.0,1.0,,0,0.0
empty_vs_related_memory,agent_memory__science__empty,balanced,empty,related,1.0,1.0,,0,0.0
empty_vs_unrelated_memory,agent_memory__science__empty,balanced,empty,unrelated,1.0,1.0,,0,0.0
empty_vs_related_memory,agent_memory__science__empty,novelty,empty,related,1.0,1.0,,0,0.0
empty_vs_unrelated_memory,agent_memory__science__empty,novelty,empty,unrelated,1.0,1.0,,0,0.0
empty_vs_related_memory,agent_memory__science__empty,recognition,empty,related,1.0,1.0,,0,0.0
empty_vs_unrelated_memory,agent_memory__science__empty,recognition,empty,unrelated,1.0,1.0,,0,0.0
empty_vs_related_memory,agent_memory__science__empty,balanced,empty,related,1.0,1.0,,0,0.0
empty_vs_unrelated_memory,agent_memory__science__empty,balanced,empty,unrelated,1.0,1.0,,0,0.0
empty_vs_related_memory,agent_memory__science__empty,novelty,empty,related,1.0,1.0,,0,0.0
empty_vs_unrelated_memory,agent_memory__science__empty,novelty,empty,unrelated,1.0,1.0,,0,0.0
empty_vs_related_memory,agent_memory__science__empty,recognition,empty,related,1.0,1.0,,0,0.0
empty_vs_unrelated_memory,agent_memory__science__empty,recognition,empty,unrelated,1.0,1.0,,0,0.0
empty_vs_related_memory,agent_planning__agents__empty,balanced,empty,related,1.0,1.0,,0,0.0
empty_vs_unrelated_memory,agent_planning__agents__empty,balanced,empty,unrelated,1.0,1.0,,0,0.0
empty_vs_related_memory,agent_planning__agents__empty,novelty,empty,related,1.0,1.0,,0,0.0
empty_vs_unrelated_memory,agent_planning__agents__empty,novelty,empty,unrelated,1.0,1.0,,0,0.0
empty_vs_related_memory,agent_planning__agents__empty,recognition,empty,related,1.0,1.0,,0,0.0
empty_vs_unrelated_memory,agent_planning__agents__empty,recognition,empty,unrelated,1.0,1.0,,0,0.0
empty_vs_related_memory,agent_planning__agents__empty,balanced,empty,related,1.0,1.0,,0,0.0
empty_vs_unrelated_memory,agent_planning__agents__empty,balanced,empty,unrelated,1.0,1.0,,0,0.0
empty_vs_related_memory,agent_planning__agents__empty,novelty,empty,related,1.0,1.0,,0,0.0
empty_vs_unrelated_memory,agent_planning__agents__empty,novelty,empty,unrelated,1.0,1.0,,0,0.0
empty_vs_related_memory,agent_planning__agents__empty,recognition,empty,related,1.0,1.0,,0,0.0
empty_vs_unrelated_memory,agent_planning__agents__empty,recognition,empty,unrelated,1.0,1.0,,0,0.0
empty_vs_related_memory,agent_planning__learning__empty,balanced,empty,related,1.0,1.0,,0,0.0
empty_vs_unrelated_memory,agent_planning__learning__empty,balanced,empty,unrelated,1.0,1.0,,0,0.0
empty_vs_related_memory,agent_planning__learning__empty,novelty,empty,related,1.0,1.0,,0,0.0
empty_vs_unrelated_memory,agent_planning__learning__empty,novelty,empty,unrelated,1.0,1.0,,0,0.0
empty_vs_related_memory,agent_planning__learning__empty,recognition,empty,related,1.0,1.0,,0,0.0
empty_vs_unrelated_memory,agent_planning__learning__empty,recognition,empty,unrelated,1.0,1.0,,0,0.0
empty_vs_related_memory,agent_planning__learning__empty,balanced,empty,related,1.0,1.0,,0,0.0
empty_vs_unrelated_memory,agent_planning__learning__empty,balanced,empty,unrelated,1.0,1.0,,0,0.0
empty_vs_related_memory,agent_planning__learning__empty,novelty,empty,related,1.0,1.0,,0,0.0
empty_vs_unrelated_memory,agent_planning__learning__empty,novelty,empty,unrelated,1.0,1.0,,0,0.0
empty_vs_related_memory,agent_planning__learning__empty,recognition,empty,related,1.0,1.0,,0,0.0
empty_vs_unrelated_memory,agent_planning__learning__empty,recognition,empty,unrelated,1.0,1.0,,0,0.0
empty_vs_related_memory,agent_planning__science__empty,balanced,empty,related,1.0,1.0,,0,0.0
empty_vs_unrelated_memory,agent_planning__science__empty,balanced,empty,unrelated,1.0,1.0,,0,0.0
empty_vs_related_memory,agent_planning__science__empty,novelty,empty,related,1.0,1.0,,0,0.0
empty_vs_unrelated_memory,agent_planning__science__empty,novelty,empty,unrelated,1.0,1.0,,0,0.0
empty_vs_related_memory,agent_planning__science__empty,recognition,empty,related,1.0,1.0,,0,0.0
empty_vs_unrelated_memory,agent_planning__science__empty,recognition,empty,unrelated,1.0,1.0,,0,0.0
empty_vs_related_memory,agent_planning__science__empty,balanced,empty,related,1.0,1.0,,0,0.0
empty_vs_unrelated_memory,agent_planning__science__empty,balanced,empty,unrelated,1.0,1.0,,0,0.0
empty_vs_related_memory,agent_planning__science__empty,novelty,empty,related,1.0,1.0,,0,0.0
empty_vs_unrelated_memory,agent_planning__science__empty,novelty,empty,unrelated,1.0,1.0,,0,0.0
empty_vs_related_memory,agent_planning__science__empty,recognition,empty,related,1.0,1.0,,0,0.0
empty_vs_unrelated_memory,agent_planning__science__empty,recognition,empty,unrelated,1.0,1.0,,0,0.0
empty_vs_related_memory,agent_tools__agents__empty,balanced,empty,related,1.0,1.0,,0,0.0
empty_vs_unrelated_memory,agent_tools__agents__empty,balanced,empty,unrelated,1.0,1.0,,0,0.0
empty_vs_related_memory,agent_tools__agents__empty,novelty,empty,related,1.0,1.0,,0,0.0
empty_vs_unrelated_memory,agent_tools__agents__empty,novelty,empty,unrelated,1.0,1.0,,0,0.0
empty_vs_related_memory,agent_tools__agents__empty,recognition,empty,related,1.0,1.0,,0,0.0
empty_vs_unrelated_memory,agent_tools__agents__empty,recognition,empty,unrelated,1.0,1.0,,0,0.0
empty_vs_related_memory,agent_tools__agents__empty,balanced,empty,related,1.0,1.0,,0,0.0
empty_vs_unrelated_memory,agent_tools__agents__empty,balanced,empty,unrelated,1.0,1.0,,0,0.0
empty_vs_related_memory,agent_tools__agents__empty,novelty,empty,related,1.0,1.0,,0,0.0
empty_vs_unrelated_memory,agent_tools__agents__empty,novelty,empty,unrelated,1.0,1.0,,0,0.0
empty_vs_related_memory,agent_tools__agents__empty,recognition,empty,related,1.0,1.0,,0,0.0
empty_vs_unrelated_memory,agent_tools__agents__empty,recognition,empty,unrelated,1.0,1.0,,0,0.0
empty_vs_related_memory,agent_tools__learning__empty,balanced,empty,related,1.0,1.0,,0,0.0
empty_vs_unrelated_memory,agent_tools__learning__empty,balanced,empty,unrelated,1.0,1.0,,0,0.0
empty_vs_related_memory,agent_tools__learning__empty,novelty,empty,related,1.0,1.0,,0,0.0
empty_vs_unrelated_memory,agent_tools__learning__empty,novelty,empty,unrelated,1.0,1.0,,0,0.0
empty_vs_related_memory,agent_tools__learning__empty,recognition,empty,related,1.0,1.0,,0,0.0
empty_vs_unrelated_memory,agent_tools__learning__empty,recognition,empty,unrelated,1.0,1.0,,0,0.0
empty_vs_related_memory,agent_tools__learning__empty,balanced,empty,related,1.0,1.0,,0,0.0
empty_vs_unrelated_memory,agent_tools__learning__empty,balanced,empty,unrelated,1.0,1.0,,0,0.0
empty_vs_related_memory,agent_tools__learning__empty,novelty,empty,related,1.0,1.0,,0,0.0
empty_vs_unrelated_memory,agent_tools__learning__empty,novelty,empty,unrelated,1.0,1.0,,0,0.0
empty_vs_related_memory,agent_tools__learning__empty,recognition,empty,related,1.0,1.0,,0,0.0
empty_vs_unrelated_memory,agent_tools__learning__empty,recognition,empty,unrelated,1.0,1.0,,0,0.0
empty_vs_related_memory,agent_tools__science__empty,balanced,empty,related,1.0,1.0,,0,0.0
empty_vs_unrelated_memory,agent_tools__science__empty,balanced,empty,unrelated,1.0,1.0,,0,0.0
empty_vs_related_memory,agent_tools__science__empty,novelty,empty,related,1.0,1.0,,0,0.0
empty_vs_unrelated_memory,agent_tools__science__empty,novelty,empty,unrelated,1.0,1.0,,0,0.0
empty_vs_related_memory,agent_tools__science__empty,recognition,empty,related,1.0,1.0,,0,0.0
empty_vs_unrelated_memory,agent_tools__science__empty,recognition,empty,unrelated,1.0,1.0,,0,0.0
empty_vs_related_memory,agent_tools__science__empty,balanced,empty,related,1.0,1.0,,0,0.0
empty_vs_unrelated_memory,agent_tools__science__empty,balanced,empty,unrelated,1.0,1.0,,0,0.0
empty_vs_related_memory,agent_tools__science__empty,novelty,empty,related,1.0,1.0,,0,0.0
empty_vs_unrelated_memory,agent_tools__science__empty,novelty,empty,unrelated,1.0,1.0,,0,0.0
empty_vs_related_memory,agent_tools__science__empty,recognition,empty,related,1.0,1.0,,0,0.0
empty_vs_unrelated_memory,agent_tools__science__empty,recognition,empty,unrelated,1.0,1.0,,0,0.0
empty_vs_related_memory,learning_exploration__agents__empty,balanced,empty,related,1.0,1.0,,0,0.0
empty_vs_unrelated_memory,learning_exploration__agents__empty,balanced,empty,unrelated,1.0,1.0,,0,0.0
empty_vs_related_memory,learning_exploration__agents__empty,novelty,empty,related,1.0,1.0,,0,0.0
empty_vs_unrelated_memory,learning_exploration__agents__empty,novelty,empty,unrelated,1.0,1.0,,0,0.0
empty_vs_related_memory,learning_exploration__agents__empty,recognition,empty,related,1.0,1.0,,0,0.0
empty_vs_unrelated_memory,learning_exploration__agents__empty,recognition,empty,unrelated,1.0,1.0,,0,0.0
empty_vs_related_memory,learning_exploration__agents__empty,balanced,empty,related,1.0,1.0,,0,0.0
empty_vs_unrelated_memory,learning_exploration__agents__empty,balanced,empty,unrelated,1.0,1.0,,0,0.0
empty_vs_related_memory,learning_exploration__agents__empty,novelty,empty,related,1.0,1.0,,0,0.0
empty_vs_unrelated_memory,learning_exploration__agents__empty,novelty,empty,unrelated,1.0,1.0,,0,0.0
empty_vs_related_memory,learning_exploration__agents__empty,recognition,empty,related,1.0,1.0,,0,0.0
empty_vs_unrelated_memory,learning_exploration__agents__empty,recognition,empty,unrelated,1.0,1.0,,0,0.0
empty_vs_related_memory,learning_exploration__learning__empty,balanced,empty,related,1.0,1.0,,0,0.0
empty_vs_unrelated_memory,learning_exploration__learning__empty,balanced,empty,unrelated,1.0,1.0,,0,0.0
empty_vs_related_memory,learning_exploration__learning__empty,novelty,empty,related,1.0,1.0,,0,0.0
empty_vs_unrelated_memory,learning_exploration__learning__empty,novelty,empty,unrelated,1.0,1.0,,0,0.0
empty_vs_related_memory,learning_exploration__learning__empty,recognition,empty,related,1.0,1.0,,0,0.0
empty_vs_unrelated_memory,learning_exploration__learning__empty,recognition,empty,unrelated,1.0,1.0,,0,0.0
empty_vs_related_memory,learning_exploration__learning__empty,balanced,empty,related,1.0,1.0,,0,0.0
empty_vs_unrelated_memory,learning_exploration__learning__empty,balanced,empty,unrelated,1.0,1.0,,0,0.0
empty_vs_related_memory,learning_exploration__learning__empty,novelty,empty,related,1.0,1.0,,0,0.0
empty_vs_unrelated_memory,learning_exploration__learning__empty,novelty,empty,unrelated,1.0,1.0,,0,0.0
empty_vs_related_memory,learning_exploration__learning__empty,recognition,empty,related,1.0,1.0,,0,0.0
empty_vs_unrelated_memory,learning_exploration__learning__empty,recognition,empty,unrelated,1.0,1.0,,0,0.0
empty_vs_related_memory,learning_exploration__science__empty,balanced,empty,related,1.0,1.0,,0,0.0
empty_vs_unrelated_memory,learning_exploration__science__empty,balanced,empty,unrelated,1.0,1.0,,0,0.0
empty_vs_related_memory,learning_exploration__science__empty,novelty,empty,related,1.0,1.0,,0,0.0
empty_vs_unrelated_memory,learning_exploration__science__empty,novelty,empty,unrelated,1.0,1.0,,0,0.0
empty_vs_related_memory,learning_exploration__science__empty,recognition,empty,related,1.0,1.0,,0,0.0
empty_vs_unrelated_memory,learning_exploration__science__empty,recognition,empty,unrelated,1.0,1.0,,0,0.0
empty_vs_related_memory,learning_exploration__science__empty,balanced,empty,related,1.0,1.0,,0,0.0
empty_vs_unrelated_memory,learning_exploration__science__empty,balanced,empty,unrelated,1.0,1.0,,0,0.0
empty_vs_related_memory,learning_exploration__science__empty,novelty,empty,related,1.0,1.0,,0,0.0
empty_vs_unrelated_memory,learning_exploration__science__empty,novelty,empty,unrelated,1.0,1.0,,0,0.0
empty_vs_related_memory,learning_exploration__science__empty,recognition,empty,related,1.0,1.0,,0,0.0
empty_vs_unrelated_memory,learning_exploration__science__empty,recognition,empty,unrelated,1.0,1.0,,0,0.0
empty_vs_related_memory,learning_graph__agents__empty,balanced,empty,related,1.0,1.0,,0,0.0
empty_vs_unrelated_memory,learning_graph__agents__empty,balanced,empty,unrelated,1.0,1.0,,0,0.0
empty_vs_related_memory,learning_graph__agents__empty,novelty,empty,related,1.0,1.0,,0,0.0
empty_vs_unrelated_memory,learning_graph__agents__empty,novelty,empty,unrelated,1.0,1.0,,0,0.0
empty_vs_related_memory,learning_graph__agents__empty,recognition,empty,related,1.0,1.0,,0,0.0
empty_vs_unrelated_memory,learning_graph__agents__empty,recognition,empty,unrelated,1.0,1.0,,0,0.0
empty_vs_related_memory,learning_graph__agents__empty,balanced,empty,related,1.0,1.0,,0,0.0
empty_vs_unrelated_memory,learning_graph__agents__empty,balanced,empty,unrelated,1.0,1.0,,0,0.0
empty_vs_related_memory,learning_graph__agents__empty,novelty,empty,related,1.0,1.0,,0,0.0
empty_vs_unrelated_memory,learning_graph__agents__empty,novelty,empty,unrelated,1.0,1.0,,0,0.0
empty_vs_related_memory,learning_graph__agents__empty,recognition,empty,related,1.0,1.0,,0,0.0
empty_vs_unrelated_memory,learning_graph__agents__empty,recognition,empty,unrelated,1.0,1.0,,0,0.0
empty_vs_related_memory,learning_graph__learning__empty,balanced,empty,related,1.0,1.0,,0,0.0
empty_vs_unrelated_memory,learning_graph__learning__empty,balanced,empty,unrelated,1.0,1.0,,0,0.0
empty_vs_related_memory,learning_graph__learning__empty,novelty,empty,related,1.0,1.0,,0,0.0
empty_vs_unrelated_memory,learning_graph__learning__empty,novelty,empty,unrelated,1.0,1.0,,0,0.0
empty_vs_related_memory,learning_graph__learning__empty,recognition,empty,related,1.0,1.0,,0,0.0
empty_vs_unrelated_memory,learning_graph__learning__empty,recognition,empty,unrelated,1.0,1.0,,0,0.0
empty_vs_related_memory,learning_graph__learning__empty,balanced,empty,related,1.0,1.0,,0,0.0
empty_vs_unrelated_memory,learning_graph__learning__empty,balanced,empty,unrelated,1.0,1.0,,0,0.0
empty_vs_related_memory,learning_graph__learning__empty,novelty,empty,related,1.0,1.0,,0,0.0
empty_vs_unrelated_memory,learning_graph__learning__empty,novelty,empty,unrelated,1.0,1.0,,0,0.0
empty_vs_related_memory,learning_graph__learning__empty,recognition,empty,related,1.0,1.0,,0,0.0
empty_vs_unrelated_memory,learning_graph__learning__empty,recognition,empty,unrelated,1.0,1.0,,0,0.0
empty_vs_related_memory,learning_graph__science__empty,balanced,empty,related,1.0,1.0,,0,0.0
empty_vs_unrelated_memory,learning_graph__science__empty,balanced,empty,unrelated,1.0,1.0,,0,0.0
empty_vs_related_memory,learning_graph__science__empty,novelty,empty,related,1.0,1.0,,0,0.0
empty_vs_unrelated_memory,learning_graph__science__empty,novelty,empty,unrelated,1.0,1.0,,0,0.0
empty_vs_related_memory,learning_graph__science__empty,recognition,empty,related,1.0,1.0,,0,0.0
empty_vs_unrelated_memory,learning_graph__science__empty,recognition,empty,unrelated,1.0,1.0,,0,0.0
empty_vs_related_memory,learning_graph__science__empty,balanced,empty,related,1.0,1.0,,0,0.0
empty_vs_unrelated_memory,learning_graph__science__empty,balanced,empty,unrelated,1.0,1.0,,0,0.0
empty_vs_related_memory,learning_graph__science__empty,novelty,empty,related,1.0,1.0,,0,0.0
empty_vs_unrelated_memory,learning_graph__science__empty,novelty,empty,unrelated,1.0,1.0,,0,0.0
empty_vs_related_memory,learning_graph__science__empty,recognition,empty,related,1.0,1.0,,0,0.0
empty_vs_unrelated_memory,learning_graph__science__empty,recognition,empty,unrelated,1.0,1.0,,0,0.0
empty_vs_related_memory,learning_policy__agents__empty,balanced,empty,related,1.0,1.0,,0,0.0
empty_vs_unrelated_memory,learning_policy__agents__empty,balanced,empty,unrelated,1.0,1.0,,0,0.0
empty_vs_related_memory,learning_policy__agents__empty,novelty,empty,related,1.0,1.0,,0,0.0
empty_vs_unrelated_memory,learning_policy__agents__empty,novelty,empty,unrelated,1.0,1.0,,0,0.0
empty_vs_related_memory,learning_policy__agents__empty,recognition,empty,related,1.0,1.0,,0,0.0
empty_vs_unrelated_memory,learning_policy__agents__empty,recognition,empty,unrelated,1.0,1.0,,0,0.0
empty_vs_related_memory,learning_policy__agents__empty,balanced,empty,related,1.0,1.0,,0,0.0
empty_vs_unrelated_memory,learning_policy__agents__empty,balanced,empty,unrelated,1.0,1.0,,0,0.0
empty_vs_related_memory,learning_policy__agents__empty,novelty,empty,related,1.0,1.0,,0,0.0
empty_vs_unrelated_memory,learning_policy__agents__empty,novelty,empty,unrelated,1.0,1.0,,0,0.0
empty_vs_related_memory,learning_policy__agents__empty,recognition,empty,related,1.0,1.0,,0,0.0
empty_vs_unrelated_memory,learning_policy__agents__empty,recognition,empty,unrelated,1.0,1.0,,0,0.0
empty_vs_related_memory,learning_policy__learning__empty,balanced,empty,related,1.0,1.0,,0,0.0
empty_vs_unrelated_memory,learning_policy__learning__empty,balanced,empty,unrelated,1.0,1.0,,0,0.0
empty_vs_related_memory,learning_policy__learning__empty,novelty,empty,related,1.0,1.0,,0,0.0
empty_vs_unrelated_memory,learning_policy__learning__empty,novelty,empty,unrelated,1.0,1.0,,0,0.0
empty_vs_related_memory,learning_policy__learning__empty,recognition,empty,related,1.0,1.0,,0,0.0
empty_vs_unrelated_memory,learning_policy__learning__empty,recognition,empty,unrelated,1.0,1.0,,0,0.0
empty_vs_related_memory,learning_policy__learning__empty,balanced,empty,related,1.0,1.0,,0,0.0
empty_vs_unrelated_memory,learning_policy__learning__empty,balanced,empty,unrelated,1.0,1.0,,0,0.0
empty_vs_related_memory,learning_policy__learning__empty,novelty,empty,related,1.0,1.0,,0,0.0
empty_vs_unrelated_memory,learning_policy__learning__empty,novelty,empty,unrelated,1.0,1.0,,0,0.0
empty_vs_related_memory,learning_policy__learning__empty,recognition,empty,related,1.0,1.0,,0,0.0
empty_vs_unrelated_memory,learning_policy__learning__empty,recognition,empty,unrelated,1.0,1.0,,0,0.0
empty_vs_related_memory,learning_policy__science__empty,balanced,empty,related,1.0,1.0,,0,0.0
empty_vs_unrelated_memory,learning_policy__science__empty,balanced,empty,unrelated,1.0,1.0,,0,0.0
empty_vs_related_memory,learning_policy__science__empty,novelty,empty,related,1.0,1.0,,0,0.0
empty_vs_unrelated_memory,learning_policy__science__empty,novelty,empty,unrelated,1.0,1.0,,0,0.0
empty_vs_related_memory,learning_policy__science__empty,recognition,empty,related,1.0,1.0,,0,0.0
empty_vs_unrelated_memory,learning_policy__science__empty,recognition,empty,unrelated,1.0,1.0,,0,0.0
empty_vs_related_memory,learning_policy__science__empty,balanced,empty,related,1.0,1.0,,0,0.0
empty_vs_unrelated_memory,learning_policy__science__empty,balanced,empty,unrelated,1.0,1.0,,0,0.0
empty_vs_related_memory,learning_policy__science__empty,novelty,empty,related,1.0,1.0,,0,0.0
empty_vs_unrelated_memory,learning_policy__science__empty,novelty,empty,unrelated,1.0,1.0,,0,0.0
empty_vs_related_memory,learning_policy__science__empty,recognition,empty,related,1.0,1.0,,0,0.0
empty_vs_unrelated_memory,learning_policy__science__empty,recognition,empty,unrelated,1.0,1.0,,0,0.0
empty_vs_related_memory,learning_reward__agents__empty,balanced,empty,related,1.0,1.0,,0,0.0
empty_vs_unrelated_memory,learning_reward__agents__empty,balanced,empty,unrelated,1.0,1.0,,0,0.0
empty_vs_related_memory,learning_reward__agents__empty,novelty,empty,related,1.0,1.0,,0,0.0
empty_vs_unrelated_memory,learning_reward__agents__empty,novelty,empty,unrelated,1.0,1.0,,0,0.0
empty_vs_related_memory,learning_reward__agents__empty,recognition,empty,related,1.0,1.0,,0,0.0
empty_vs_unrelated_memory,learning_reward__agents__empty,recognition,empty,unrelated,1.0,1.0,,0,0.0
empty_vs_related_memory,learning_reward__agents__empty,balanced,empty,related,1.0,1.0,,0,0.0
empty_vs_unrelated_memory,learning_reward__agents__empty,balanced,empty,unrelated,1.0,1.0,,0,0.0
empty_vs_related_memory,learning_reward__agents__empty,novelty,empty,related,1.0,1.0,,0,0.0
empty_vs_unrelated_memory,learning_reward__agents__empty,novelty,empty,unrelated,1.0,1.0,,0,0.0
empty_vs_related_memory,learning_reward__agents__empty,recognition,empty,related,1.0,1.0,,0,0.0
empty_vs_unrelated_memory,learning_reward__agents__empty,recognition,empty,unrelated,1.0,1.0,,0,0.0
empty_vs_related_memory,learning_reward__learning__empty,balanced,empty,related,1.0,1.0,,0,0.0
empty_vs_unrelated_memory,learning_reward__learning__empty,balanced,empty,unrelated,1.0,1.0,,0,0.0
empty_vs_related_memory,learning_reward__learning__empty,novelty,empty,related,1.0,1.0,,0,0.0
empty_vs_unrelated_memory,learning_reward__learning__empty,novelty,empty,unrelated,1.0,1.0,,0,0.0
empty_vs_related_memory,learning_reward__learning__empty,recognition,empty,related,1.0,1.0,,0,0.0
empty_vs_unrelated_memory,learning_reward__learning__empty,recognition,empty,unrelated,1.0,1.0,,0,0.0
empty_vs_related_memory,learning_reward__learning__empty,balanced,empty,related,1.0,1.0,,0,0.0
empty_vs_unrelated_memory,learning_reward__learning__empty,balanced,empty,unrelated,1.0,1.0,,0,0.0
empty_vs_related_memory,learning_reward__learning__empty,novelty,empty,related,1.0,1.0,,0,0.0
empty_vs_unrelated_memory,learning_reward__learning__empty,novelty,empty,unrelated,1.0,1.0,,0,0.0
empty_vs_related_memory,learning_reward__learning__empty,recognition,empty,related,1.0,1.0,,0,0.0
empty_vs_unrelated_memory,learning_reward__learning__empty,recognition,empty,unrelated,1.0,1.0,,0,0.0
empty_vs_related_memory,learning_reward__science__empty,balanced,empty,related,1.0,1.0,,0,0.0
empty_vs_unrelated_memory,learning_reward__science__empty,balanced,empty,unrelated,1.0,1.0,,0,0.0
empty_vs_related_memory,learning_reward__science__empty,novelty,empty,related,1.0,1.0,,0,0.0
empty_vs_unrelated_memory,learning_reward__science__empty,novelty,empty,unrelated,1.0,1.0,,0,0.0
empty_vs_related_memory,learning_reward__science__empty,recognition,empty,related,1.0,1.0,,0,0.0
empty_vs_unrelated_memory,learning_reward__science__empty,recognition,empty,unrelated,1.0,1.0,,0,0.0
empty_vs_related_memory,learning_reward__science__empty,balanced,empty,related,1.0,1.0,,0,0.0
empty_vs_unrelated_memory,learning_reward__science__empty,balanced,empty,unrelated,1.0,1.0,,0,0.0
empty_vs_related_memory,learning_reward__science__empty,novelty,empty,related,1.0,1.0,,0,0.0
empty_vs_unrelated_memory,learning_reward__science__empty,novelty,empty,unrelated,1.0,1.0,,0,0.0
empty_vs_related_memory,learning_reward__science__empty,recognition,empty,related,1.0,1.0,,0,0.0
empty_vs_unrelated_memory,learning_reward__science__empty,recognition,empty,unrelated,1.0,1.0,,0,0.0
empty_vs_related_memory,science_collaboration__agents__empty,balanced,empty,related,1.0,1.0,,0,0.0
empty_vs_unrelated_memory,science_collaboration__agents__empty,balanced,empty,unrelated,1.0,1.0,,0,0.0
empty_vs_related_memory,science_collaboration__agents__empty,novelty,empty,related,1.0,1.0,,0,0.0
empty_vs_unrelated_memory,science_collaboration__agents__empty,novelty,empty,unrelated,1.0,1.0,,0,0.0
empty_vs_related_memory,science_collaboration__agents__empty,recognition,empty,related,1.0,1.0,,0,0.0
empty_vs_unrelated_memory,science_collaboration__agents__empty,recognition,empty,unrelated,1.0,1.0,,0,0.0
empty_vs_related_memory,science_collaboration__agents__empty,balanced,empty,related,1.0,1.0,,0,0.0
empty_vs_unrelated_memory,science_collaboration__agents__empty,balanced,empty,unrelated,1.0,1.0,,0,0.0
empty_vs_related_memory,science_collaboration__agents__empty,novelty,empty,related,1.0,1.0,,0,0.0
empty_vs_unrelated_memory,science_collaboration__agents__empty,novelty,empty,unrelated,1.0,1.0,,0,0.0
empty_vs_related_memory,science_collaboration__agents__empty,recognition,empty,related,1.0,1.0,,0,0.0
empty_vs_unrelated_memory,science_collaboration__agents__empty,recognition,empty,unrelated,1.0,1.0,,0,0.0
empty_vs_related_memory,science_collaboration__learning__empty,balanced,empty,related,1.0,1.0,,0,0.0
empty_vs_unrelated_memory,science_collaboration__learning__empty,balanced,empty,unrelated,1.0,1.0,,0,0.0
empty_vs_related_memory,science_collaboration__learning__empty,novelty,empty,related,1.0,1.0,,0,0.0
empty_vs_unrelated_memory,science_collaboration__learning__empty,novelty,empty,unrelated,1.0,1.0,,0,0.0
empty_vs_related_memory,science_collaboration__learning__empty,recognition,empty,related,1.0,1.0,,0,0.0
empty_vs_unrelated_memory,science_collaboration__learning__empty,recognition,empty,unrelated,1.0,1.0,,0,0.0
empty_vs_related_memory,science_collaboration__learning__empty,balanced,empty,related,1.0,1.0,,0,0.0
empty_vs_unrelated_memory,science_collaboration__learning__empty,balanced,empty,unrelated,1.0,1.0,,0,0.0
empty_vs_related_memory,science_collaboration__learning__empty,novelty,empty,related,1.0,1.0,,0,0.0
empty_vs_unrelated_memory,science_collaboration__learning__empty,novelty,empty,unrelated,1.0,1.0,,0,0.0
empty_vs_related_memory,science_collaboration__learning__empty,recognition,empty,related,1.0,1.0,,0,0.0
empty_vs_unrelated_memory,science_collaboration__learning__empty,recognition,empty,unrelated,1.0,1.0,,0,0.0
empty_vs_related_memory,science_collaboration__science__empty,balanced,empty,related,1.0,1.0,,0,0.0
empty_vs_unrelated_memory,science_collaboration__science__empty,balanced,empty,unrelated,1.0,1.0,,0,0.0
empty_vs_related_memory,science_collaboration__science__empty,novelty,empty,related,1.0,1.0,,0,0.0
empty_vs_unrelated_memory,science_collaboration__science__empty,novelty,empty,unrelated,1.0,1.0,,0,0.0
empty_vs_related_memory,science_collaboration__science__empty,recognition,empty,related,1.0,1.0,,0,0.0
empty_vs_unrelated_memory,science_collaboration__science__empty,recognition,empty,unrelated,1.0,1.0,,0,0.0
empty_vs_related_memory,science_collaboration__science__empty,balanced,empty,related,1.0,1.0,,0,0.0
empty_vs_unrelated_memory,science_collaboration__science__empty,balanced,empty,unrelated,1.0,1.0,,0,0.0
empty_vs_related_memory,science_collaboration__science__empty,novelty,empty,related,1.0,1.0,,0,0.0
empty_vs_unrelated_memory,science_collaboration__science__empty,novelty,empty,unrelated,1.0,1.0,,0,0.0
empty_vs_related_memory,science_collaboration__science__empty,recognition,empty,related,1.0,1.0,,0,0.0
empty_vs_unrelated_memory,science_collaboration__science__empty,recognition,empty,unrelated,1.0,1.0,,0,0.0
empty_vs_related_memory,science_evaluation__agents__empty,balanced,empty,related,1.0,1.0,,0,0.0
empty_vs_unrelated_memory,science_evaluation__agents__empty,balanced,empty,unrelated,1.0,1.0,,0,0.0
empty_vs_related_memory,science_evaluation__agents__empty,novelty,empty,related,1.0,1.0,,0,0.0
empty_vs_unrelated_memory,science_evaluation__agents__empty,novelty,empty,unrelated,1.0,1.0,,0,0.0
empty_vs_related_memory,science_evaluation__agents__empty,recognition,empty,related,1.0,1.0,,0,0.0
empty_vs_unrelated_memory,science_evaluation__agents__empty,recognition,empty,unrelated,1.0,1.0,,0,0.0
empty_vs_related_memory,science_evaluation__agents__empty,balanced,empty,related,1.0,1.0,,0,0.0
empty_vs_unrelated_memory,science_evaluation__agents__empty,balanced,empty,unrelated,1.0,1.0,,0,0.0
empty_vs_related_memory,science_evaluation__agents__empty,novelty,empty,related,1.0,1.0,,0,0.0
empty_vs_unrelated_memory,science_evaluation__agents__empty,novelty,empty,unrelated,1.0,1.0,,0,0.0
empty_vs_related_memory,science_evaluation__agents__empty,recognition,empty,related,1.0,1.0,,0,0.0
empty_vs_unrelated_memory,science_evaluation__agents__empty,recognition,empty,unrelated,1.0,1.0,,0,0.0
empty_vs_related_memory,science_evaluation__learning__empty,balanced,empty,related,1.0,1.0,,0,0.0
empty_vs_unrelated_memory,science_evaluation__learning__empty,balanced,empty,unrelated,1.0,1.0,,0,0.0
empty_vs_related_memory,science_evaluation__learning__empty,novelty,empty,related,1.0,1.0,,0,0.0
empty_vs_unrelated_memory,science_evaluation__learning__empty,novelty,empty,unrelated,1.0,1.0,,0,0.0
empty_vs_related_memory,science_evaluation__learning__empty,recognition,empty,related,1.0,1.0,,0,0.0
empty_vs_unrelated_memory,science_evaluation__learning__empty,recognition,empty,unrelated,1.0,1.0,,0,0.0
empty_vs_related_memory,science_evaluation__learning__empty,balanced,empty,related,1.0,1.0,,0,0.0
empty_vs_unrelated_memory,science_evaluation__learning__empty,balanced,empty,unrelated,1.0,1.0,,0,0.0
empty_vs_related_memory,science_evaluation__learning__empty,novelty,empty,related,1.0,1.0,,0,0.0
empty_vs_unrelated_memory,science_evaluation__learning__empty,novelty,empty,unrelated,1.0,1.0,,0,0.0
empty_vs_related_memory,science_evaluation__learning__empty,recognition,empty,related,1.0,1.0,,0,0.0
empty_vs_unrelated_memory,science_evaluation__learning__empty,recognition,empty,unrelated,1.0,1.0,,0,0.0
empty_vs_related_memory,science_evaluation__science__empty,balanced,empty,related,1.0,1.0,,0,0.0
empty_vs_unrelated_memory,science_evaluation__science__empty,balanced,empty,unrelated,1.0,1.0,,0,0.0
empty_vs_related_memory,science_evaluation__science__empty,novelty,empty,related,1.0,1.0,,0,0.0
empty_vs_unrelated_memory,science_evaluation__science__empty,novelty,empty,unrelated,1.0,1.0,,0,0.0
empty_vs_related_memory,science_evaluation__science__empty,recognition,empty,related,1.0,1.0,,0,0.0
empty_vs_unrelated_memory,science_evaluation__science__empty,recognition,empty,unrelated,1.0,1.0,,0,0.0
empty_vs_related_memory,science_evaluation__science__empty,balanced,empty,related,1.0,1.0,,0,0.0
empty_vs_unrelated_memory,science_evaluation__science__empty,balanced,empty,unrelated,1.0,1.0,,0,0.0
empty_vs_related_memory,science_evaluation__science__empty,novelty,empty,related,1.0,1.0,,0,0.0
empty_vs_unrelated_memory,science_evaluation__science__empty,novelty,empty,unrelated,1.0,1.0,,0,0.0
empty_vs_related_memory,science_evaluation__science__empty,recognition,empty,related,1.0,1.0,,0,0.0
empty_vs_unrelated_memory,science_evaluation__science__empty,recognition,empty,unrelated,1.0,1.0,,0,0.0
empty_vs_related_memory,science_hypothesis__agents__empty,balanced,empty,related,1.0,1.0,,0,0.0
empty_vs_unrelated_memory,science_hypothesis__agents__empty,balanced,empty,unrelated,1.0,1.0,,0,0.0
empty_vs_related_memory,science_hypothesis__agents__empty,novelty,empty,related,1.0,1.0,,0,0.0
empty_vs_unrelated_memory,science_hypothesis__agents__empty,novelty,empty,unrelated,1.0,1.0,,0,0.0
empty_vs_related_memory,science_hypothesis__agents__empty,recognition,empty,related,1.0,1.0,,0,0.0
empty_vs_unrelated_memory,science_hypothesis__agents__empty,recognition,empty,unrelated,1.0,1.0,,0,0.0
empty_vs_related_memory,science_hypothesis__agents__empty,balanced,empty,related,1.0,1.0,,0,0.0
empty_vs_unrelated_memory,science_hypothesis__agents__empty,balanced,empty,unrelated,1.0,1.0,,0,0.0
empty_vs_related_memory,science_hypothesis__agents__empty,novelty,empty,related,1.0,1.0,,0,0.0
empty_vs_unrelated_memory,science_hypothesis__agents__empty,novelty,empty,unrelated,1.0,1.0,,0,0.0
empty_vs_related_memory,science_hypothesis__agents__empty,recognition,empty,related,1.0,1.0,,0,0.0
empty_vs_unrelated_memory,science_hypothesis__agents__empty,recognition,empty,unrelated,1.0,1.0,,0,0.0
empty_vs_related_memory,science_hypothesis__learning__empty,balanced,empty,related,1.0,1.0,,0,0.0
empty_vs_unrelated_memory,science_hypothesis__learning__empty,balanced,empty,unrelated,1.0,1.0,,0,0.0
empty_vs_related_memory,science_hypothesis__learning__empty,novelty,empty,related,1.0,1.0,,0,0.0
empty_vs_unrelated_memory,science_hypothesis__learning__empty,novelty,empty,unrelated,1.0,1.0,,0,0.0
empty_vs_related_memory,science_hypothesis__learning__empty,recognition,empty,related,1.0,1.0,,0,0.0
empty_vs_unrelated_memory,science_hypothesis__learning__empty,recognition,empty,unrelated,1.0,1.0,,0,0.0
empty_vs_related_memory,science_hypothesis__learning__empty,balanced,empty,related,1.0,1.0,,0,0.0
empty_vs_unrelated_memory,science_hypothesis__learning__empty,balanced,empty,unrelated,1.0,1.0,,0,0.0
empty_vs_related_memory,science_hypothesis__learning__empty,novelty,empty,related,1.0,1.0,,0,0.0
empty_vs_unrelated_memory,science_hypothesis__learning__empty,novelty,empty,unrelated,1.0,1.0,,0,0.0
empty_vs_related_memory,science_hypothesis__learning__empty,recognition,empty,related,1.0,1.0,,0,0.0
empty_vs_unrelated_memory,science_hypothesis__learning__empty,recognition,empty,unrelated,1.0,1.0,,0,0.0
empty_vs_related_memory,science_hypothesis__science__empty,balanced,empty,related,1.0,1.0,,0,0.0
empty_vs_unrelated_memory,science_hypothesis__science__empty,balanced,empty,unrelated,1.0,1.0,,0,0.0
empty_vs_related_memory,science_hypothesis__science__empty,novelty,empty,related,1.0,1.0,,0,0.0
empty_vs_unrelated_memory,science_hypothesis__science__empty,novelty,empty,unrelated,1.0,1.0,,0,0.0
empty_vs_related_memory,science_hypothesis__science__empty,recognition,empty,related,1.0,1.0,,0,0.0
empty_vs_unrelated_memory,science_hypothesis__science__empty,recognition,empty,unrelated,1.0,1.0,,0,0.0
empty_vs_related_memory,science_hypothesis__science__empty,balanced,empty,related,1.0,1.0,,0,0.0
empty_vs_unrelated_memory,science_hypothesis__science__empty,balanced,empty,unrelated,1.0,1.0,,0,0.0
empty_vs_related_memory,science_hypothesis__science__empty,novelty,empty,related,1.0,1.0,,0,0.0
empty_vs_unrelated_memory,science_hypothesis__science__empty,novelty,empty,unrelated,1.0,1.0,,0,0.0
empty_vs_related_memory,science_hypothesis__science__empty,recognition,empty,related,1.0,1.0,,0,0.0
empty_vs_unrelated_memory,science_hypothesis__science__empty,recognition,empty,unrelated,1.0,1.0,,0,0.0
empty_vs_related_memory,science_retrieval__agents__empty,balanced,empty,related,1.0,1.0,,0,0.0
empty_vs_unrelated_memory,science_retrieval__agents__empty,balanced,empty,unrelated,1.0,1.0,,0,0.0
empty_vs_related_memory,science_retrieval__agents__empty,novelty,empty,related,1.0,1.0,,0,0.0
empty_vs_unrelated_memory,science_retrieval__agents__empty,novelty,empty,unrelated,1.0,1.0,,0,0.0
empty_vs_related_memory,science_retrieval__agents__empty,recognition,empty,related,1.0,1.0,,0,0.0
empty_vs_unrelated_memory,science_retrieval__agents__empty,recognition,empty,unrelated,1.0,1.0,,0,0.0
empty_vs_related_memory,science_retrieval__agents__empty,balanced,empty,related,1.0,1.0,,0,0.0
empty_vs_unrelated_memory,science_retrieval__agents__empty,balanced,empty,unrelated,1.0,1.0,,0,0.0
empty_vs_related_memory,science_retrieval__agents__empty,novelty,empty,related,1.0,1.0,,0,0.0
empty_vs_unrelated_memory,science_retrieval__agents__empty,novelty,empty,unrelated,1.0,1.0,,0,0.0
empty_vs_related_memory,science_retrieval__agents__empty,recognition,empty,related,1.0,1.0,,0,0.0
empty_vs_unrelated_memory,science_retrieval__agents__empty,recognition,empty,unrelated,1.0,1.0,,0,0.0
empty_vs_related_memory,science_retrieval__learning__empty,balanced,empty,related,1.0,1.0,,0,0.0
empty_vs_unrelated_memory,science_retrieval__learning__empty,balanced,empty,unrelated,1.0,1.0,,0,0.0
empty_vs_related_memory,science_retrieval__learning__empty,novelty,empty,related,1.0,1.0,,0,0.0
empty_vs_unrelated_memory,science_retrieval__learning__empty,novelty,empty,unrelated,1.0,1.0,,0,0.0
empty_vs_related_memory,science_retrieval__learning__empty,recognition,empty,related,1.0,1.0,,0,0.0
empty_vs_unrelated_memory,science_retrieval__learning__empty,recognition,empty,unrelated,1.0,1.0,,0,0.0
empty_vs_related_memory,science_retrieval__learning__empty,balanced,empty,related,1.0,1.0,,0,0.0
empty_vs_unrelated_memory,science_retrieval__learning__empty,balanced,empty,unrelated,1.0,1.0,,0,0.0
empty_vs_related_memory,science_retrieval__learning__empty,novelty,empty,related,1.0,1.0,,0,0.0
empty_vs_unrelated_memory,science_retrieval__learning__empty,novelty,empty,unrelated,1.0,1.0,,0,0.0
empty_vs_related_memory,science_retrieval__learning__empty,recognition,empty,related,1.0,1.0,,0,0.0
empty_vs_unrelated_memory,science_retrieval__learning__empty,recognition,empty,unrelated,1.0,1.0,,0,0.0
empty_vs_related_memory,science_retrieval__science__empty,balanced,empty,related,1.0,1.0,,0,0.0
empty_vs_unrelated_memory,science_retrieval__science__empty,balanced,empty,unrelated,1.0,1.0,,0,0.0
empty_vs_related_memory,science_retrieval__science__empty,novelty,empty,related,1.0,1.0,,0,0.0
empty_vs_unrelated_memory,science_retrieval__science__empty,novelty,empty,unrelated,1.0,1.0,,0,0.0
empty_vs_related_memory,science_retrieval__science__empty,recognition,empty,related,1.0,1.0,,0,0.0
empty_vs_unrelated_memory,science_retrieval__science__empty,recognition,empty,unrelated,1.0,1.0,,0,0.0
empty_vs_related_memory,science_retrieval__science__empty,balanced,empty,related,1.0,1.0,,0,0.0
empty_vs_unrelated_memory,science_retrieval__science__empty,balanced,empty,unrelated,1.0,1.0,,0,0.0
empty_vs_related_memory,science_retrieval__science__empty,novelty,empty,related,1.0,1.0,,0,0.0
empty_vs_unrelated_memory,science_retrieval__science__empty,novelty,empty,unrelated,1.0,1.0,,0,0.0
empty_vs_related_memory,science_retrieval__science__empty,recognition,empty,related,1.0,1.0,,0,0.0
empty_vs_unrelated_memory,science_retrieval__science__empty,recognition,empty,unrelated,1.0,1.0,,0,0.0
topic_only_empty_memory_probe,agent_communication__agent_memory__agents,balanced,agent_communication,agent_memory,0.0,0.0,,0,0.0
topic_only_empty_memory_probe,agent_communication__agent_memory__agents,novelty,agent_communication,agent_memory,0.0,0.0,,0,0.0
topic_only_empty_memory_probe,agent_communication__agent_memory__agents,recognition,agent_communication,agent_memory,0.0,0.0,,0,0.0
topic_only_empty_memory_probe,agent_communication__agent_memory__agents,balanced,agent_communication,agent_memory,0.0,0.0,,1,0.4
topic_only_empty_memory_probe,agent_communication__agent_memory__agents,novelty,agent_communication,agent_memory,0.0,0.0,,1,0.4
topic_only_empty_memory_probe,agent_communication__agent_memory__agents,recognition,agent_communication,agent_memory,0.0,0.0,,1,0.4
topic_only_empty_memory_probe,agent_communication__agent_memory__learning,balanced,agent_communication,agent_memory,0.0,0.0,,0,0.0
topic_only_empty_memory_probe,agent_communication__agent_memory__learning,novelty,agent_communication,agent_memory,0.0,0.0,,0,0.0
topic_only_empty_memory_probe,agent_communication__agent_memory__learning,recognition,agent_communication,agent_memory,0.0,0.0,,0,0.0
topic_only_empty_memory_probe,agent_communication__agent_memory__learning,balanced,agent_communication,agent_memory,0.0,0.0,,1,0.4
topic_only_empty_memory_probe,agent_communication__agent_memory__learning,novelty,agent_communication,agent_memory,0.0,0.0,,1,0.4
topic_only_empty_memory_probe,agent_communication__agent_memory__learning,recognition,agent_communication,agent_memory,0.0,0.0,,1,0.4
topic_only_empty_memory_probe,agent_communication__agent_memory__science,balanced,agent_communication,agent_memory,0.2,0.3333333333333333,,0,0.0
topic_only_empty_memory_probe,agent_communication__agent_memory__science,novelty,agent_communication,agent_memory,0.2,0.3333333333333333,,0,0.0
topic_only_empty_memory_probe,agent_communication__agent_memory__science,recognition,agent_communication,agent_memory,0.2,0.3333333333333333,,0,0.0
topic_only_empty_memory_probe,agent_communication__agent_memory__science,balanced,agent_communication,agent_memory,0.0,0.0,,1,0.4
topic_only_empty_memory_probe,agent_communication__agent_memory__science,novelty,agent_communication,agent_memory,0.0,0.0,,1,0.4
topic_only_empty_memory_probe,agent_communication__agent_memory__science,recognition,agent_communication,agent_memory,0.0,0.0,,1,0.4
topic_only_empty_memory_probe,agent_memory__agent_planning__agents,balanced,agent_memory,agent_planning,0.0,0.0,,0,0.0
topic_only_empty_memory_probe,agent_memory__agent_planning__agents,novelty,agent_memory,agent_planning,0.0,0.0,,0,0.0
topic_only_empty_memory_probe,agent_memory__agent_planning__agents,recognition,agent_memory,agent_planning,0.0,0.0,,0,0.0
topic_only_empty_memory_probe,agent_memory__agent_planning__agents,balanced,agent_memory,agent_planning,0.0,0.0,,-1,-0.45000000000000007
topic_only_empty_memory_probe,agent_memory__agent_planning__agents,novelty,agent_memory,agent_planning,0.0,0.0,,-1,-0.45000000000000007
topic_only_empty_memory_probe,agent_memory__agent_planning__agents,recognition,agent_memory,agent_planning,0.0,0.0,,-1,-0.45000000000000007
topic_only_empty_memory_probe,agent_memory__agent_planning__learning,balanced,agent_memory,agent_planning,0.0,0.0,,0,0.0
topic_only_empty_memory_probe,agent_memory__agent_planning__learning,novelty,agent_memory,agent_planning,0.0,0.0,,0,0.0
topic_only_empty_memory_probe,agent_memory__agent_planning__learning,recognition,agent_memory,agent_planning,0.0,0.0,,0,0.0
topic_only_empty_memory_probe,agent_memory__agent_planning__learning,balanced,agent_memory,agent_planning,0.0,0.0,,-1,-0.45000000000000007
topic_only_empty_memory_probe,agent_memory__agent_planning__learning,novelty,agent_memory,agent_planning,0.0,0.0,,-1,-0.45000000000000007
topic_only_empty_memory_probe,agent_memory__agent_planning__learning,recognition,agent_memory,agent_planning,0.0,0.0,,-1,-0.45000000000000007
topic_only_empty_memory_probe,agent_memory__agent_planning__science,balanced,agent_memory,agent_planning,0.2,0.3333333333333333,,0,0.0
topic_only_empty_memory_probe,agent_memory__agent_planning__science,novelty,agent_memory,agent_planning,0.2,0.3333333333333333,,0,0.0
topic_only_empty_memory_probe,agent_memory__agent_planning__science,recognition,agent_memory,agent_planning,0.2,0.3333333333333333,,0,0.0
topic_only_empty_memory_probe,agent_memory__agent_planning__science,balanced,agent_memory,agent_planning,0.0,0.0,,-1,-0.45000000000000007
topic_only_empty_memory_probe,agent_memory__agent_planning__science,novelty,agent_memory,agent_planning,0.0,0.0,,-1,-0.45000000000000007
topic_only_empty_memory_probe,agent_memory__agent_planning__science,recognition,agent_memory,agent_planning,0.0,0.0,,-1,-0.45000000000000007
topic_only_empty_memory_probe,agent_planning__agent_tools__agents,balanced,agent_planning,agent_tools,0.0,0.0,,0,0.0
topic_only_empty_memory_probe,agent_planning__agent_tools__agents,novelty,agent_planning,agent_tools,0.0,0.0,,0,0.0
topic_only_empty_memory_probe,agent_planning__agent_tools__agents,recognition,agent_planning,agent_tools,0.0,0.0,,0,0.0
topic_only_empty_memory_probe,agent_planning__agent_tools__agents,balanced,agent_planning,agent_tools,0.0,0.0,,0,0.0
topic_only_empty_memory_probe,agent_planning__agent_tools__agents,novelty,agent_planning,agent_tools,0.0,0.0,,0,0.0
topic_only_empty_memory_probe,agent_planning__agent_tools__agents,recognition,agent_planning,agent_tools,0.0,0.0,,0,0.0
topic_only_empty_memory_probe,agent_planning__agent_tools__learning,balanced,agent_planning,agent_tools,0.0,0.0,,0,0.0
topic_only_empty_memory_probe,agent_planning__agent_tools__learning,novelty,agent_planning,agent_tools,0.0,0.0,,0,0.0
topic_only_empty_memory_probe,agent_planning__agent_tools__learning,recognition,agent_planning,agent_tools,0.0,0.0,,0,0.0
topic_only_empty_memory_probe,agent_planning__agent_tools__learning,balanced,agent_planning,agent_tools,0.0,0.0,,0,0.0
topic_only_empty_memory_probe,agent_planning__agent_tools__learning,novelty,agent_planning,agent_tools,0.0,0.0,,0,0.0
topic_only_empty_memory_probe,agent_planning__agent_tools__learning,recognition,agent_planning,agent_tools,0.0,0.0,,0,0.0
topic_only_empty_memory_probe,agent_planning__agent_tools__science,balanced,agent_planning,agent_tools,0.0,0.0,,0,0.0
topic_only_empty_memory_probe,agent_planning__agent_tools__science,novelty,agent_planning,agent_tools,0.0,0.0,,0,0.0
topic_only_empty_memory_probe,agent_planning__agent_tools__science,recognition,agent_planning,agent_tools,0.0,0.0,,0,0.0
topic_only_empty_memory_probe,agent_planning__agent_tools__science,balanced,agent_planning,agent_tools,0.0,0.0,,0,0.0
topic_only_empty_memory_probe,agent_planning__agent_tools__science,novelty,agent_planning,agent_tools,0.0,0.0,,0,0.0
topic_only_empty_memory_probe,agent_planning__agent_tools__science,recognition,agent_planning,agent_tools,0.0,0.0,,0,0.0
topic_only_empty_memory_probe,agent_tools__learning_exploration__agents,balanced,agent_tools,learning_exploration,0.0,0.0,,0,0.0
topic_only_empty_memory_probe,agent_tools__learning_exploration__agents,novelty,agent_tools,learning_exploration,0.0,0.0,,0,0.0
topic_only_empty_memory_probe,agent_tools__learning_exploration__agents,recognition,agent_tools,learning_exploration,0.0,0.0,,0,0.0
topic_only_empty_memory_probe,agent_tools__learning_exploration__agents,balanced,agent_tools,learning_exploration,0.0,0.0,,0,0.0
topic_only_empty_memory_probe,agent_tools__learning_exploration__agents,novelty,agent_tools,learning_exploration,0.0,0.0,,0,0.0
topic_only_empty_memory_probe,agent_tools__learning_exploration__agents,recognition,agent_tools,learning_exploration,0.0,0.0,,0,0.0
topic_only_empty_memory_probe,agent_tools__learning_exploration__learning,balanced,agent_tools,learning_exploration,0.0,0.0,,0,0.0
topic_only_empty_memory_probe,agent_tools__learning_exploration__learning,novelty,agent_tools,learning_exploration,0.0,0.0,,0,0.0
topic_only_empty_memory_probe,agent_tools__learning_exploration__learning,recognition,agent_tools,learning_exploration,0.0,0.0,,0,0.0
topic_only_empty_memory_probe,agent_tools__learning_exploration__learning,balanced,agent_tools,learning_exploration,0.0,0.0,,0,0.0
topic_only_empty_memory_probe,agent_tools__learning_exploration__learning,novelty,agent_tools,learning_exploration,0.0,0.0,,0,0.0
topic_only_empty_memory_probe,agent_tools__learning_exploration__learning,recognition,agent_tools,learning_exploration,0.0,0.0,,0,0.0
topic_only_empty_memory_probe,agent_tools__learning_exploration__science,balanced,agent_tools,learning_exploration,0.0,0.0,,0,0.0
topic_only_empty_memory_probe,agent_tools__learning_exploration__science,novelty,agent_tools,learning_exploration,0.0,0.0,,0,0.0
topic_only_empty_memory_probe,agent_tools__learning_exploration__science,recognition,agent_tools,learning_exploration,0.0,0.0,,0,0.0
topic_only_empty_memory_probe,agent_tools__learning_exploration__science,balanced,agent_tools,learning_exploration,0.0,0.0,,0,0.0
topic_only_empty_memory_probe,agent_tools__learning_exploration__science,novelty,agent_tools,learning_exploration,0.0,0.0,,0,0.0
topic_only_empty_memory_probe,agent_tools__learning_exploration__science,recognition,agent_tools,learning_exploration,0.0,0.0,,0,0.0
topic_only_empty_memory_probe,learning_exploration__learning_graph__agents,balanced,learning_exploration,learning_graph,0.0,0.0,,0,0.0
topic_only_empty_memory_probe,learning_exploration__learning_graph__agents,novelty,learning_exploration,learning_graph,0.0,0.0,,0,0.0
topic_only_empty_memory_probe,learning_exploration__learning_graph__agents,recognition,learning_exploration,learning_graph,0.0,0.0,,0,0.0
topic_only_empty_memory_probe,learning_exploration__learning_graph__agents,balanced,learning_exploration,learning_graph,0.0,0.0,,0,0.050000000000000044
topic_only_empty_memory_probe,learning_exploration__learning_graph__agents,novelty,learning_exploration,learning_graph,0.0,0.0,,0,0.050000000000000044
topic_only_empty_memory_probe,learning_exploration__learning_graph__agents,recognition,learning_exploration,learning_graph,0.0,0.0,,0,0.050000000000000044
topic_only_empty_memory_probe,learning_exploration__learning_graph__learning,balanced,learning_exploration,learning_graph,0.0,0.0,,0,0.0
topic_only_empty_memory_probe,learning_exploration__learning_graph__learning,novelty,learning_exploration,learning_graph,0.0,0.0,,0,0.0
topic_only_empty_memory_probe,learning_exploration__learning_graph__learning,recognition,learning_exploration,learning_graph,0.0,0.0,,0,0.0
topic_only_empty_memory_probe,learning_exploration__learning_graph__learning,balanced,learning_exploration,learning_graph,0.0,0.0,,0,0.050000000000000044
topic_only_empty_memory_probe,learning_exploration__learning_graph__learning,novelty,learning_exploration,learning_graph,0.0,0.0,,0,0.050000000000000044
topic_only_empty_memory_probe,learning_exploration__learning_graph__learning,recognition,learning_exploration,learning_graph,0.0,0.0,,0,0.050000000000000044
topic_only_empty_memory_probe,learning_exploration__learning_graph__science,balanced,learning_exploration,learning_graph,0.0,0.0,,0,0.0
topic_only_empty_memory_probe,learning_exploration__learning_graph__science,novelty,learning_exploration,learning_graph,0.0,0.0,,0,0.0
topic_only_empty_memory_probe,learning_exploration__learning_graph__science,recognition,learning_exploration,learning_graph,0.0,0.0,,0,0.0
topic_only_empty_memory_probe,learning_exploration__learning_graph__science,balanced,learning_exploration,learning_graph,0.0,0.0,,0,0.050000000000000044
topic_only_empty_memory_probe,learning_exploration__learning_graph__science,novelty,learning_exploration,learning_graph,0.0,0.0,,0,0.050000000000000044
topic_only_empty_memory_probe,learning_exploration__learning_graph__science,recognition,learning_exploration,learning_graph,0.0,0.0,,0,0.050000000000000044
topic_only_empty_memory_probe,learning_graph__learning_policy__agents,balanced,learning_graph,learning_policy,0.0,0.0,,0,0.0
topic_only_empty_memory_probe,learning_graph__learning_policy__agents,novelty,learning_graph,learning_policy,0.0,0.0,,0,0.0
topic_only_empty_memory_probe,learning_graph__learning_policy__agents,recognition,learning_graph,learning_policy,0.0,0.0,,0,0.0
topic_only_empty_memory_probe,learning_graph__learning_policy__agents,balanced,learning_graph,learning_policy,0.0,0.0,,0,0.0
topic_only_empty_memory_probe,learning_graph__learning_policy__agents,novelty,learning_graph,learning_policy,0.0,0.0,,0,0.0
topic_only_empty_memory_probe,learning_graph__learning_policy__agents,recognition,learning_graph,learning_policy,0.0,0.0,,0,0.0
topic_only_empty_memory_probe,learning_graph__learning_policy__learning,balanced,learning_graph,learning_policy,0.0,0.0,,0,0.0
topic_only_empty_memory_probe,learning_graph__learning_policy__learning,novelty,learning_graph,learning_policy,0.0,0.0,,0,0.0
topic_only_empty_memory_probe,learning_graph__learning_policy__learning,recognition,learning_graph,learning_policy,0.0,0.0,,0,0.0
topic_only_empty_memory_probe,learning_graph__learning_policy__learning,balanced,learning_graph,learning_policy,0.0,0.0,,0,0.0
topic_only_empty_memory_probe,learning_graph__learning_policy__learning,novelty,learning_graph,learning_policy,0.0,0.0,,0,0.0
topic_only_empty_memory_probe,learning_graph__learning_policy__learning,recognition,learning_graph,learning_policy,0.0,0.0,,0,0.0
topic_only_empty_memory_probe,learning_graph__learning_policy__science,balanced,learning_graph,learning_policy,0.0,0.0,,0,0.0
topic_only_empty_memory_probe,learning_graph__learning_policy__science,novelty,learning_graph,learning_policy,0.0,0.0,,0,0.0
topic_only_empty_memory_probe,learning_graph__learning_policy__science,recognition,learning_graph,learning_policy,0.0,0.0,,0,0.0
topic_only_empty_memory_probe,learning_graph__learning_policy__science,balanced,learning_graph,learning_policy,0.0,0.0,,0,0.0
topic_only_empty_memory_probe,learning_graph__learning_policy__science,novelty,learning_graph,learning_policy,0.0,0.0,,0,0.0
topic_only_empty_memory_probe,learning_graph__learning_policy__science,recognition,learning_graph,learning_policy,0.0,0.0,,0,0.0
topic_only_empty_memory_probe,learning_policy__learning_reward__agents,balanced,learning_policy,learning_reward,0.0,0.0,,0,0.0
topic_only_empty_memory_probe,learning_policy__learning_reward__agents,novelty,learning_policy,learning_reward,0.0,0.0,,0,0.0
topic_only_empty_memory_probe,learning_policy__learning_reward__agents,recognition,learning_policy,learning_reward,0.0,0.0,,0,0.0
topic_only_empty_memory_probe,learning_policy__learning_reward__agents,balanced,learning_policy,learning_reward,0.0,0.0,,0,-0.050000000000000044
topic_only_empty_memory_probe,learning_policy__learning_reward__agents,novelty,learning_policy,learning_reward,0.0,0.0,,0,-0.050000000000000044
topic_only_empty_memory_probe,learning_policy__learning_reward__agents,recognition,learning_policy,learning_reward,0.0,0.0,,0,-0.050000000000000044
topic_only_empty_memory_probe,learning_policy__learning_reward__learning,balanced,learning_policy,learning_reward,0.0,0.0,,0,0.0
topic_only_empty_memory_probe,learning_policy__learning_reward__learning,novelty,learning_policy,learning_reward,0.0,0.0,,0,0.0
topic_only_empty_memory_probe,learning_policy__learning_reward__learning,recognition,learning_policy,learning_reward,0.0,0.0,,0,0.0
topic_only_empty_memory_probe,learning_policy__learning_reward__learning,balanced,learning_policy,learning_reward,0.0,0.0,,0,-0.050000000000000044
topic_only_empty_memory_probe,learning_policy__learning_reward__learning,novelty,learning_policy,learning_reward,0.0,0.0,,0,-0.050000000000000044
topic_only_empty_memory_probe,learning_policy__learning_reward__learning,recognition,learning_policy,learning_reward,0.0,0.0,,0,-0.050000000000000044
topic_only_empty_memory_probe,learning_policy__learning_reward__science,balanced,learning_policy,learning_reward,0.0,0.0,,0,0.0
topic_only_empty_memory_probe,learning_policy__learning_reward__science,novelty,learning_policy,learning_reward,0.0,0.0,,0,0.0
topic_only_empty_memory_probe,learning_policy__learning_reward__science,recognition,learning_policy,learning_reward,0.0,0.0,,0,0.0
topic_only_empty_memory_probe,learning_policy__learning_reward__science,balanced,learning_policy,learning_reward,0.0,0.0,,0,-0.050000000000000044
topic_only_empty_memory_probe,learning_policy__learning_reward__science,novelty,learning_policy,learning_reward,0.0,0.0,,0,-0.050000000000000044
topic_only_empty_memory_probe,learning_policy__learning_reward__science,recognition,learning_policy,learning_reward,0.0,0.0,,0,-0.050000000000000044
topic_only_empty_memory_probe,learning_reward__science_collaboration__agents,balanced,learning_reward,science_collaboration,0.0,0.0,,0,0.0
topic_only_empty_memory_probe,learning_reward__science_collaboration__agents,novelty,learning_reward,science_collaboration,0.0,0.0,,0,0.0
topic_only_empty_memory_probe,learning_reward__science_collaboration__agents,recognition,learning_reward,science_collaboration,0.0,0.0,,0,0.0
topic_only_empty_memory_probe,learning_reward__science_collaboration__agents,balanced,learning_reward,science_collaboration,0.0,0.0,,0,0.0
topic_only_empty_memory_probe,learning_reward__science_collaboration__agents,novelty,learning_reward,science_collaboration,0.0,0.0,,0,0.0
topic_only_empty_memory_probe,learning_reward__science_collaboration__agents,recognition,learning_reward,science_collaboration,0.0,0.0,,0,0.0
topic_only_empty_memory_probe,learning_reward__science_collaboration__learning,balanced,learning_reward,science_collaboration,0.0,0.0,,0,0.0
topic_only_empty_memory_probe,learning_reward__science_collaboration__learning,novelty,learning_reward,science_collaboration,0.0,0.0,,0,0.0
topic_only_empty_memory_probe,learning_reward__science_collaboration__learning,recognition,learning_reward,science_collaboration,0.0,0.0,,0,0.0
topic_only_empty_memory_probe,learning_reward__science_collaboration__learning,balanced,learning_reward,science_collaboration,0.0,0.0,,0,0.0
topic_only_empty_memory_probe,learning_reward__science_collaboration__learning,novelty,learning_reward,science_collaboration,0.0,0.0,,0,0.0
topic_only_empty_memory_probe,learning_reward__science_collaboration__learning,recognition,learning_reward,science_collaboration,0.0,0.0,,0,0.0
topic_only_empty_memory_probe,learning_reward__science_collaboration__science,balanced,learning_reward,science_collaboration,0.0,0.0,,0,0.0
topic_only_empty_memory_probe,learning_reward__science_collaboration__science,novelty,learning_reward,science_collaboration,0.0,0.0,,0,0.0
topic_only_empty_memory_probe,learning_reward__science_collaboration__science,recognition,learning_reward,science_collaboration,0.0,0.0,,0,0.0
topic_only_empty_memory_probe,learning_reward__science_collaboration__science,balanced,learning_reward,science_collaboration,0.0,0.0,,0,0.0
topic_only_empty_memory_probe,learning_reward__science_collaboration__science,novelty,learning_reward,science_collaboration,0.0,0.0,,0,0.0
topic_only_empty_memory_probe,learning_reward__science_collaboration__science,recognition,learning_reward,science_collaboration,0.0,0.0,,0,0.0
topic_only_empty_memory_probe,science_collaboration__science_evaluation__agents,balanced,science_collaboration,science_evaluation,0.0,0.0,,0,0.0
topic_only_empty_memory_probe,science_collaboration__science_evaluation__agents,novelty,science_collaboration,science_evaluation,0.0,0.0,,0,0.0
topic_only_empty_memory_probe,science_collaboration__science_evaluation__agents,recognition,science_collaboration,science_evaluation,0.0,0.0,,0,0.0
topic_only_empty_memory_probe,science_collaboration__science_evaluation__agents,balanced,science_collaboration,science_evaluation,0.0,0.0,,0,0.0
topic_only_empty_memory_probe,science_collaboration__science_evaluation__agents,novelty,science_collaboration,science_evaluation,0.0,0.0,,0,0.0
topic_only_empty_memory_probe,science_collaboration__science_evaluation__agents,recognition,science_collaboration,science_evaluation,0.0,0.0,,0,0.0
topic_only_empty_memory_probe,science_collaboration__science_evaluation__learning,balanced,science_collaboration,science_evaluation,0.0,0.0,,0,0.0
topic_only_empty_memory_probe,science_collaboration__science_evaluation__learning,novelty,science_collaboration,science_evaluation,0.0,0.0,,0,0.0
topic_only_empty_memory_probe,science_collaboration__science_evaluation__learning,recognition,science_collaboration,science_evaluation,0.0,0.0,,0,0.0
topic_only_empty_memory_probe,science_collaboration__science_evaluation__learning,balanced,science_collaboration,science_evaluation,0.0,0.0,,0,0.0
topic_only_empty_memory_probe,science_collaboration__science_evaluation__learning,novelty,science_collaboration,science_evaluation,0.0,0.0,,0,0.0
topic_only_empty_memory_probe,science_collaboration__science_evaluation__learning,recognition,science_collaboration,science_evaluation,0.0,0.0,,0,0.0
topic_only_empty_memory_probe,science_collaboration__science_evaluation__science,balanced,science_collaboration,science_evaluation,0.0,0.0,,0,0.0
topic_only_empty_memory_probe,science_collaboration__science_evaluation__science,novelty,science_collaboration,science_evaluation,0.0,0.0,,0,0.0
topic_only_empty_memory_probe,science_collaboration__science_evaluation__science,recognition,science_collaboration,science_evaluation,0.0,0.0,,0,0.0
topic_only_empty_memory_probe,science_collaboration__science_evaluation__science,balanced,science_collaboration,science_evaluation,0.0,0.0,,0,0.0
topic_only_empty_memory_probe,science_collaboration__science_evaluation__science,novelty,science_collaboration,science_evaluation,0.0,0.0,,0,0.0
topic_only_empty_memory_probe,science_collaboration__science_evaluation__science,recognition,science_collaboration,science_evaluation,0.0,0.0,,0,0.0
topic_only_empty_memory_probe,science_evaluation__science_hypothesis__agents,balanced,science_evaluation,science_hypothesis,0.0,0.0,,0,0.0
topic_only_empty_memory_probe,science_evaluation__science_hypothesis__agents,novelty,science_evaluation,science_hypothesis,0.0,0.0,,0,0.0
topic_only_empty_memory_probe,science_evaluation__science_hypothesis__agents,recognition,science_evaluation,science_hypothesis,0.0,0.0,,0,0.0
topic_only_empty_memory_probe,science_evaluation__science_hypothesis__agents,balanced,science_evaluation,science_hypothesis,0.0,0.0,,0,0.050000000000000044
topic_only_empty_memory_probe,science_evaluation__science_hypothesis__agents,novelty,science_evaluation,science_hypothesis,0.0,0.0,,0,0.050000000000000044
topic_only_empty_memory_probe,science_evaluation__science_hypothesis__agents,recognition,science_evaluation,science_hypothesis,0.0,0.0,,0,0.050000000000000044
topic_only_empty_memory_probe,science_evaluation__science_hypothesis__learning,balanced,science_evaluation,science_hypothesis,0.0,0.0,,0,0.0
topic_only_empty_memory_probe,science_evaluation__science_hypothesis__learning,novelty,science_evaluation,science_hypothesis,0.0,0.0,,0,0.0
topic_only_empty_memory_probe,science_evaluation__science_hypothesis__learning,recognition,science_evaluation,science_hypothesis,0.0,0.0,,0,0.0
topic_only_empty_memory_probe,science_evaluation__science_hypothesis__learning,balanced,science_evaluation,science_hypothesis,0.0,0.0,,0,0.050000000000000044
topic_only_empty_memory_probe,science_evaluation__science_hypothesis__learning,novelty,science_evaluation,science_hypothesis,0.0,0.0,,0,0.050000000000000044
topic_only_empty_memory_probe,science_evaluation__science_hypothesis__learning,recognition,science_evaluation,science_hypothesis,0.0,0.0,,0,0.050000000000000044
topic_only_empty_memory_probe,science_evaluation__science_hypothesis__science,balanced,science_evaluation,science_hypothesis,0.0,0.0,,0,0.0
topic_only_empty_memory_probe,science_evaluation__science_hypothesis__science,novelty,science_evaluation,science_hypothesis,0.0,0.0,,0,0.0
topic_only_empty_memory_probe,science_evaluation__science_hypothesis__science,recognition,science_evaluation,science_hypothesis,0.0,0.0,,0,0.0
topic_only_empty_memory_probe,science_evaluation__science_hypothesis__science,balanced,science_evaluation,science_hypothesis,0.0,0.0,,0,0.050000000000000044
topic_only_empty_memory_probe,science_evaluation__science_hypothesis__science,novelty,science_evaluation,science_hypothesis,0.0,0.0,,0,0.050000000000000044
topic_only_empty_memory_probe,science_evaluation__science_hypothesis__science,recognition,science_evaluation,science_hypothesis,0.0,0.0,,0,0.050000000000000044
topic_only_empty_memory_probe,science_hypothesis__science_retrieval__agents,balanced,science_hypothesis,science_retrieval,0.0,0.0,,0,0.0
topic_only_empty_memory_probe,science_hypothesis__science_retrieval__agents,novelty,science_hypothesis,science_retrieval,0.0,0.0,,0,0.0
topic_only_empty_memory_probe,science_hypothesis__science_retrieval__agents,recognition,science_hypothesis,science_retrieval,0.0,0.0,,0,0.0
topic_only_empty_memory_probe,science_hypothesis__science_retrieval__agents,balanced,science_hypothesis,science_retrieval,0.0,0.0,,1,0.4
topic_only_empty_memory_probe,science_hypothesis__science_retrieval__agents,novelty,science_hypothesis,science_retrieval,0.0,0.0,,1,0.4
topic_only_empty_memory_probe,science_hypothesis__science_retrieval__agents,recognition,science_hypothesis,science_retrieval,0.0,0.0,,1,0.4
topic_only_empty_memory_probe,science_hypothesis__science_retrieval__learning,balanced,science_hypothesis,science_retrieval,0.0,0.0,,0,0.0
topic_only_empty_memory_probe,science_hypothesis__science_retrieval__learning,novelty,science_hypothesis,science_retrieval,0.0,0.0,,0,0.0
topic_only_empty_memory_probe,science_hypothesis__science_retrieval__learning,recognition,science_hypothesis,science_retrieval,0.0,0.0,,0,0.0
topic_only_empty_memory_probe,science_hypothesis__science_retrieval__learning,balanced,science_hypothesis,science_retrieval,0.0,0.0,,1,0.4
topic_only_empty_memory_probe,science_hypothesis__science_retrieval__learning,novelty,science_hypothesis,science_retrieval,0.0,0.0,,1,0.4
topic_only_empty_memory_probe,science_hypothesis__science_retrieval__learning,recognition,science_hypothesis,science_retrieval,0.0,0.0,,1,0.4
topic_only_empty_memory_probe,science_hypothesis__science_retrieval__science,balanced,science_hypothesis,science_retrieval,0.0,0.0,,0,0.0
topic_only_empty_memory_probe,science_hypothesis__science_retrieval__science,novelty,science_hypothesis,science_retrieval,0.0,0.0,,0,0.0
topic_only_empty_memory_probe,science_hypothesis__science_retrieval__science,recognition,science_hypothesis,science_retrieval,0.0,0.0,,0,0.0
topic_only_empty_memory_probe,science_hypothesis__science_retrieval__science,balanced,science_hypothesis,science_retrieval,0.0,0.0,,1,0.4
topic_only_empty_memory_probe,science_hypothesis__science_retrieval__science,novelty,science_hypothesis,science_retrieval,0.0,0.0,,1,0.4
topic_only_empty_memory_probe,science_hypothesis__science_retrieval__science,recognition,science_hypothesis,science_retrieval,0.0,0.0,,1,0.4
