review_id,title,hypothesis,method,references,novelty_1_to_5,feasibility_1_to_5,comment
0006900ba81880d1,agents study s12 approach 1,Combining Synthetic agents planning scenario 7 with resource-limited collaboration changes performance.,Cross-domain transfer with randomized team composition and ablations.,demo_agents_07,,,
0060096226beb063,science study s02 approach 1,Combining Synthetic science paper retrieval scenario 1 with resource-limited collaboration changes performance.,Cross-domain transfer with randomized team composition and ablations.,demo_science_01,,,
00840947cc10e75e,agents study s06 approach 1,Combining Synthetic agents planning scenario 7 with resource-limited collaboration changes performance.,Cross-domain transfer with randomized team composition and ablations.,demo_agents_07,,,
008c8552cad4597e,agents study s12 approach 0,Combining Synthetic agents planning scenario 3 with resource-limited collaboration changes performance. Test with matched initial states.,Controlled graph benchmark and matched trials. Add independent runs and a no-sharing control.,demo_agents_03,,,
008df70935fb7ded,science study s14 approach 1,Combining Synthetic science paper retrieval scenario 1 with resource-limited collaboration changes performance. Test with matched initial states.,Cross-domain transfer with randomized team composition and ablations. Add independent runs and a no-sharing control.,demo_science_01,,,
0115b479f8dc2c51,science study s17 approach 0,Combining Synthetic science hypothesis generation scenario 0 with resource-limited collaboration changes performance. Test with matched initial states.,Controlled graph benchmark and matched trials. Add independent runs and a no-sharing control.,demo_science_00,,,
01214459920befb7,learning study s10 approach 1,Combining Synthetic learning exploration scenario 7 with resource-limited collaboration changes performance. Test with matched initial states.,Cross-domain transfer with randomized team composition and ablations. Add independent runs and a no-sharing control.,demo_learning_07,,,
01540cbaac1b3099,agents study s09 approach 0,Combining Synthetic agents planning scenario 3 with resource-limited collaboration changes performance. Test with matched initial states.,Controlled graph benchmark and matched trials. Add independent runs and a no-sharing control.,demo_agents_03,,,
01d3ef205a3bbe2d,learning study s13 approach 1,Combining Synthetic learning exploration scenario 7 with resource-limited collaboration changes performance. Test with matched initial states.,Cross-domain transfer with randomized team composition and ablations. Add independent runs and a no-sharing control.,demo_learning_07,,,
01d4f3785264d735,agents study s00 approach 1,Combining Synthetic agents planning scenario 7 with resource-limited collaboration changes performance. Test with matched initial states.,Cross-domain transfer with randomized team composition and ablations. Add independent runs and a no-sharing control.,demo_agents_07,,,
02030812cc22ce56,agents study s09 approach 1,Combining Synthetic agents planning scenario 7 with resource-limited collaboration changes performance. Test with matched initial states.,Cross-domain transfer with randomized team composition and ablations. Add independent runs and a no-sharing control.,demo_agents_07,,,
0211e8de75e943d1,agents study s03 approach 1,Combining Synthetic agents planning scenario 7 with resource-limited collaboration changes performance. Test with matched initial states.,Cross-domain transfer with randomized team composition and ablations. Add independent runs and a no-sharing control.,demo_agents_07,,,
027be58f84844e7a,science study s05 approach 1,Combining Synthetic science paper retrieval scenario 1 with resource-limited collaboration changes performance. Test with matched initial states.,Cross-domain transfer with randomized team composition and ablations. Add independent runs and a no-sharing control.,demo_science_01,,,
02b8683c3b38fe1f,agents study s18 approach 1,Combining Synthetic agents planning scenario 7 with resource-limited collaboration changes performance. Test with matched initial states.,Cross-domain transfer with randomized team composition and ablations. Add independent runs and a no-sharing control.,demo_agents_07,,,
02c9b38d4c08447f,learning study s10 approach 1,Combining Synthetic learning exploration scenario 7 with resource-limited collaboration changes performance. Test with matched initial states.,Cross-domain transfer with randomized team composition and ablations. Add independent runs and a no-sharing control.,demo_learning_07,,,
02d00d9083a3217c,learning study s07 approach 1,Combining Synthetic learning exploration scenario 7 with resource-limited collaboration changes performance.,Cross-domain transfer with randomized team composition and ablations.,demo_learning_07,,,
033b7d17570a8cb1,learning study s10 approach 1,Combining Synthetic learning exploration scenario 7 with resource-limited collaboration changes performance.,Cross-domain transfer with randomized team composition and ablations.,demo_learning_07,,,
038d41166f3bd6e2,science study s11 approach 0,Combining Synthetic science hypothesis generation scenario 0 with resource-limited collaboration changes performance. Test with matched initial states.,Controlled graph benchmark and matched trials. Add independent runs and a no-sharing control.,demo_science_00,,,
03e0549318f7a039,science study s08 approach 1,Combining Synthetic science paper retrieval scenario 1 with resource-limited collaboration changes performance.,Cross-domain transfer with randomized team composition and ablations.,demo_science_01,,,
0447ad55f9144c57,learning study s19 approach 0,Combining Synthetic learning exploration scenario 3 with resource-limited collaboration changes performance.,Controlled graph benchmark and matched trials.,demo_learning_03,,,
04588c28c1fe31e0,agents study s15 approach 0,Combining Synthetic agents planning scenario 3 with resource-limited collaboration changes performance. Test with matched initial states.,Controlled graph benchmark and matched trials. Add independent runs and a no-sharing control.,demo_agents_03,,,
045e8cb4d0dbb6c9,science study s14 approach 1,Combining Synthetic science paper retrieval scenario 1 with resource-limited collaboration changes performance. Test with matched initial states.,Cross-domain transfer with randomized team composition and ablations. Add independent runs and a no-sharing control.,demo_science_01,,,
046cf0c05fb837ab,agents study s06 approach 0,Combining Synthetic agents planning scenario 3 with resource-limited collaboration changes performance.,Controlled graph benchmark and matched trials.,demo_agents_03,,,
04bee2526ff8b713,agents study s06 approach 1,Combining Synthetic agents planning scenario 7 with resource-limited collaboration changes performance. Test with matched initial states.,Cross-domain transfer with randomized team composition and ablations. Add independent runs and a no-sharing control.,demo_agents_07,,,
04bf13b720705e17,science study s05 approach 1,Combining Synthetic science paper retrieval scenario 1 with resource-limited collaboration changes performance.,Cross-domain transfer with randomized team composition and ablations.,demo_science_01,,,
04fe6768517d6b15,learning study s16 approach 1,Combining Synthetic learning exploration scenario 7 with resource-limited collaboration changes performance. Test with matched initial states.,Cross-domain transfer with randomized team composition and ablations. Add independent runs and a no-sharing control.,demo_learning_07,,,
0599fe9e5141df22,learning study s19 approach 1,Combining Synthetic learning exploration scenario 7 with resource-limited collaboration changes performance. Test with matched initial states.,Cross-domain transfer with randomized team composition and ablations. Add independent runs and a no-sharing control.,demo_learning_07,,,
05af7c60a2e6762f,learning study s04 approach 1,Combining Synthetic learning exploration scenario 7 with resource-limited collaboration changes performance.,Cross-domain transfer with randomized team composition and ablations.,demo_learning_07,,,
05bbda4139de9ff0,learning study s19 approach 1,Combining Synthetic learning exploration scenario 7 with resource-limited collaboration changes performance. Test with matched initial states.,Cross-domain transfer with randomized team composition and ablations. Add independent runs and a no-sharing control.,demo_learning_07,,,
05db2e8b971a604b,agents study s06 approach 1,Combining Synthetic agents planning scenario 7 with resource-limited collaboration changes performance.,Cross-domain transfer with randomized team composition and ablations.,demo_agents_07,,,
068e243ecbc23fea,learning study s13 approach 1,Combining Synthetic learning exploration scenario 7 with resource-limited collaboration changes performance.,Cross-domain transfer with randomized team composition and ablations.,demo_learning_07,,,
06e1c98f20844bb9,agents study s18 approach 0,Combining Synthetic agents planning scenario 3 with resource-limited collaboration changes performance. Test with matched initial states.,Controlled graph benchmark and matched trials. Add independent runs and a no-sharing control.,demo_agents_03,,,
07d008caaa3c97bc,learning study s04 approach 1,Combining Synthetic learning exploration scenario 7 with resource-limited collaboration changes performance. Test with matched initial states.,Cross-domain transfer with randomized team composition and ablations. Add independent runs and a no-sharing control.,demo_learning_07,,,
087d20634945b179,learning study s13 approach 1,Combining Synthetic learning exploration scenario 7 with resource-limited collaboration changes performance. Test with matched initial states.,Cross-domain transfer with randomized team composition and ablations. Add independent runs and a no-sharing control.,demo_learning_07,,,
0888d57c8b10c946,learning study s10 approach 1,Combining Synthetic learning exploration scenario 7 with resource-limited collaboration changes performance. Test with matched initial states.,Cross-domain transfer with randomized team composition and ablations. Add independent runs and a no-sharing control.,demo_learning_07,,,
08ae860a2b4af0b6,learning study s01 approach 1,Combining Synthetic learning exploration scenario 7 with resource-limited collaboration changes performance. Test with matched initial states.,Cross-domain transfer with randomized team composition and ablations. Add independent runs and a no-sharing control.,demo_learning_07,,,
08bcb867ea8e64b8,learning study s10 approach 1,Combining Synthetic learning exploration scenario 7 with resource-limited collaboration changes performance.,Cross-domain transfer with randomized team composition and ablations.,demo_learning_07,,,
08d45a31906a0a84,agents study s00 approach 0,Combining Synthetic agents planning scenario 3 with resource-limited collaboration changes performance.,Controlled graph benchmark and matched trials.,demo_agents_03,,,
0925947684227a22,science study s11 approach 0,Combining Synthetic science hypothesis generation scenario 0 with resource-limited collaboration changes performance.,Controlled graph benchmark and matched trials.,demo_science_00,,,
092e8a2049e639c4,science study s14 approach 0,Combining Synthetic science hypothesis generation scenario 0 with resource-limited collaboration changes performance.,Controlled graph benchmark and matched trials.,demo_science_00,,,
09a11e2f34272d88,learning study s04 approach 1,Combining Synthetic learning exploration scenario 7 with resource-limited collaboration changes performance.,Cross-domain transfer with randomized team composition and ablations.,demo_learning_07,,,
09e7391334e36882,learning study s16 approach 0,Combining Synthetic learning exploration scenario 3 with resource-limited collaboration changes performance. Test with matched initial states.,Controlled graph benchmark and matched trials. Add independent runs and a no-sharing control.,demo_learning_03,,,
09e8c6330b827778,agents study s06 approach 0,Combining Synthetic agents planning scenario 3 with resource-limited collaboration changes performance. Test with matched initial states.,Controlled graph benchmark and matched trials. Add independent runs and a no-sharing control.,demo_agents_03,,,
0a0f9235920de2f5,learning study s19 approach 0,Combining Synthetic learning exploration scenario 3 with resource-limited collaboration changes performance.,Controlled graph benchmark and matched trials.,demo_learning_03,,,
0a6f67a58e36e358,agents study s00 approach 1,Combining Synthetic agents planning scenario 7 with resource-limited collaboration changes performance. Test with matched initial states.,Cross-domain transfer with randomized team composition and ablations. Add independent runs and a no-sharing control.,demo_agents_07,,,
0a7df16c1c3d1307,agents study s03 approach 1,Combining Synthetic agents planning scenario 7 with resource-limited collaboration changes performance. Test with matched initial states.,Cross-domain transfer with randomized team composition and ablations. Add independent runs and a no-sharing control.,demo_agents_07,,,
0a93b8756969198e,learning study s07 approach 1,Combining Synthetic learning exploration scenario 7 with resource-limited collaboration changes performance. Test with matched initial states.,Cross-domain transfer with randomized team composition and ablations. Add independent runs and a no-sharing control.,demo_learning_07,,,
0aba9414874bed76,learning study s01 approach 1,Combining Synthetic learning exploration scenario 7 with resource-limited collaboration changes performance. Test with matched initial states.,Cross-domain transfer with randomized team composition and ablations. Add independent runs and a no-sharing control.,demo_learning_07,,,
0ad95fc4c586083f,agents study s12 approach 0,Combining Synthetic agents planning scenario 3 with resource-limited collaboration changes performance. Test with matched initial states.,Controlled graph benchmark and matched trials. Add independent runs and a no-sharing control.,demo_agents_03,,,
0b01f9d87c498a1b,agents study s15 approach 1,Combining Synthetic agents planning scenario 7 with resource-limited collaboration changes performance. Test with matched initial states.,Cross-domain transfer with randomized team composition and ablations. Add independent runs and a no-sharing control.,demo_agents_07,,,
0b4fb4644aafdb7c,learning study s19 approach 1,Combining Synthetic learning exploration scenario 7 with resource-limited collaboration changes performance. Test with matched initial states.,Cross-domain transfer with randomized team composition and ablations. Add independent runs and a no-sharing control.,demo_learning_07,,,
0ba8012541b4a528,agents study s15 approach 0,Combining Synthetic agents planning scenario 3 with resource-limited collaboration changes performance. Test with matched initial states.,Controlled graph benchmark and matched trials. Add independent runs and a no-sharing control.,demo_agents_03,,,
0bf2bb9fc670c745,science study s11 approach 0,Combining Synthetic science hypothesis generation scenario 0 with resource-limited collaboration changes performance.,Controlled graph benchmark and matched trials.,demo_science_00,,,
0c10d972d8d4fdcc,learning study s19 approach 0,Combining Synthetic learning exploration scenario 3 with resource-limited collaboration changes performance. Test with matched initial states.,Controlled graph benchmark and matched trials. Add independent runs and a no-sharing control.,demo_learning_03,,,
0c39813417ab6124,learning study s13 approach 1,Combining Synthetic learning exploration scenario 7 with resource-limited collaboration changes performance. Test with matched initial states.,Cross-domain transfer with randomized team composition and ablations. Add independent runs and a no-sharing control.,demo_learning_07,,,
0c4b64357d73e1e4,learning study s07 approach 1,Combining Synthetic learning exploration scenario 7 with resource-limited collaboration changes performance.,Cross-domain transfer with randomized team composition and ablations.,demo_learning_07,,,
0c852bf086e04657,science study s14 approach 1,Combining Synthetic science paper retrieval scenario 1 with resource-limited collaboration changes performance. Test with matched initial states.,Cross-domain transfer with randomized team composition and ablations. Add independent runs and a no-sharing control.,demo_science_01,,,
0c8713efdd156e90,agents study s15 approach 1,Combining Synthetic agents planning scenario 7 with resource-limited collaboration changes performance. Test with matched initial states.,Cross-domain transfer with randomized team composition and ablations. Add independent runs and a no-sharing control.,demo_agents_07,,,
0c957192a63c7af5,science study s14 approach 1,Combining Synthetic science paper retrieval scenario 1 with resource-limited collaboration changes performance. Test with matched initial states.,Cross-domain transfer with randomized team composition and ablations. Add independent runs and a no-sharing control.,demo_science_01,,,
0cddbb8941f77db2,agents study s09 approach 0,Combining Synthetic agents planning scenario 3 with resource-limited collaboration changes performance. Test with matched initial states.,Controlled graph benchmark and matched trials. Add independent runs and a no-sharing control.,demo_agents_03,,,
0ce300d527611d3f,learning study s07 approach 1,Combining Synthetic learning exploration scenario 7 with resource-limited collaboration changes performance. Test with matched initial states.,Cross-domain transfer with randomized team composition and ablations. Add independent runs and a no-sharing control.,demo_learning_07,,,
0ce4eeef06e7e8d1,agents study s00 approach 0,Combining Synthetic agents planning scenario 3 with resource-limited collaboration changes performance.,Controlled graph benchmark and matched trials.,demo_agents_03,,,
0d1d2c5a83badb2d,learning study s07 approach 0,Combining Synthetic learning exploration scenario 3 with resource-limited collaboration changes performance.,Controlled graph benchmark and matched trials.,demo_learning_03,,,
0d2c5bebc6d2cf6e,learning study s13 approach 0,Combining Synthetic learning exploration scenario 3 with resource-limited collaboration changes performance. Test with matched initial states.,Controlled graph benchmark and matched trials. Add independent runs and a no-sharing control.,demo_learning_03,,,
0d3403eeebc1fcb1,agents study s09 approach 0,Combining Synthetic agents planning scenario 3 with resource-limited collaboration changes performance. Test with matched initial states.,Controlled graph benchmark and matched trials. Add independent runs and a no-sharing control.,demo_agents_03,,,
0d52306f2970972f,agents study s12 approach 0,Combining Synthetic agents planning scenario 3 with resource-limited collaboration changes performance. Test with matched initial states.,Controlled graph benchmark and matched trials. Add independent runs and a no-sharing control.,demo_agents_03,,,
0db852dada6db96f,science study s08 approach 1,Combining Synthetic science paper retrieval scenario 1 with resource-limited collaboration changes performance. Test with matched initial states.,Cross-domain transfer with randomized team composition and ablations. Add independent runs and a no-sharing control.,demo_science_01,,,
0dc2fe4f817597d5,agents study s00 approach 1,Combining Synthetic agents planning scenario 7 with resource-limited collaboration changes performance. Test with matched initial states.,Cross-domain transfer with randomized team composition and ablations. Add independent runs and a no-sharing control.,demo_agents_07,,,
0e26284289ff0510,agents study s00 approach 1,Combining Synthetic agents planning scenario 7 with resource-limited collaboration changes performance.,Cross-domain transfer with randomized team composition and ablations.,demo_agents_07,,,
0e50f9805ec69e6e,agents study s03 approach 1,Combining Synthetic agents planning scenario 7 with resource-limited collaboration changes performance. Test with matched initial states.,Cross-domain transfer with randomized team composition and ablations. Add independent runs and a no-sharing control.,demo_agents_07,,,
0e51e4e3c391abbf,learning study s07 approach 1,Combining Synthetic learning exploration scenario 7 with resource-limited collaboration changes performance.,Cross-domain transfer with randomized team composition and ablations.,demo_learning_07,,,
0e88aa8a4600edd8,science study s05 approach 1,Combining Synthetic science paper retrieval scenario 1 with resource-limited collaboration changes performance. Test with matched initial states.,Cross-domain transfer with randomized team composition and ablations. Add independent runs and a no-sharing control.,demo_science_01,,,
0ead7bd15bcfeb70,agents study s03 approach 1,Combining Synthetic agents planning scenario 7 with resource-limited collaboration changes performance. Test with matched initial states.,Cross-domain transfer with randomized team composition and ablations. Add independent runs and a no-sharing control.,demo_agents_07,,,
0f04a913aad241a0,agents study s06 approach 0,Combining Synthetic agents planning scenario 3 with resource-limited collaboration changes performance.,Controlled graph benchmark and matched trials.,demo_agents_03,,,
103607692e9711b4,science study s14 approach 0,Combining Synthetic science hypothesis generation scenario 0 with resource-limited collaboration changes performance. Test with matched initial states.,Controlled graph benchmark and matched trials. Add independent runs and a no-sharing control.,demo_science_00,,,
10853a088de51b12,learning study s04 approach 1,Combining Synthetic learning exploration scenario 7 with resource-limited collaboration changes performance.,Cross-domain transfer with randomized team composition and ablations.,demo_learning_07,,,
10e86e0420a1f2b2,science study s11 approach 0,Combining Synthetic science hypothesis generation scenario 0 with resource-limited collaboration changes performance. Test with matched initial states.,Controlled graph benchmark and matched trials. Add independent runs and a no-sharing control.,demo_science_00,,,
10fdd6ef8cba81c7,science study s14 approach 0,Combining Synthetic science hypothesis generation scenario 0 with resource-limited collaboration changes performance.,Controlled graph benchmark and matched trials.,demo_science_00,,,
110228d0f03f1a04,learning study s19 approach 0,Combining Synthetic learning exploration scenario 3 with resource-limited collaboration changes performance. Test with matched initial states.,Controlled graph benchmark and matched trials. Add independent runs and a no-sharing control.,demo_learning_03,,,
1123f04c1247450c,science study s11 approach 0,Combining Synthetic science hypothesis generation scenario 0 with resource-limited collaboration changes performance. Test with matched initial states.,Controlled graph benchmark and matched trials. Add independent runs and a no-sharing control.,demo_science_00,,,
114df8d4570839b8,agents study s03 approach 0,Combining Synthetic agents planning scenario 3 with resource-limited collaboration changes performance.,Controlled graph benchmark and matched trials.,demo_agents_03,,,
1152c209e190f520,agents study s03 approach 0,Combining Synthetic agents planning scenario 3 with resource-limited collaboration changes performance.,Controlled graph benchmark and matched trials.,demo_agents_03,,,
1162f8aaac123eca,science study s11 approach 1,Combining Synthetic science paper retrieval scenario 1 with resource-limited collaboration changes performance. Test with matched initial states.,Cross-domain transfer with randomized team composition and ablations. Add independent runs and a no-sharing control.,demo_science_01,,,
1187a6dcd0edb298,science study s14 approach 0,Combining Synthetic science hypothesis generation scenario 0 with resource-limited collaboration changes performance.,Controlled graph benchmark and matched trials.,demo_science_00,,,
11970254c2a46820,science study s02 approach 1,Combining Synthetic science paper retrieval scenario 1 with resource-limited collaboration changes performance.,Cross-domain transfer with randomized team composition and ablations.,demo_science_01,,,
11a3168941711031,learning study s01 approach 1,Combining Synthetic learning exploration scenario 7 with resource-limited collaboration changes performance. Test with matched initial states.,Cross-domain transfer with randomized team composition and ablations. Add independent runs and a no-sharing control.,demo_learning_07,,,
120fad6ac9cc4601,learning study s13 approach 1,Combining Synthetic learning exploration scenario 7 with resource-limited collaboration changes performance.,Cross-domain transfer with randomized team composition and ablations.,demo_learning_07,,,
12896381b1cd3b87,agents study s12 approach 0,Combining Synthetic agents planning scenario 3 with resource-limited collaboration changes performance.,Controlled graph benchmark and matched trials.,demo_agents_03,,,
128ed4d98ff63773,learning study s19 approach 0,Combining Synthetic learning exploration scenario 3 with resource-limited collaboration changes performance.,Controlled graph benchmark and matched trials.,demo_learning_03,,,
12982bedb1b48f72,learning study s04 approach 1,Combining Synthetic learning exploration scenario 7 with resource-limited collaboration changes performance. Test with matched initial states.,Cross-domain transfer with randomized team composition and ablations. Add independent runs and a no-sharing control.,demo_learning_07,,,
12aa67481f6b05a8,agents study s06 approach 0,Combining Synthetic agents planning scenario 3 with resource-limited collaboration changes performance. Test with matched initial states.,Controlled graph benchmark and matched trials. Add independent runs and a no-sharing control.,demo_agents_03,,,
12b773f8d81dc6fa,science study s02 approach 1,Combining Synthetic science paper retrieval scenario 1 with resource-limited collaboration changes performance.,Cross-domain transfer with randomized team composition and ablations.,demo_science_01,,,
12bcfee4bccd0441,science study s05 approach 1,Combining Synthetic science paper retrieval scenario 1 with resource-limited collaboration changes performance. Test with matched initial states.,Cross-domain transfer with randomized team composition and ablations. Add independent runs and a no-sharing control.,demo_science_01,,,
139240313a11f223,learning study s10 approach 1,Combining Synthetic learning exploration scenario 7 with resource-limited collaboration changes performance. Test with matched initial states.,Cross-domain transfer with randomized team composition and ablations. Add independent runs and a no-sharing control.,demo_learning_07,,,
149b4bda71b44d2b,learning study s04 approach 0,Combining Synthetic learning exploration scenario 3 with resource-limited collaboration changes performance. Test with matched initial states.,Controlled graph benchmark and matched trials. Add independent runs and a no-sharing control.,demo_learning_03,,,
156faa5751b5b44d,agents study s12 approach 0,Combining Synthetic agents planning scenario 3 with resource-limited collaboration changes performance. Test with matched initial states.,Controlled graph benchmark and matched trials. Add independent runs and a no-sharing control.,demo_agents_03,,,
159b48518e1a0f3d,science study s05 approach 1,Combining Synthetic science paper retrieval scenario 1 with resource-limited collaboration changes performance. Test with matched initial states.,Cross-domain transfer with randomized team composition and ablations. Add independent runs and a no-sharing control.,demo_science_01,,,
159e8c406f76915f,learning study s07 approach 0,Combining Synthetic learning exploration scenario 3 with resource-limited collaboration changes performance. Test with matched initial states.,Controlled graph benchmark and matched trials. Add independent runs and a no-sharing control.,demo_learning_03,,,
161216ecfd4c1782,science study s08 approach 1,Combining Synthetic science paper retrieval scenario 1 with resource-limited collaboration changes performance. Test with matched initial states.,Cross-domain transfer with randomized team composition and ablations. Add independent runs and a no-sharing control.,demo_science_01,,,
16af420b843de543,science study s17 approach 0,Combining Synthetic science hypothesis generation scenario 0 with resource-limited collaboration changes performance. Test with matched initial states.,Controlled graph benchmark and matched trials. Add independent runs and a no-sharing control.,demo_science_00,,,
1700f1fb24803a5b,agents study s06 approach 0,Combining Synthetic agents planning scenario 3 with resource-limited collaboration changes performance. Test with matched initial states.,Controlled graph benchmark and matched trials. Add independent runs and a no-sharing control.,demo_agents_03,,,
1728e1c1c364d47e,learning study s19 approach 0,Combining Synthetic learning exploration scenario 3 with resource-limited collaboration changes performance. Test with matched initial states.,Controlled graph benchmark and matched trials. Add independent runs and a no-sharing control.,demo_learning_03,,,
1763ce5b3922117c,learning study s01 approach 1,Combining Synthetic learning exploration scenario 7 with resource-limited collaboration changes performance.,Cross-domain transfer with randomized team composition and ablations.,demo_learning_07,,,
1767b179c86d7c64,science study s08 approach 0,Combining Synthetic science hypothesis generation scenario 0 with resource-limited collaboration changes performance. Test with matched initial states.,Controlled graph benchmark and matched trials. Add independent runs and a no-sharing control.,demo_science_00,,,
176bc3b7c98cf3d5,learning study s01 approach 0,Combining Synthetic learning exploration scenario 3 with resource-limited collaboration changes performance. Test with matched initial states.,Controlled graph benchmark and matched trials. Add independent runs and a no-sharing control.,demo_learning_03,,,
17738f347bedc746,science study s17 approach 0,Combining Synthetic science hypothesis generation scenario 0 with resource-limited collaboration changes performance. Test with matched initial states.,Controlled graph benchmark and matched trials. Add independent runs and a no-sharing control.,demo_science_00,,,
178400fd2e1e926e,agents study s15 approach 1,Combining Synthetic agents planning scenario 7 with resource-limited collaboration changes performance.,Cross-domain transfer with randomized team composition and ablations.,demo_agents_07,,,
17885942d32b942c,agents study s06 approach 0,Combining Synthetic agents planning scenario 3 with resource-limited collaboration changes performance. Test with matched initial states.,Controlled graph benchmark and matched trials. Add independent runs and a no-sharing control.,demo_agents_03,,,
17ae99181de99d50,agents study s06 approach 0,Combining Synthetic agents planning scenario 3 with resource-limited collaboration changes performance. Test with matched initial states.,Controlled graph benchmark and matched trials. Add independent runs and a no-sharing control.,demo_agents_03,,,
17cfceb8152e6c31,agents study s12 approach 0,Combining Synthetic agents planning scenario 3 with resource-limited collaboration changes performance. Test with matched initial states.,Controlled graph benchmark and matched trials. Add independent runs and a no-sharing control.,demo_agents_03,,,
17f38a425f3d3d17,learning study s04 approach 1,Combining Synthetic learning exploration scenario 7 with resource-limited collaboration changes performance. Test with matched initial states.,Cross-domain transfer with randomized team composition and ablations. Add independent runs and a no-sharing control.,demo_learning_07,,,
187b864679160331,agents study s03 approach 0,Combining Synthetic agents planning scenario 3 with resource-limited collaboration changes performance.,Controlled graph benchmark and matched trials.,demo_agents_03,,,
1884181afcb70612,learning study s04 approach 1,Combining Synthetic learning exploration scenario 7 with resource-limited collaboration changes performance. Test with matched initial states.,Cross-domain transfer with randomized team composition and ablations. Add independent runs and a no-sharing control.,demo_learning_07,,,
18b4666579f0f88e,agents study s03 approach 0,Combining Synthetic agents planning scenario 3 with resource-limited collaboration changes performance.,Controlled graph benchmark and matched trials.,demo_agents_03,,,
18e93e4ab51e521f,science study s05 approach 1,Combining Synthetic science paper retrieval scenario 1 with resource-limited collaboration changes performance.,Cross-domain transfer with randomized team composition and ablations.,demo_science_01,,,
191aded612f3ba3b,learning study s13 approach 0,Combining Synthetic learning exploration scenario 3 with resource-limited collaboration changes performance. Test with matched initial states.,Controlled graph benchmark and matched trials. Add independent runs and a no-sharing control.,demo_learning_03,,,
1924f6c61566dbe3,agents study s03 approach 0,Combining Synthetic agents planning scenario 3 with resource-limited collaboration changes performance.,Controlled graph benchmark and matched trials.,demo_agents_03,,,
192ee97b07a2ce33,agents study s03 approach 0,Combining Synthetic agents planning scenario 3 with resource-limited collaboration changes performance.,Controlled graph benchmark and matched trials.,demo_agents_03,,,
1958bd4d37449a45,learning study s07 approach 1,Combining Synthetic learning exploration scenario 7 with resource-limited collaboration changes performance.,Cross-domain transfer with randomized team composition and ablations.,demo_learning_07,,,
1986bbe4c56a41c0,agents study s00 approach 0,Combining Synthetic agents planning scenario 3 with resource-limited collaboration changes performance.,Controlled graph benchmark and matched trials.,demo_agents_03,,,
19addfe7c22f4bf3,science study s08 approach 0,Combining Synthetic science hypothesis generation scenario 0 with resource-limited collaboration changes performance. Test with matched initial states.,Controlled graph benchmark and matched trials. Add independent runs and a no-sharing control.,demo_science_00,,,
1a77851c2bcfa3e9,learning study s13 approach 1,Combining Synthetic learning exploration scenario 7 with resource-limited collaboration changes performance. Test with matched initial states.,Cross-domain transfer with randomized team composition and ablations. Add independent runs and a no-sharing control.,demo_learning_07,,,
1b581e6d8597b91c,learning study s01 approach 1,Combining Synthetic learning exploration scenario 7 with resource-limited collaboration changes performance. Test with matched initial states.,Cross-domain transfer with randomized team composition and ablations. Add independent runs and a no-sharing control.,demo_learning_07,,,
1be040189714d4be,science study s08 approach 0,Combining Synthetic science hypothesis generation scenario 0 with resource-limited collaboration changes performance.,Controlled graph benchmark and matched trials.,demo_science_00,,,
1c545d6a770f22a9,learning study s13 approach 0,Combining Synthetic learning exploration scenario 3 with resource-limited collaboration changes performance.,Controlled graph benchmark and matched trials.,demo_learning_03,,,
1cdc62c387c28789,learning study s19 approach 0,Combining Synthetic learning exploration scenario 3 with resource-limited collaboration changes performance.,Controlled graph benchmark and matched trials.,demo_learning_03,,,
1ce4092973e3001a,agents study s18 approach 0,Combining Synthetic agents planning scenario 3 with resource-limited collaboration changes performance.,Controlled graph benchmark and matched trials.,demo_agents_03,,,
1d118fba27dd7724,agents study s18 approach 0,Combining Synthetic agents planning scenario 3 with resource-limited collaboration changes performance. Test with matched initial states.,Controlled graph benchmark and matched trials. Add independent runs and a no-sharing control.,demo_agents_03,,,
1d4810ff65c186e3,science study s05 approach 1,Combining Synthetic science paper retrieval scenario 1 with resource-limited collaboration changes performance. Test with matched initial states.,Cross-domain transfer with randomized team composition and ablations. Add independent runs and a no-sharing control.,demo_science_01,,,
1d5a19522bdc6f9a,learning study s19 approach 0,Combining Synthetic learning exploration scenario 3 with resource-limited collaboration changes performance.,Controlled graph benchmark and matched trials.,demo_learning_03,,,
1d8583c0dbf7cba1,agents study s00 approach 1,Combining Synthetic agents planning scenario 7 with resource-limited collaboration changes performance. Test with matched initial states.,Cross-domain transfer with randomized team composition and ablations. Add independent runs and a no-sharing control.,demo_agents_07,,,
1de9aad3a5e6cdfb,science study s17 approach 0,Combining Synthetic science hypothesis generation scenario 0 with resource-limited collaboration changes performance. Test with matched initial states.,Controlled graph benchmark and matched trials. Add independent runs and a no-sharing control.,demo_science_00,,,
1e0c3f8c85d90f6a,learning study s19 approach 1,Combining Synthetic learning exploration scenario 7 with resource-limited collaboration changes performance.,Cross-domain transfer with randomized team composition and ablations.,demo_learning_07,,,
1e3b146e8eaf4fb2,learning study s07 approach 0,Combining Synthetic learning exploration scenario 3 with resource-limited collaboration changes performance.,Controlled graph benchmark and matched trials.,demo_learning_03,,,
1e564895c3a81d89,agents study s03 approach 0,Combining Synthetic agents planning scenario 3 with resource-limited collaboration changes performance. Test with matched initial states.,Controlled graph benchmark and matched trials. Add independent runs and a no-sharing control.,demo_agents_03,,,
1e8232d6e442861b,learning study s01 approach 1,Combining Synthetic learning exploration scenario 7 with resource-limited collaboration changes performance.,Cross-domain transfer with randomized team composition and ablations.,demo_learning_07,,,
1edebc516eac5f68,science study s17 approach 1,Combining Synthetic science paper retrieval scenario 1 with resource-limited collaboration changes performance. Test with matched initial states.,Cross-domain transfer with randomized team composition and ablations. Add independent runs and a no-sharing control.,demo_science_01,,,
1ee58f0349873db2,science study s02 approach 0,Combining Synthetic science hypothesis generation scenario 0 with resource-limited collaboration changes performance.,Controlled graph benchmark and matched trials.,demo_science_00,,,
1ee82329916cc107,science study s11 approach 0,Combining Synthetic science hypothesis generation scenario 0 with resource-limited collaboration changes performance. Test with matched initial states.,Controlled graph benchmark and matched trials. Add independent runs and a no-sharing control.,demo_science_00,,,
1ef7dbfc5262adea,learning study s16 approach 1,Combining Synthetic learning exploration scenario 7 with resource-limited collaboration changes performance.,Cross-domain transfer with randomized team composition and ablations.,demo_learning_07,,,
1f456711a59d68b1,learning study s13 approach 0,Combining Synthetic learning exploration scenario 3 with resource-limited collaboration changes performance. Test with matched initial states.,Controlled graph benchmark and matched trials. Add independent runs and a no-sharing control.,demo_learning_03,,,
1f5ed85abd8f5d57,science study s14 approach 1,Combining Synthetic science paper retrieval scenario 1 with resource-limited collaboration changes performance. Test with matched initial states.,Cross-domain transfer with randomized team composition and ablations. Add independent runs and a no-sharing control.,demo_science_01,,,
1f65b791abbbfcf3,science study s11 approach 0,Combining Synthetic science hypothesis generation scenario 0 with resource-limited collaboration changes performance. Test with matched initial states.,Controlled graph benchmark and matched trials. Add independent runs and a no-sharing control.,demo_science_00,,,
1f9d5c708eba1d73,learning study s13 approach 1,Combining Synthetic learning exploration scenario 7 with resource-limited collaboration changes performance.,Cross-domain transfer with randomized team composition and ablations.,demo_learning_07,,,
1fb7faae21e6d965,learning study s10 approach 1,Combining Synthetic learning exploration scenario 7 with resource-limited collaboration changes performance. Test with matched initial states.,Cross-domain transfer with randomized team composition and ablations. Add independent runs and a no-sharing control.,demo_learning_07,,,
1fca3e25f500c9c2,agents study s06 approach 1,Combining Synthetic agents planning scenario 7 with resource-limited collaboration changes performance. Test with matched initial states.,Cross-domain transfer with randomized team composition and ablations. Add independent runs and a no-sharing control.,demo_agents_07,,,
1fd39da8b5174da0,science study s17 approach 0,Combining Synthetic science hypothesis generation scenario 0 with resource-limited collaboration changes performance. Test with matched initial states.,Controlled graph benchmark and matched trials. Add independent runs and a no-sharing control.,demo_science_00,,,
1fdd7e2fd243937e,learning study s13 approach 1,Combining Synthetic learning exploration scenario 7 with resource-limited collaboration changes performance. Test with matched initial states.,Cross-domain transfer with randomized team composition and ablations. Add independent runs and a no-sharing control.,demo_learning_07,,,
20170da7c39833a6,agents study s06 approach 0,Combining Synthetic agents planning scenario 3 with resource-limited collaboration changes performance. Test with matched initial states.,Controlled graph benchmark and matched trials. Add independent runs and a no-sharing control.,demo_agents_03,,,
201840345f0237c2,science study s17 approach 0,Combining Synthetic science hypothesis generation scenario 0 with resource-limited collaboration changes performance. Test with matched initial states.,Controlled graph benchmark and matched trials. Add independent runs and a no-sharing control.,demo_science_00,,,
20c04b14caa97937,agents study s12 approach 0,Combining Synthetic agents planning scenario 3 with resource-limited collaboration changes performance. Test with matched initial states.,Controlled graph benchmark and matched trials. Add independent runs and a no-sharing control.,demo_agents_03,,,
20c7784ef1dcbe63,agents study s09 approach 0,Combining Synthetic agents planning scenario 3 with resource-limited collaboration changes performance.,Controlled graph benchmark and matched trials.,demo_agents_03,,,
20d96dedae6e180c,science study s11 approach 0,Combining Synthetic science hypothesis generation scenario 0 with resource-limited collaboration changes performance. Test with matched initial states.,Controlled graph benchmark and matched trials. Add independent runs and a no-sharing control.,demo_science_00,,,
20df443cfe70ed0a,agents study s18 approach 0,Combining Synthetic agents planning scenario 3 with resource-limited collaboration changes performance. Test with matched initial states.,Controlled graph benchmark and matched trials. Add independent runs and a no-sharing control.,demo_agents_03,,,
210ef4293486a139,agents study s00 approach 0,Combining Synthetic agents planning scenario 3 with resource-limited collaboration changes performance.,Controlled graph benchmark and matched trials.,demo_agents_03,,,
214a4ba17f53b757,science study s02 approach 0,Combining Synthetic science hypothesis generation scenario 0 with resource-limited collaboration changes performance.,Controlled graph benchmark and matched trials.,demo_science_00,,,
2194999ad4775992,science study s14 approach 0,Combining Synthetic science hypothesis generation scenario 0 with resource-limited collaboration changes performance.,Controlled graph benchmark and matched trials.,demo_science_00,,,
21bca8a6593b7eb5,science study s14 approach 0,Combining Synthetic science hypothesis generation scenario 0 with resource-limited collaboration changes performance.,Controlled graph benchmark and matched trials.,demo_science_00,,,
21bd8e4c82542159,science study s11 approach 0,Combining Synthetic science hypothesis generation scenario 0 with resource-limited collaboration changes performance. Test with matched initial states.,Controlled graph benchmark and matched trials. Add independent runs and a no-sharing control.,demo_science_00,,,
222641454f44237f,agents study s06 approach 0,Combining Synthetic agents planning scenario 3 with resource-limited collaboration changes performance.,Controlled graph benchmark and matched trials.,demo_agents_03,,,
226631fedc5c4840,agents study s18 approach 1,Combining Synthetic agents planning scenario 7 with resource-limited collaboration changes performance. Test with matched initial states.,Cross-domain transfer with randomized team composition and ablations. Add independent runs and a no-sharing control.,demo_agents_07,,,
2298d3e4a88a4425,learning study s13 approach 0,Combining Synthetic learning exploration scenario 3 with resource-limited collaboration changes performance.,Controlled graph benchmark and matched trials.,demo_learning_03,,,
22af17dd696ea2fc,learning study s19 approach 1,Combining Synthetic learning exploration scenario 7 with resource-limited collaboration changes performance. Test with matched initial states.,Cross-domain transfer with randomized team composition and ablations. Add independent runs and a no-sharing control.,demo_learning_07,,,
23a4e55b9e1f3e89,agents study s15 approach 1,Combining Synthetic agents planning scenario 7 with resource-limited collaboration changes performance.,Cross-domain transfer with randomized team composition and ablations.,demo_agents_07,,,
23d32024a0423dba,agents study s03 approach 0,Combining Synthetic agents planning scenario 3 with resource-limited collaboration changes performance. Test with matched initial states.,Controlled graph benchmark and matched trials. Add independent runs and a no-sharing control.,demo_agents_03,,,
24674304e01b18af,agents study s03 approach 1,Combining Synthetic agents planning scenario 7 with resource-limited collaboration changes performance. Test with matched initial states.,Cross-domain transfer with randomized team composition and ablations. Add independent runs and a no-sharing control.,demo_agents_07,,,
259ea62fe5a836b2,agents study s00 approach 1,Combining Synthetic agents planning scenario 7 with resource-limited collaboration changes performance.,Cross-domain transfer with randomized team composition and ablations.,demo_agents_07,,,
25f3334c6b65ab54,science study s11 approach 1,Combining Synthetic science paper retrieval scenario 1 with resource-limited collaboration changes performance.,Cross-domain transfer with randomized team composition and ablations.,demo_science_01,,,
26393f282552501a,agents study s06 approach 0,Combining Synthetic agents planning scenario 3 with resource-limited collaboration changes performance. Test with matched initial states.,Controlled graph benchmark and matched trials. Add independent runs and a no-sharing control.,demo_agents_03,,,
2647c2fac64ea0a9,agents study s00 approach 1,Combining Synthetic agents planning scenario 7 with resource-limited collaboration changes performance. Test with matched initial states.,Cross-domain transfer with randomized team composition and ablations. Add independent runs and a no-sharing control.,demo_agents_07,,,
26aecb15cb6dafc9,science study s17 approach 0,Combining Synthetic science hypothesis generation scenario 0 with resource-limited collaboration changes performance. Test with matched initial states.,Controlled graph benchmark and matched trials. Add independent runs and a no-sharing control.,demo_science_00,,,
26d63d4008bb3d7d,science study s02 approach 1,Combining Synthetic science paper retrieval scenario 1 with resource-limited collaboration changes performance. Test with matched initial states.,Cross-domain transfer with randomized team composition and ablations. Add independent runs and a no-sharing control.,demo_science_01,,,
27266e2ccaf4a651,learning study s10 approach 1,Combining Synthetic learning exploration scenario 7 with resource-limited collaboration changes performance. Test with matched initial states.,Cross-domain transfer with randomized team composition and ablations. Add independent runs and a no-sharing control.,demo_learning_07,,,
27751db006ad56f0,learning study s10 approach 1,Combining Synthetic learning exploration scenario 7 with resource-limited collaboration changes performance. Test with matched initial states.,Cross-domain transfer with randomized team composition and ablations. Add independent runs and a no-sharing control.,demo_learning_07,,,
27816191421d0626,science study s02 approach 1,Combining Synthetic science paper retrieval scenario 1 with resource-limited collaboration changes performance. Test with matched initial states.,Cross-domain transfer with randomized team composition and ablations. Add independent runs and a no-sharing control.,demo_science_01,,,
2789a617b8d3fe97,science study s08 approach 1,Combining Synthetic science paper retrieval scenario 1 with resource-limited collaboration changes performance. Test with matched initial states.,Cross-domain transfer with randomized team composition and ablations. Add independent runs and a no-sharing control.,demo_science_01,,,
279bd8bc60c2476e,science study s08 approach 0,Combining Synthetic science hypothesis generation scenario 0 with resource-limited collaboration changes performance. Test with matched initial states.,Controlled graph benchmark and matched trials. Add independent runs and a no-sharing control.,demo_science_00,,,
281a3bd2a4f1994e,learning study s16 approach 0,Combining Synthetic learning exploration scenario 3 with resource-limited collaboration changes performance. Test with matched initial states.,Controlled graph benchmark and matched trials. Add independent runs and a no-sharing control.,demo_learning_03,,,
281a995184eb44cc,science study s08 approach 0,Combining Synthetic science hypothesis generation scenario 0 with resource-limited collaboration changes performance. Test with matched initial states.,Controlled graph benchmark and matched trials. Add independent runs and a no-sharing control.,demo_science_00,,,
2833e1b43aaf7b5c,learning study s13 approach 0,Combining Synthetic learning exploration scenario 3 with resource-limited collaboration changes performance. Test with matched initial states.,Controlled graph benchmark and matched trials. Add independent runs and a no-sharing control.,demo_learning_03,,,
287efe0a1636213d,agents study s09 approach 0,Combining Synthetic agents planning scenario 3 with resource-limited collaboration changes performance. Test with matched initial states.,Controlled graph benchmark and matched trials. Add independent runs and a no-sharing control.,demo_agents_03,,,
289b7cd3f0557650,science study s11 approach 0,Combining Synthetic science hypothesis generation scenario 0 with resource-limited collaboration changes performance. Test with matched initial states.,Controlled graph benchmark and matched trials. Add independent runs and a no-sharing control.,demo_science_00,,,
28e5e883be81fbeb,learning study s07 approach 0,Combining Synthetic learning exploration scenario 3 with resource-limited collaboration changes performance.,Controlled graph benchmark and matched trials.,demo_learning_03,,,
2964be8a739cc3b9,agents study s00 approach 0,Combining Synthetic agents planning scenario 3 with resource-limited collaboration changes performance.,Controlled graph benchmark and matched trials.,demo_agents_03,,,
2969430dd89d3759,learning study s16 approach 0,Combining Synthetic learning exploration scenario 3 with resource-limited collaboration changes performance. Test with matched initial states.,Controlled graph benchmark and matched trials. Add independent runs and a no-sharing control.,demo_learning_03,,,
297bc50f5a03a34d,agents study s15 approach 0,Combining Synthetic agents planning scenario 3 with resource-limited collaboration changes performance. Test with matched initial states.,Controlled graph benchmark and matched trials. Add independent runs and a no-sharing control.,demo_agents_03,,,
29ea8745e8306274,learning study s01 approach 1,Combining Synthetic learning exploration scenario 7 with resource-limited collaboration changes performance. Test with matched initial states.,Cross-domain transfer with randomized team composition and ablations. Add independent runs and a no-sharing control.,demo_learning_07,,,
29eb4771caa12e46,agents study s15 approach 0,Combining Synthetic agents planning scenario 3 with resource-limited collaboration changes performance.,Controlled graph benchmark and matched trials.,demo_agents_03,,,
2a35eca28e59aabc,learning study s01 approach 1,Combining Synthetic learning exploration scenario 7 with resource-limited collaboration changes performance. Test with matched initial states.,Cross-domain transfer with randomized team composition and ablations. Add independent runs and a no-sharing control.,demo_learning_07,,,
2a472d16d579f59b,learning study s16 approach 1,Combining Synthetic learning exploration scenario 7 with resource-limited collaboration changes performance. Test with matched initial states.,Cross-domain transfer with randomized team composition and ablations. Add independent runs and a no-sharing control.,demo_learning_07,,,
2a8befcaae3ad868,learning study s19 approach 0,Combining Synthetic learning exploration scenario 3 with resource-limited collaboration changes performance.,Controlled graph benchmark and matched trials.,demo_learning_03,,,
2aa47a913d13092e,learning study s13 approach 0,Combining Synthetic learning exploration scenario 3 with resource-limited collaboration changes performance. Test with matched initial states.,Controlled graph benchmark and matched trials. Add independent runs and a no-sharing control.,demo_learning_03,,,
2ab986031b91ee90,learning study s04 approach 1,Combining Synthetic learning exploration scenario 7 with resource-limited collaboration changes performance.,Cross-domain transfer with randomized team composition and ablations.,demo_learning_07,,,
2b12322108f334ea,learning study s13 approach 1,Combining Synthetic learning exploration scenario 7 with resource-limited collaboration changes performance. Test with matched initial states.,Cross-domain transfer with randomized team composition and ablations. Add independent runs and a no-sharing control.,demo_learning_07,,,
2b1e9d3fb8513d34,science study s05 approach 1,Combining Synthetic science paper retrieval scenario 1 with resource-limited collaboration changes performance. Test with matched initial states.,Cross-domain transfer with randomized team composition and ablations. Add independent runs and a no-sharing control.,demo_science_01,,,
2b1fbff3d4909c20,science study s17 approach 0,Combining Synthetic science hypothesis generation scenario 0 with resource-limited collaboration changes performance.,Controlled graph benchmark and matched trials.,demo_science_00,,,
2b24bda8918d5cff,learning study s01 approach 0,Combining Synthetic learning exploration scenario 3 with resource-limited collaboration changes performance. Test with matched initial states.,Controlled graph benchmark and matched trials. Add independent runs and a no-sharing control.,demo_learning_03,,,
2b94d24ff75d4e7f,science study s02 approach 0,Combining Synthetic science hypothesis generation scenario 0 with resource-limited collaboration changes performance. Test with matched initial states.,Controlled graph benchmark and matched trials. Add independent runs and a no-sharing control.,demo_science_00,,,
2bc18459182ef716,learning study s04 approach 1,Combining Synthetic learning exploration scenario 7 with resource-limited collaboration changes performance.,Cross-domain transfer with randomized team composition and ablations.,demo_learning_07,,,
2bddc227164416e0,learning study s16 approach 0,Combining Synthetic learning exploration scenario 3 with resource-limited collaboration changes performance. Test with matched initial states.,Controlled graph benchmark and matched trials. Add independent runs and a no-sharing control.,demo_learning_03,,,
2be0e68708837771,agents study s15 approach 1,Combining Synthetic agents planning scenario 7 with resource-limited collaboration changes performance.,Cross-domain transfer with randomized team composition and ablations.,demo_agents_07,,,
2c1c49ebb6ecadc9,agents study s18 approach 0,Combining Synthetic agents planning scenario 3 with resource-limited collaboration changes performance. Test with matched initial states.,Controlled graph benchmark and matched trials. Add independent runs and a no-sharing control.,demo_agents_03,,,
2cb45400d5e3900b,science study s17 approach 0,Combining Synthetic science hypothesis generation scenario 0 with resource-limited collaboration changes performance. Test with matched initial states.,Controlled graph benchmark and matched trials. Add independent runs and a no-sharing control.,demo_science_00,,,
2cdd0f38b1ff5632,learning study s16 approach 1,Combining Synthetic learning exploration scenario 7 with resource-limited collaboration changes performance. Test with matched initial states.,Cross-domain transfer with randomized team composition and ablations. Add independent runs and a no-sharing control.,demo_learning_07,,,
2cf91246ae4fa908,agents study s00 approach 1,Combining Synthetic agents planning scenario 7 with resource-limited collaboration changes performance.,Cross-domain transfer with randomized team composition and ablations.,demo_agents_07,,,
2d0b616f591e493a,agents study s15 approach 0,Combining Synthetic agents planning scenario 3 with resource-limited collaboration changes performance. Test with matched initial states.,Controlled graph benchmark and matched trials. Add independent runs and a no-sharing control.,demo_agents_03,,,
2d2693f46d2b3e19,science study s08 approach 0,Combining Synthetic science hypothesis generation scenario 0 with resource-limited collaboration changes performance.,Controlled graph benchmark and matched trials.,demo_science_00,,,
2da16da9467bb4aa,science study s08 approach 1,Combining Synthetic science paper retrieval scenario 1 with resource-limited collaboration changes performance. Test with matched initial states.,Cross-domain transfer with randomized team composition and ablations. Add independent runs and a no-sharing control.,demo_science_01,,,
2db93054192eb65c,agents study s18 approach 1,Combining Synthetic agents planning scenario 7 with resource-limited collaboration changes performance. Test with matched initial states.,Cross-domain transfer with randomized team composition and ablations. Add independent runs and a no-sharing control.,demo_agents_07,,,
2dc0e54919558742,science study s17 approach 0,Combining Synthetic science hypothesis generation scenario 0 with resource-limited collaboration changes performance. Test with matched initial states.,Controlled graph benchmark and matched trials. Add independent runs and a no-sharing control.,demo_science_00,,,
2dca2c88f7e897f3,agents study s12 approach 1,Combining Synthetic agents planning scenario 7 with resource-limited collaboration changes performance. Test with matched initial states.,Cross-domain transfer with randomized team composition and ablations. Add independent runs and a no-sharing control.,demo_agents_07,,,
2de48b35074387d0,agents study s06 approach 0,Combining Synthetic agents planning scenario 3 with resource-limited collaboration changes performance.,Controlled graph benchmark and matched trials.,demo_agents_03,,,
2e1cf1798ffe2399,science study s02 approach 0,Combining Synthetic science hypothesis generation scenario 0 with resource-limited collaboration changes performance.,Controlled graph benchmark and matched trials.,demo_science_00,,,
2e46264dd2d220cf,science study s02 approach 1,Combining Synthetic science paper retrieval scenario 1 with resource-limited collaboration changes performance.,Cross-domain transfer with randomized team composition and ablations.,demo_science_01,,,
2e521003236e8882,agents study s06 approach 0,Combining Synthetic agents planning scenario 3 with resource-limited collaboration changes performance.,Controlled graph benchmark and matched trials.,demo_agents_03,,,
2ef162c9cdd3c764,agents study s03 approach 1,Combining Synthetic agents planning scenario 7 with resource-limited collaboration changes performance.,Cross-domain transfer with randomized team composition and ablations.,demo_agents_07,,,
2f76146e59e26cec,science study s08 approach 0,Combining Synthetic science hypothesis generation scenario 0 with resource-limited collaboration changes performance. Test with matched initial states.,Controlled graph benchmark and matched trials. Add independent runs and a no-sharing control.,demo_science_00,,,
2f96119340190ae3,agents study s15 approach 1,Combining Synthetic agents planning scenario 7 with resource-limited collaboration changes performance. Test with matched initial states.,Cross-domain transfer with randomized team composition and ablations. Add independent runs and a no-sharing control.,demo_agents_07,,,
2fcb0e5121b0feff,science study s17 approach 1,Combining Synthetic science paper retrieval scenario 1 with resource-limited collaboration changes performance. Test with matched initial states.,Cross-domain transfer with randomized team composition and ablations. Add independent runs and a no-sharing control.,demo_science_01,,,
2fe3ce144452cfbd,agents study s12 approach 1,Combining Synthetic agents planning scenario 7 with resource-limited collaboration changes performance.,Cross-domain transfer with randomized team composition and ablations.,demo_agents_07,,,
2fe63c477961d0e0,science study s14 approach 0,Combining Synthetic science hypothesis generation scenario 0 with resource-limited collaboration changes performance.,Controlled graph benchmark and matched trials.,demo_science_00,,,
3014d657afb00322,learning study s10 approach 1,Combining Synthetic learning exploration scenario 7 with resource-limited collaboration changes performance. Test with matched initial states.,Cross-domain transfer with randomized team composition and ablations. Add independent runs and a no-sharing control.,demo_learning_07,,,
30712584b0127b08,agents study s18 approach 1,Combining Synthetic agents planning scenario 7 with resource-limited collaboration changes performance. Test with matched initial states.,Cross-domain transfer with randomized team composition and ablations. Add independent runs and a no-sharing control.,demo_agents_07,,,
30920812a8a4b121,learning study s10 approach 1,Combining Synthetic learning exploration scenario 7 with resource-limited collaboration changes performance.,Cross-domain transfer with randomized team composition and ablations.,demo_learning_07,,,
30c51b6c0e4e8e28,agents study s06 approach 1,Combining Synthetic agents planning scenario 7 with resource-limited collaboration changes performance.,Cross-domain transfer with randomized team composition and ablations.,demo_agents_07,,,
30f60bec8fac8f37,learning study s04 approach 1,Combining Synthetic learning exploration scenario 7 with resource-limited collaboration changes performance. Test with matched initial states.,Cross-domain transfer with randomized team composition and ablations. Add independent runs and a no-sharing control.,demo_learning_07,,,
31047fdee9139f16,agents study s00 approach 1,Combining Synthetic agents planning scenario 7 with resource-limited collaboration changes performance.,Cross-domain transfer with randomized team composition and ablations.,demo_agents_07,,,
31485084b5861485,agents study s15 approach 0,Combining Synthetic agents planning scenario 3 with resource-limited collaboration changes performance. Test with matched initial states.,Controlled graph benchmark and matched trials. Add independent runs and a no-sharing control.,demo_agents_03,,,
317e265455b28c0d,science study s02 approach 1,Combining Synthetic science paper retrieval scenario 1 with resource-limited collaboration changes performance. Test with matched initial states.,Cross-domain transfer with randomized team composition and ablations. Add independent runs and a no-sharing control.,demo_science_01,,,
31c3ddcc62b1f8d7,learning study s16 approach 0,Combining Synthetic learning exploration scenario 3 with resource-limited collaboration changes performance. Test with matched initial states.,Controlled graph benchmark and matched trials. Add independent runs and a no-sharing control.,demo_learning_03,,,
3261e2cf642c898e,science study s11 approach 1,Combining Synthetic science paper retrieval scenario 1 with resource-limited collaboration changes performance. Test with matched initial states.,Cross-domain transfer with randomized team composition and ablations. Add independent runs and a no-sharing control.,demo_science_01,,,
32b12a6e17b936f2,learning study s13 approach 0,Combining Synthetic learning exploration scenario 3 with resource-limited collaboration changes performance. Test with matched initial states.,Controlled graph benchmark and matched trials. Add independent runs and a no-sharing control.,demo_learning_03,,,
32b7079e6c745688,agents study s15 approach 0,Combining Synthetic agents planning scenario 3 with resource-limited collaboration changes performance.,Controlled graph benchmark and matched trials.,demo_agents_03,,,
330a3a8a68cf3329,agents study s15 approach 0,Combining Synthetic agents planning scenario 3 with resource-limited collaboration changes performance.,Controlled graph benchmark and matched trials.,demo_agents_03,,,
33259d3c0ee66ae2,science study s02 approach 0,Combining Synthetic science hypothesis generation scenario 0 with resource-limited collaboration changes performance. Test with matched initial states.,Controlled graph benchmark and matched trials. Add independent runs and a no-sharing control.,demo_science_00,,,
332b1cc8c0a82039,agents study s03 approach 0,Combining Synthetic agents planning scenario 3 with resource-limited collaboration changes performance. Test with matched initial states.,Controlled graph benchmark and matched trials. Add independent runs and a no-sharing control.,demo_agents_03,,,
335db2a722a56707,science study s14 approach 1,Combining Synthetic science paper retrieval scenario 1 with resource-limited collaboration changes performance. Test with matched initial states.,Cross-domain transfer with randomized team composition and ablations. Add independent runs and a no-sharing control.,demo_science_01,,,
336bdec2bf3e6009,agents study s06 approach 0,Combining Synthetic agents planning scenario 3 with resource-limited collaboration changes performance.,Controlled graph benchmark and matched trials.,demo_agents_03,,,
337afbb1b2127812,agents study s03 approach 1,Combining Synthetic agents planning scenario 7 with resource-limited collaboration changes performance. Test with matched initial states.,Cross-domain transfer with randomized team composition and ablations. Add independent runs and a no-sharing control.,demo_agents_07,,,
33a236c0b229edc7,agents study s12 approach 0,Combining Synthetic agents planning scenario 3 with resource-limited collaboration changes performance. Test with matched initial states.,Controlled graph benchmark and matched trials. Add independent runs and a no-sharing control.,demo_agents_03,,,
347dfe126116eeec,science study s08 approach 0,Combining Synthetic science hypothesis generation scenario 0 with resource-limited collaboration changes performance. Test with matched initial states.,Controlled graph benchmark and matched trials. Add independent runs and a no-sharing control.,demo_science_00,,,
3485013741921836,science study s14 approach 1,Combining Synthetic science paper retrieval scenario 1 with resource-limited collaboration changes performance.,Cross-domain transfer with randomized team composition and ablations.,demo_science_01,,,
3489ceacc7872f3b,learning study s10 approach 1,Combining Synthetic learning exploration scenario 7 with resource-limited collaboration changes performance. Test with matched initial states.,Cross-domain transfer with randomized team composition and ablations. Add independent runs and a no-sharing control.,demo_learning_07,,,
34beebb3b9e2c6c1,science study s02 approach 0,Combining Synthetic science hypothesis generation scenario 0 with resource-limited collaboration changes performance. Test with matched initial states.,Controlled graph benchmark and matched trials. Add independent runs and a no-sharing control.,demo_science_00,,,
34e27a8ba46baccd,agents study s09 approach 1,Combining Synthetic agents planning scenario 7 with resource-limited collaboration changes performance. Test with matched initial states.,Cross-domain transfer with randomized team composition and ablations. Add independent runs and a no-sharing control.,demo_agents_07,,,
350f5246d15dc81e,learning study s01 approach 0,Combining Synthetic learning exploration scenario 3 with resource-limited collaboration changes performance. Test with matched initial states.,Controlled graph benchmark and matched trials. Add independent runs and a no-sharing control.,demo_learning_03,,,
351f2e9fde01a416,science study s08 approach 1,Combining Synthetic science paper retrieval scenario 1 with resource-limited collaboration changes performance. Test with matched initial states.,Cross-domain transfer with randomized team composition and ablations. Add independent runs and a no-sharing control.,demo_science_01,,,
35b32c2aa78c5ff2,science study s05 approach 1,Combining Synthetic science paper retrieval scenario 1 with resource-limited collaboration changes performance. Test with matched initial states.,Cross-domain transfer with randomized team composition and ablations. Add independent runs and a no-sharing control.,demo_science_01,,,
35cdfd642e0be7b0,agents study s03 approach 0,Combining Synthetic agents planning scenario 3 with resource-limited collaboration changes performance. Test with matched initial states.,Controlled graph benchmark and matched trials. Add independent runs and a no-sharing control.,demo_agents_03,,,
35ce2f4d0f47b35d,science study s02 approach 1,Combining Synthetic science paper retrieval scenario 1 with resource-limited collaboration changes performance. Test with matched initial states.,Cross-domain transfer with randomized team composition and ablations. Add independent runs and a no-sharing control.,demo_science_01,,,
35e1a3ae480486f6,agents study s12 approach 0,Combining Synthetic agents planning scenario 3 with resource-limited collaboration changes performance. Test with matched initial states.,Controlled graph benchmark and matched trials. Add independent runs and a no-sharing control.,demo_agents_03,,,
35e34e79740619bc,agents study s06 approach 1,Combining Synthetic agents planning scenario 7 with resource-limited collaboration changes performance. Test with matched initial states.,Cross-domain transfer with randomized team composition and ablations. Add independent runs and a no-sharing control.,demo_agents_07,,,
361f494dd1d577f5,learning study s01 approach 1,Combining Synthetic learning exploration scenario 7 with resource-limited collaboration changes performance. Test with matched initial states.,Cross-domain transfer with randomized team composition and ablations. Add independent runs and a no-sharing control.,demo_learning_07,,,
36438770f12909fa,learning study s19 approach 0,Combining Synthetic learning exploration scenario 3 with resource-limited collaboration changes performance.,Controlled graph benchmark and matched trials.,demo_learning_03,,,
3659321d0f6c58ac,learning study s07 approach 0,Combining Synthetic learning exploration scenario 3 with resource-limited collaboration changes performance. Test with matched initial states.,Controlled graph benchmark and matched trials. Add independent runs and a no-sharing control.,demo_learning_03,,,
368012dff4603f66,learning study s07 approach 1,Combining Synthetic learning exploration scenario 7 with resource-limited collaboration changes performance. Test with matched initial states.,Cross-domain transfer with randomized team composition and ablations. Add independent runs and a no-sharing control.,demo_learning_07,,,
36adb8102331fa06,learning study s10 approach 0,Combining Synthetic learning exploration scenario 3 with resource-limited collaboration changes performance. Test with matched initial states.,Controlled graph benchmark and matched trials. Add independent runs and a no-sharing control.,demo_learning_03,,,
36e6408911300b23,science study s02 approach 0,Combining Synthetic science hypothesis generation scenario 0 with resource-limited collaboration changes performance. Test with matched initial states.,Controlled graph benchmark and matched trials. Add independent runs and a no-sharing control.,demo_science_00,,,
370e285ca0be5672,science study s11 approach 1,Combining Synthetic science paper retrieval scenario 1 with resource-limited collaboration changes performance.,Cross-domain transfer with randomized team composition and ablations.,demo_science_01,,,
3742c2bc9934f837,learning study s07 approach 1,Combining Synthetic learning exploration scenario 7 with resource-limited collaboration changes performance. Test with matched initial states.,Cross-domain transfer with randomized team composition and ablations. Add independent runs and a no-sharing control.,demo_learning_07,,,
374e159c87390e07,learning study s13 approach 1,Combining Synthetic learning exploration scenario 7 with resource-limited collaboration changes performance. Test with matched initial states.,Cross-domain transfer with randomized team composition and ablations. Add independent runs and a no-sharing control.,demo_learning_07,,,
37ce8c5760ff34ab,learning study s16 approach 0,Combining Synthetic learning exploration scenario 3 with resource-limited collaboration changes performance. Test with matched initial states.,Controlled graph benchmark and matched trials. Add independent runs and a no-sharing control.,demo_learning_03,,,
37dc82bb81ef461e,science study s05 approach 1,Combining Synthetic science paper retrieval scenario 1 with resource-limited collaboration changes performance. Test with matched initial states.,Cross-domain transfer with randomized team composition and ablations. Add independent runs and a no-sharing control.,demo_science_01,,,
37fbb4976b544953,learning study s04 approach 1,Combining Synthetic learning exploration scenario 7 with resource-limited collaboration changes performance. Test with matched initial states.,Cross-domain transfer with randomized team composition and ablations. Add independent runs and a no-sharing control.,demo_learning_07,,,
381eb11b9e3343d0,agents study s18 approach 1,Combining Synthetic agents planning scenario 7 with resource-limited collaboration changes performance. Test with matched initial states.,Cross-domain transfer with randomized team composition and ablations. Add independent runs and a no-sharing control.,demo_agents_07,,,
381ebcb444faf819,learning study s01 approach 1,Combining Synthetic learning exploration scenario 7 with resource-limited collaboration changes performance. Test with matched initial states.,Cross-domain transfer with randomized team composition and ablations. Add independent runs and a no-sharing control.,demo_learning_07,,,
38e64d6c4d156ea3,agents study s00 approach 0,Combining Synthetic agents planning scenario 3 with resource-limited collaboration changes performance. Test with matched initial states.,Controlled graph benchmark and matched trials. Add independent runs and a no-sharing control.,demo_agents_03,,,
39139becee5be96a,agents study s15 approach 1,Combining Synthetic agents planning scenario 7 with resource-limited collaboration changes performance. Test with matched initial states.,Cross-domain transfer with randomized team composition and ablations. Add independent runs and a no-sharing control.,demo_agents_07,,,
3924ecedf6e99bc9,science study s11 approach 0,Combining Synthetic science hypothesis generation scenario 0 with resource-limited collaboration changes performance.,Controlled graph benchmark and matched trials.,demo_science_00,,,
3954694dbef8fcd4,learning study s04 approach 0,Combining Synthetic learning exploration scenario 3 with resource-limited collaboration changes performance. Test with matched initial states.,Controlled graph benchmark and matched trials. Add independent runs and a no-sharing control.,demo_learning_03,,,
39c806dce0e0ff2f,agents study s15 approach 1,Combining Synthetic agents planning scenario 7 with resource-limited collaboration changes performance.,Cross-domain transfer with randomized team composition and ablations.,demo_agents_07,,,
3b39e2172b5640cf,science study s02 approach 0,Combining Synthetic science hypothesis generation scenario 0 with resource-limited collaboration changes performance. Test with matched initial states.,Controlled graph benchmark and matched trials. Add independent runs and a no-sharing control.,demo_science_00,,,
3b3df3a1640dae40,science study s08 approach 0,Combining Synthetic science hypothesis generation scenario 0 with resource-limited collaboration changes performance. Test with matched initial states.,Controlled graph benchmark and matched trials. Add independent runs and a no-sharing control.,demo_science_00,,,
3b9e06db216803cf,agents study s03 approach 0,Combining Synthetic agents planning scenario 3 with resource-limited collaboration changes performance.,Controlled graph benchmark and matched trials.,demo_agents_03,,,
3ba40172aef5d222,learning study s13 approach 1,Combining Synthetic learning exploration scenario 7 with resource-limited collaboration changes performance. Test with matched initial states.,Cross-domain transfer with randomized team composition and ablations. Add independent runs and a no-sharing control.,demo_learning_07,,,
3bb4075694f4d409,science study s08 approach 0,Combining Synthetic science hypothesis generation scenario 0 with resource-limited collaboration changes performance.,Controlled graph benchmark and matched trials.,demo_science_00,,,
3be7c8ab9bb287a9,agents study s06 approach 0,Combining Synthetic agents planning scenario 3 with resource-limited collaboration changes performance. Test with matched initial states.,Controlled graph benchmark and matched trials. Add independent runs and a no-sharing control.,demo_agents_03,,,
3c369da98e410a7c,agents study s03 approach 0,Combining Synthetic agents planning scenario 3 with resource-limited collaboration changes performance. Test with matched initial states.,Controlled graph benchmark and matched trials. Add independent runs and a no-sharing control.,demo_agents_03,,,
3c62f0c962126f80,learning study s13 approach 1,Combining Synthetic learning exploration scenario 7 with resource-limited collaboration changes performance. Test with matched initial states.,Cross-domain transfer with randomized team composition and ablations. Add independent runs and a no-sharing control.,demo_learning_07,,,
3ccd49ea966d5590,agents study s03 approach 1,Combining Synthetic agents planning scenario 7 with resource-limited collaboration changes performance. Test with matched initial states.,Cross-domain transfer with randomized team composition and ablations. Add independent runs and a no-sharing control.,demo_agents_07,,,
3dabca76525539f1,science study s17 approach 0,Combining Synthetic science hypothesis generation scenario 0 with resource-limited collaboration changes performance.,Controlled graph benchmark and matched trials.,demo_science_00,,,
3dbd03376335a204,learning study s01 approach 1,Combining Synthetic learning exploration scenario 7 with resource-limited collaboration changes performance. Test with matched initial states.,Cross-domain transfer with randomized team composition and ablations. Add independent runs and a no-sharing control.,demo_learning_07,,,
3dd8ecb573e6f746,science study s11 approach 0,Combining Synthetic science hypothesis generation scenario 0 with resource-limited collaboration changes performance.,Controlled graph benchmark and matched trials.,demo_science_00,,,
3e02acd17947d7d8,science study s11 approach 0,Combining Synthetic science hypothesis generation scenario 0 with resource-limited collaboration changes performance. Test with matched initial states.,Controlled graph benchmark and matched trials. Add independent runs and a no-sharing control.,demo_science_00,,,
3e2906b8e6c19a9f,science study s02 approach 1,Combining Synthetic science paper retrieval scenario 1 with resource-limited collaboration changes performance.,Cross-domain transfer with randomized team composition and ablations.,demo_science_01,,,
3e797b231bc8e9da,science study s11 approach 0,Combining Synthetic science hypothesis generation scenario 0 with resource-limited collaboration changes performance. Test with matched initial states.,Controlled graph benchmark and matched trials. Add independent runs and a no-sharing control.,demo_science_00,,,
3e7bdccc09742abf,learning study s13 approach 1,Combining Synthetic learning exploration scenario 7 with resource-limited collaboration changes performance. Test with matched initial states.,Cross-domain transfer with randomized team composition and ablations. Add independent runs and a no-sharing control.,demo_learning_07,,,
3ef0aec89c247f42,science study s11 approach 1,Combining Synthetic science paper retrieval scenario 1 with resource-limited collaboration changes performance. Test with matched initial states.,Cross-domain transfer with randomized team composition and ablations. Add independent runs and a no-sharing control.,demo_science_01,,,
3ef0e6b02ebef792,agents study s00 approach 0,Combining Synthetic agents planning scenario 3 with resource-limited collaboration changes performance. Test with matched initial states.,Controlled graph benchmark and matched trials. Add independent runs and a no-sharing control.,demo_agents_03,,,
3ef1748675d915a7,learning study s13 approach 0,Combining Synthetic learning exploration scenario 3 with resource-limited collaboration changes performance. Test with matched initial states.,Controlled graph benchmark and matched trials. Add independent runs and a no-sharing control.,demo_learning_03,,,
4005ed4ac3f0b253,learning study s07 approach 0,Combining Synthetic learning exploration scenario 3 with resource-limited collaboration changes performance. Test with matched initial states.,Controlled graph benchmark and matched trials. Add independent runs and a no-sharing control.,demo_learning_03,,,
406275586356a71c,learning study s04 approach 0,Combining Synthetic learning exploration scenario 3 with resource-limited collaboration changes performance. Test with matched initial states.,Controlled graph benchmark and matched trials. Add independent runs and a no-sharing control.,demo_learning_03,,,
40a67392195a7dac,agents study s15 approach 0,Combining Synthetic agents planning scenario 3 with resource-limited collaboration changes performance. Test with matched initial states.,Controlled graph benchmark and matched trials. Add independent runs and a no-sharing control.,demo_agents_03,,,
40d2cc8caadc2b96,agents study s15 approach 1,Combining Synthetic agents planning scenario 7 with resource-limited collaboration changes performance.,Cross-domain transfer with randomized team composition and ablations.,demo_agents_07,,,
41361edf557f41ba,agents study s06 approach 1,Combining Synthetic agents planning scenario 7 with resource-limited collaboration changes performance. Test with matched initial states.,Cross-domain transfer with randomized team composition and ablations. Add independent runs and a no-sharing control.,demo_agents_07,,,
41887ea2147665e7,agents study s18 approach 0,Combining Synthetic agents planning scenario 3 with resource-limited collaboration changes performance. Test with matched initial states.,Controlled graph benchmark and matched trials. Add independent runs and a no-sharing control.,demo_agents_03,,,
41a8d3a0b904ddb0,learning study s19 approach 0,Combining Synthetic learning exploration scenario 3 with resource-limited collaboration changes performance.,Controlled graph benchmark and matched trials.,demo_learning_03,,,
41ef96704f34c31b,agents study s15 approach 0,Combining Synthetic agents planning scenario 3 with resource-limited collaboration changes performance. Test with matched initial states.,Controlled graph benchmark and matched trials. Add independent runs and a no-sharing control.,demo_agents_03,,,
41f229d0e79002a7,science study s14 approach 1,Combining Synthetic science paper retrieval scenario 1 with resource-limited collaboration changes performance. Test with matched initial states.,Cross-domain transfer with randomized team composition and ablations. Add independent runs and a no-sharing control.,demo_science_01,,,
421bbd36493eb85e,science study s08 approach 1,Combining Synthetic science paper retrieval scenario 1 with resource-limited collaboration changes performance.,Cross-domain transfer with randomized team composition and ablations.,demo_science_01,,,
4259805b127beb44,science study s08 approach 1,Combining Synthetic science paper retrieval scenario 1 with resource-limited collaboration changes performance. Test with matched initial states.,Cross-domain transfer with randomized team composition and ablations. Add independent runs and a no-sharing control.,demo_science_01,,,
4286e834e7ff1f14,agents study s18 approach 1,Combining Synthetic agents planning scenario 7 with resource-limited collaboration changes performance.,Cross-domain transfer with randomized team composition and ablations.,demo_agents_07,,,
4289b304b1960f65,science study s08 approach 1,Combining Synthetic science paper retrieval scenario 1 with resource-limited collaboration changes performance. Test with matched initial states.,Cross-domain transfer with randomized team composition and ablations. Add independent runs and a no-sharing control.,demo_science_01,,,
429270bcf6b2f8db,learning study s07 approach 1,Combining Synthetic learning exploration scenario 7 with resource-limited collaboration changes performance.,Cross-domain transfer with randomized team composition and ablations.,demo_learning_07,,,
42a616f2a42992ec,learning study s10 approach 1,Combining Synthetic learning exploration scenario 7 with resource-limited collaboration changes performance. Test with matched initial states.,Cross-domain transfer with randomized team composition and ablations. Add independent runs and a no-sharing control.,demo_learning_07,,,
42fc7b8f677f3f5e,science study s14 approach 0,Combining Synthetic science hypothesis generation scenario 0 with resource-limited collaboration changes performance.,Controlled graph benchmark and matched trials.,demo_science_00,,,
4311760746dd97c6,agents study s03 approach 1,Combining Synthetic agents planning scenario 7 with resource-limited collaboration changes performance. Test with matched initial states.,Cross-domain transfer with randomized team composition and ablations. Add independent runs and a no-sharing control.,demo_agents_07,,,
43ba677128862576,science study s17 approach 0,Combining Synthetic science hypothesis generation scenario 0 with resource-limited collaboration changes performance. Test with matched initial states.,Controlled graph benchmark and matched trials. Add independent runs and a no-sharing control.,demo_science_00,,,
43d1e900d6c04186,learning study s13 approach 1,Combining Synthetic learning exploration scenario 7 with resource-limited collaboration changes performance.,Cross-domain transfer with randomized team composition and ablations.,demo_learning_07,,,
445cb47b48a01792,learning study s13 approach 1,Combining Synthetic learning exploration scenario 7 with resource-limited collaboration changes performance.,Cross-domain transfer with randomized team composition and ablations.,demo_learning_07,,,
44fb323482627ed3,learning study s19 approach 0,Combining Synthetic learning exploration scenario 3 with resource-limited collaboration changes performance.,Controlled graph benchmark and matched trials.,demo_learning_03,,,
4500ef4cc251ca0d,science study s11 approach 0,Combining Synthetic science hypothesis generation scenario 0 with resource-limited collaboration changes performance. Test with matched initial states.,Controlled graph benchmark and matched trials. Add independent runs and a no-sharing control.,demo_science_00,,,
45085b7a8f898884,science study s08 approach 0,Combining Synthetic science hypothesis generation scenario 0 with resource-limited collaboration changes performance. Test with matched initial states.,Controlled graph benchmark and matched trials. Add independent runs and a no-sharing control.,demo_science_00,,,
464cf597389010ae,agents study s18 approach 1,Combining Synthetic agents planning scenario 7 with resource-limited collaboration changes performance. Test with matched initial states.,Cross-domain transfer with randomized team composition and ablations. Add independent runs and a no-sharing control.,demo_agents_07,,,
46598a518476b85a,agents study s18 approach 0,Combining Synthetic agents planning scenario 3 with resource-limited collaboration changes performance. Test with matched initial states.,Controlled graph benchmark and matched trials. Add independent runs and a no-sharing control.,demo_agents_03,,,
467b289ee1fb08e4,agents study s03 approach 1,Combining Synthetic agents planning scenario 7 with resource-limited collaboration changes performance. Test with matched initial states.,Cross-domain transfer with randomized team composition and ablations. Add independent runs and a no-sharing control.,demo_agents_07,,,
46dd27b4d0800bd9,science study s08 approach 0,Combining Synthetic science hypothesis generation scenario 0 with resource-limited collaboration changes performance.,Controlled graph benchmark and matched trials.,demo_science_00,,,
46e55b0946bed85e,science study s08 approach 0,Combining Synthetic science hypothesis generation scenario 0 with resource-limited collaboration changes performance. Test with matched initial states.,Controlled graph benchmark and matched trials. Add independent runs and a no-sharing control.,demo_science_00,,,
46ee178a3b9108e4,science study s17 approach 0,Combining Synthetic science hypothesis generation scenario 0 with resource-limited collaboration changes performance.,Controlled graph benchmark and matched trials.,demo_science_00,,,
46f979a0aee7cc64,agents study s06 approach 0,Combining Synthetic agents planning scenario 3 with resource-limited collaboration changes performance.,Controlled graph benchmark and matched trials.,demo_agents_03,,,
47e9f1d90b262952,science study s05 approach 1,Combining Synthetic science paper retrieval scenario 1 with resource-limited collaboration changes performance. Test with matched initial states.,Cross-domain transfer with randomized team composition and ablations. Add independent runs and a no-sharing control.,demo_science_01,,,
480f5df924865303,agents study s12 approach 0,Combining Synthetic agents planning scenario 3 with resource-limited collaboration changes performance.,Controlled graph benchmark and matched trials.,demo_agents_03,,,
483dd61eff05b9ed,agents study s00 approach 1,Combining Synthetic agents planning scenario 7 with resource-limited collaboration changes performance. Test with matched initial states.,Cross-domain transfer with randomized team composition and ablations. Add independent runs and a no-sharing control.,demo_agents_07,,,
483fa31bb7beff05,agents study s06 approach 0,Combining Synthetic agents planning scenario 3 with resource-limited collaboration changes performance. Test with matched initial states.,Controlled graph benchmark and matched trials. Add independent runs and a no-sharing control.,demo_agents_03,,,
48785f4f9386e992,science study s05 approach 1,Combining Synthetic science paper retrieval scenario 1 with resource-limited collaboration changes performance.,Cross-domain transfer with randomized team composition and ablations.,demo_science_01,,,
487b4f07ddd492f1,learning study s04 approach 1,Combining Synthetic learning exploration scenario 7 with resource-limited collaboration changes performance. Test with matched initial states.,Cross-domain transfer with randomized team composition and ablations. Add independent runs and a no-sharing control.,demo_learning_07,,,
487c9ffb8ece2a56,learning study s19 approach 1,Combining Synthetic learning exploration scenario 7 with resource-limited collaboration changes performance. Test with matched initial states.,Cross-domain transfer with randomized team composition and ablations. Add independent runs and a no-sharing control.,demo_learning_07,,,
48ac12f76f459b0a,science study s11 approach 0,Combining Synthetic science hypothesis generation scenario 0 with resource-limited collaboration changes performance.,Controlled graph benchmark and matched trials.,demo_science_00,,,
48ae594e5bf8941f,agents study s12 approach 1,Combining Synthetic agents planning scenario 7 with resource-limited collaboration changes performance.,Cross-domain transfer with randomized team composition and ablations.,demo_agents_07,,,
48d3049181e84136,agents study s03 approach 1,Combining Synthetic agents planning scenario 7 with resource-limited collaboration changes performance. Test with matched initial states.,Cross-domain transfer with randomized team composition and ablations. Add independent runs and a no-sharing control.,demo_agents_07,,,
4936cc3ea60a5ae2,learning study s01 approach 1,Combining Synthetic learning exploration scenario 7 with resource-limited collaboration changes performance. Test with matched initial states.,Cross-domain transfer with randomized team composition and ablations. Add independent runs and a no-sharing control.,demo_learning_07,,,
49402bb84a0c9d2f,science study s02 approach 1,Combining Synthetic science paper retrieval scenario 1 with resource-limited collaboration changes performance. Test with matched initial states.,Cross-domain transfer with randomized team composition and ablations. Add independent runs and a no-sharing control.,demo_science_01,,,
49b842a1c72f3de3,science study s02 approach 0,Combining Synthetic science hypothesis generation scenario 0 with resource-limited collaboration changes performance.,Controlled graph benchmark and matched trials.,demo_science_00,,,
49cf22674e4c0191,agents study s00 approach 1,Combining Synthetic agents planning scenario 7 with resource-limited collaboration changes performance.,Cross-domain transfer with randomized team composition and ablations.,demo_agents_07,,,
4a02e088112a33e1,science study s17 approach 0,Combining Synthetic science hypothesis generation scenario 0 with resource-limited collaboration changes performance.,Controlled graph benchmark and matched trials.,demo_science_00,,,
4a1845aae9caec9b,science study s17 approach 1,Combining Synthetic science paper retrieval scenario 1 with resource-limited collaboration changes performance.,Cross-domain transfer with randomized team composition and ablations.,demo_science_01,,,
4ab0168e1e431a98,learning study s01 approach 1,Combining Synthetic learning exploration scenario 7 with resource-limited collaboration changes performance. Test with matched initial states.,Cross-domain transfer with randomized team composition and ablations. Add independent runs and a no-sharing control.,demo_learning_07,,,
4acd46d97e0d7910,agents study s06 approach 0,Combining Synthetic agents planning scenario 3 with resource-limited collaboration changes performance.,Controlled graph benchmark and matched trials.,demo_agents_03,,,
4b1ed49a14c9f9e7,agents study s06 approach 1,Combining Synthetic agents planning scenario 7 with resource-limited collaboration changes performance.,Cross-domain transfer with randomized team composition and ablations.,demo_agents_07,,,
4b31779c421dde25,agents study s12 approach 0,Combining Synthetic agents planning scenario 3 with resource-limited collaboration changes performance.,Controlled graph benchmark and matched trials.,demo_agents_03,,,
4b3d5df1ed843d7d,agents study s06 approach 0,Combining Synthetic agents planning scenario 3 with resource-limited collaboration changes performance. Test with matched initial states.,Controlled graph benchmark and matched trials. Add independent runs and a no-sharing control.,demo_agents_03,,,
4bca337b5c1d0ed0,learning study s19 approach 1,Combining Synthetic learning exploration scenario 7 with resource-limited collaboration changes performance. Test with matched initial states.,Cross-domain transfer with randomized team composition and ablations. Add independent runs and a no-sharing control.,demo_learning_07,,,
4bca6a0faabfe9f9,learning study s10 approach 1,Combining Synthetic learning exploration scenario 7 with resource-limited collaboration changes performance. Test with matched initial states.,Cross-domain transfer with randomized team composition and ablations. Add independent runs and a no-sharing control.,demo_learning_07,,,
4c07ed8eb00bfb54,learning study s19 approach 0,Combining Synthetic learning exploration scenario 3 with resource-limited collaboration changes performance. Test with matched initial states.,Controlled graph benchmark and matched trials. Add independent runs and a no-sharing control.,demo_learning_03,,,
4c0ed4db47b3b26d,agents study s00 approach 0,Combining Synthetic agents planning scenario 3 with resource-limited collaboration changes performance.,Controlled graph benchmark and matched trials.,demo_agents_03,,,
4c734e19063e4306,learning study s07 approach 0,Combining Synthetic learning exploration scenario 3 with resource-limited collaboration changes performance.,Controlled graph benchmark and matched trials.,demo_learning_03,,,
4c82e5b365e99302,learning study s01 approach 0,Combining Synthetic learning exploration scenario 3 with resource-limited collaboration changes performance.,Controlled graph benchmark and matched trials.,demo_learning_03,,,
4cb2393fba674275,learning study s16 approach 1,Combining Synthetic learning exploration scenario 7 with resource-limited collaboration changes performance.,Cross-domain transfer with randomized team composition and ablations.,demo_learning_07,,,
4d1058265cf73856,learning study s04 approach 1,Combining Synthetic learning exploration scenario 7 with resource-limited collaboration changes performance. Test with matched initial states.,Cross-domain transfer with randomized team composition and ablations. Add independent runs and a no-sharing control.,demo_learning_07,,,
4d7fec676877398a,learning study s16 approach 0,Combining Synthetic learning exploration scenario 3 with resource-limited collaboration changes performance. Test with matched initial states.,Controlled graph benchmark and matched trials. Add independent runs and a no-sharing control.,demo_learning_03,,,
4d8c12b1167facd6,learning study s07 approach 0,Combining Synthetic learning exploration scenario 3 with resource-limited collaboration changes performance.,Controlled graph benchmark and matched trials.,demo_learning_03,,,
4dd363449d2271b5,learning study s13 approach 0,Combining Synthetic learning exploration scenario 3 with resource-limited collaboration changes performance.,Controlled graph benchmark and matched trials.,demo_learning_03,,,
4e1847dd3a2f42a0,learning study s13 approach 0,Combining Synthetic learning exploration scenario 3 with resource-limited collaboration changes performance.,Controlled graph benchmark and matched trials.,demo_learning_03,,,
4e4f9c78ac6ceea1,science study s17 approach 0,Combining Synthetic science hypothesis generation scenario 0 with resource-limited collaboration changes performance. Test with matched initial states.,Controlled graph benchmark and matched trials. Add independent runs and a no-sharing control.,demo_science_00,,,
4e890797d64f5918,agents study s09 approach 0,Combining Synthetic agents planning scenario 3 with resource-limited collaboration changes performance. Test with matched initial states.,Controlled graph benchmark and matched trials. Add independent runs and a no-sharing control.,demo_agents_03,,,
4edae053f0d9a8aa,learning study s16 approach 0,Combining Synthetic learning exploration scenario 3 with resource-limited collaboration changes performance.,Controlled graph benchmark and matched trials.,demo_learning_03,,,
4ef05bb4b8e8b852,science study s05 approach 1,Combining Synthetic science paper retrieval scenario 1 with resource-limited collaboration changes performance.,Cross-domain transfer with randomized team composition and ablations.,demo_science_01,,,
4f0624edfa7d1b5c,learning study s19 approach 0,Combining Synthetic learning exploration scenario 3 with resource-limited collaboration changes performance.,Controlled graph benchmark and matched trials.,demo_learning_03,,,
4f4e3c5a43405ff8,agents study s00 approach 1,Combining Synthetic agents planning scenario 7 with resource-limited collaboration changes performance.,Cross-domain transfer with randomized team composition and ablations.,demo_agents_07,,,
4f968dddc83a0fe8,learning study s13 approach 1,Combining Synthetic learning exploration scenario 7 with resource-limited collaboration changes performance. Test with matched initial states.,Cross-domain transfer with randomized team composition and ablations. Add independent runs and a no-sharing control.,demo_learning_07,,,
4fd9a9788fb32a76,learning study s01 approach 0,Combining Synthetic learning exploration scenario 3 with resource-limited collaboration changes performance. Test with matched initial states.,Controlled graph benchmark and matched trials. Add independent runs and a no-sharing control.,demo_learning_03,,,
4fdf537e39f00b54,agents study s15 approach 0,Combining Synthetic agents planning scenario 3 with resource-limited collaboration changes performance. Test with matched initial states.,Controlled graph benchmark and matched trials. Add independent runs and a no-sharing control.,demo_agents_03,,,
500212303a9ad499,learning study s13 approach 0,Combining Synthetic learning exploration scenario 3 with resource-limited collaboration changes performance. Test with matched initial states.,Controlled graph benchmark and matched trials. Add independent runs and a no-sharing control.,demo_learning_03,,,
50248e48193b6531,agents study s06 approach 0,Combining Synthetic agents planning scenario 3 with resource-limited collaboration changes performance.,Controlled graph benchmark and matched trials.,demo_agents_03,,,
5056627b84793be3,science study s08 approach 1,Combining Synthetic science paper retrieval scenario 1 with resource-limited collaboration changes performance. Test with matched initial states.,Cross-domain transfer with randomized team composition and ablations. Add independent runs and a no-sharing control.,demo_science_01,,,
5057e71719b8e595,science study s14 approach 1,Combining Synthetic science paper retrieval scenario 1 with resource-limited collaboration changes performance. Test with matched initial states.,Cross-domain transfer with randomized team composition and ablations. Add independent runs and a no-sharing control.,demo_science_01,,,
5064afc2dcaf2672,learning study s19 approach 0,Combining Synthetic learning exploration scenario 3 with resource-limited collaboration changes performance.,Controlled graph benchmark and matched trials.,demo_learning_03,,,
50652629f204ed00,learning study s13 approach 0,Combining Synthetic learning exploration scenario 3 with resource-limited collaboration changes performance. Test with matched initial states.,Controlled graph benchmark and matched trials. Add independent runs and a no-sharing control.,demo_learning_03,,,
5096b75af0bc03bf,learning study s19 approach 1,Combining Synthetic learning exploration scenario 7 with resource-limited collaboration changes performance.,Cross-domain transfer with randomized team composition and ablations.,demo_learning_07,,,
50bce57df7f05e9b,learning study s19 approach 0,Combining Synthetic learning exploration scenario 3 with resource-limited collaboration changes performance. Test with matched initial states.,Controlled graph benchmark and matched trials. Add independent runs and a no-sharing control.,demo_learning_03,,,
510b736aef6e89df,agents study s15 approach 1,Combining Synthetic agents planning scenario 7 with resource-limited collaboration changes performance.,Cross-domain transfer with randomized team composition and ablations.,demo_agents_07,,,
51121951953d7a8e,agents study s18 approach 1,Combining Synthetic agents planning scenario 7 with resource-limited collaboration changes performance. Test with matched initial states.,Cross-domain transfer with randomized team composition and ablations. Add independent runs and a no-sharing control.,demo_agents_07,,,
51126c002d90bb87,learning study s01 approach 1,Combining Synthetic learning exploration scenario 7 with resource-limited collaboration changes performance. Test with matched initial states.,Cross-domain transfer with randomized team composition and ablations. Add independent runs and a no-sharing control.,demo_learning_07,,,
521f4c002fa40170,science study s05 approach 1,Combining Synthetic science paper retrieval scenario 1 with resource-limited collaboration changes performance. Test with matched initial states.,Cross-domain transfer with randomized team composition and ablations. Add independent runs and a no-sharing control.,demo_science_01,,,
52215114bd46e208,learning study s19 approach 0,Combining Synthetic learning exploration scenario 3 with resource-limited collaboration changes performance.,Controlled graph benchmark and matched trials.,demo_learning_03,,,
524b16e9f7e0b699,agents study s06 approach 0,Combining Synthetic agents planning scenario 3 with resource-limited collaboration changes performance.,Controlled graph benchmark and matched trials.,demo_agents_03,,,
528a978eb5ae485e,learning study s16 approach 1,Combining Synthetic learning exploration scenario 7 with resource-limited collaboration changes performance. Test with matched initial states.,Cross-domain transfer with randomized team composition and ablations. Add independent runs and a no-sharing control.,demo_learning_07,,,
52be75a5378ae47a,science study s14 approach 1,Combining Synthetic science paper retrieval scenario 1 with resource-limited collaboration changes performance. Test with matched initial states.,Cross-domain transfer with randomized team composition and ablations. Add independent runs and a no-sharing control.,demo_science_01,,,
52e719f50f029614,science study s08 approach 0,Combining Synthetic science hypothesis generation scenario 0 with resource-limited collaboration changes performance. Test with matched initial states.,Controlled graph benchmark and matched trials. Add independent runs and a no-sharing control.,demo_science_00,,,
53298f89b674fa4b,science study s14 approach 0,Combining Synthetic science hypothesis generation scenario 0 with resource-limited collaboration changes performance.,Controlled graph benchmark and matched trials.,demo_science_00,,,
53eca6daa00b37d1,science study s17 approach 0,Combining Synthetic science hypothesis generation scenario 0 with resource-limited collaboration changes performance.,Controlled graph benchmark and matched trials.,demo_science_00,,,
53f32e30a49d6158,science study s05 approach 1,Combining Synthetic science paper retrieval scenario 1 with resource-limited collaboration changes performance. Test with matched initial states.,Cross-domain transfer with randomized team composition and ablations. Add independent runs and a no-sharing control.,demo_science_01,,,
541cf14aaab1e4e4,science study s11 approach 1,Combining Synthetic science paper retrieval scenario 1 with resource-limited collaboration changes performance.,Cross-domain transfer with randomized team composition and ablations.,demo_science_01,,,
542cee9bcbaef7c2,agents study s06 approach 1,Combining Synthetic agents planning scenario 7 with resource-limited collaboration changes performance.,Cross-domain transfer with randomized team composition and ablations.,demo_agents_07,,,
545135939507af5c,learning study s01 approach 0,Combining Synthetic learning exploration scenario 3 with resource-limited collaboration changes performance.,Controlled graph benchmark and matched trials.,demo_learning_03,,,
5456dd693ff72560,agents study s00 approach 0,Combining Synthetic agents planning scenario 3 with resource-limited collaboration changes performance.,Controlled graph benchmark and matched trials.,demo_agents_03,,,
5475704917fc8948,agents study s09 approach 0,Combining Synthetic agents planning scenario 3 with resource-limited collaboration changes performance. Test with matched initial states.,Controlled graph benchmark and matched trials. Add independent runs and a no-sharing control.,demo_agents_03,,,
54bc37ab0f34fe7c,learning study s01 approach 0,Combining Synthetic learning exploration scenario 3 with resource-limited collaboration changes performance.,Controlled graph benchmark and matched trials.,demo_learning_03,,,
54be5a857cf492f7,learning study s01 approach 1,Combining Synthetic learning exploration scenario 7 with resource-limited collaboration changes performance. Test with matched initial states.,Cross-domain transfer with randomized team composition and ablations. Add independent runs and a no-sharing control.,demo_learning_07,,,
54d339e4324f8197,science study s02 approach 1,Combining Synthetic science paper retrieval scenario 1 with resource-limited collaboration changes performance. Test with matched initial states.,Cross-domain transfer with randomized team composition and ablations. Add independent runs and a no-sharing control.,demo_science_01,,,
55cf6a54f8e74b4f,learning study s01 approach 0,Combining Synthetic learning exploration scenario 3 with resource-limited collaboration changes performance. Test with matched initial states.,Controlled graph benchmark and matched trials. Add independent runs and a no-sharing control.,demo_learning_03,,,
55e77762c396ebc2,agents study s03 approach 1,Combining Synthetic agents planning scenario 7 with resource-limited collaboration changes performance.,Cross-domain transfer with randomized team composition and ablations.,demo_agents_07,,,
566b89d71bd0a42b,science study s02 approach 0,Combining Synthetic science hypothesis generation scenario 0 with resource-limited collaboration changes performance. Test with matched initial states.,Controlled graph benchmark and matched trials. Add independent runs and a no-sharing control.,demo_science_00,,,
56dfa72bed54d531,agents study s18 approach 1,Combining Synthetic agents planning scenario 7 with resource-limited collaboration changes performance. Test with matched initial states.,Cross-domain transfer with randomized team composition and ablations. Add independent runs and a no-sharing control.,demo_agents_07,,,
56e8ab0bf638aa82,agents study s00 approach 1,Combining Synthetic agents planning scenario 7 with resource-limited collaboration changes performance. Test with matched initial states.,Cross-domain transfer with randomized team composition and ablations. Add independent runs and a no-sharing control.,demo_agents_07,,,
56f4ba32a951edd3,agents study s15 approach 0,Combining Synthetic agents planning scenario 3 with resource-limited collaboration changes performance.,Controlled graph benchmark and matched trials.,demo_agents_03,,,
57244a64fee4e322,agents study s09 approach 0,Combining Synthetic agents planning scenario 3 with resource-limited collaboration changes performance. Test with matched initial states.,Controlled graph benchmark and matched trials. Add independent runs and a no-sharing control.,demo_agents_03,,,
57749cec5620b592,agents study s03 approach 1,Combining Synthetic agents planning scenario 7 with resource-limited collaboration changes performance. Test with matched initial states.,Cross-domain transfer with randomized team composition and ablations. Add independent runs and a no-sharing control.,demo_agents_07,,,
578e76c8e8814bac,learning study s07 approach 1,Combining Synthetic learning exploration scenario 7 with resource-limited collaboration changes performance.,Cross-domain transfer with randomized team composition and ablations.,demo_learning_07,,,
57ad4111f6fd2efc,science study s08 approach 0,Combining Synthetic science hypothesis generation scenario 0 with resource-limited collaboration changes performance.,Controlled graph benchmark and matched trials.,demo_science_00,,,
58222c08992d0e83,science study s05 approach 1,Combining Synthetic science paper retrieval scenario 1 with resource-limited collaboration changes performance.,Cross-domain transfer with randomized team composition and ablations.,demo_science_01,,,
58266d5a524e5e83,learning study s10 approach 1,Combining Synthetic learning exploration scenario 7 with resource-limited collaboration changes performance.,Cross-domain transfer with randomized team composition and ablations.,demo_learning_07,,,
584a3f4065c250b4,agents study s18 approach 1,Combining Synthetic agents planning scenario 7 with resource-limited collaboration changes performance. Test with matched initial states.,Cross-domain transfer with randomized team composition and ablations. Add independent runs and a no-sharing control.,demo_agents_07,,,
589a9149ded0b708,science study s05 approach 1,Combining Synthetic science paper retrieval scenario 1 with resource-limited collaboration changes performance.,Cross-domain transfer with randomized team composition and ablations.,demo_science_01,,,
58be125a72b5df2f,learning study s01 approach 0,Combining Synthetic learning exploration scenario 3 with resource-limited collaboration changes performance. Test with matched initial states.,Controlled graph benchmark and matched trials. Add independent runs and a no-sharing control.,demo_learning_03,,,
58e454c2d3f75fa5,agents study s15 approach 1,Combining Synthetic agents planning scenario 7 with resource-limited collaboration changes performance. Test with matched initial states.,Cross-domain transfer with randomized team composition and ablations. Add independent runs and a no-sharing control.,demo_agents_07,,,
58e9c376162fa17b,agents study s12 approach 0,Combining Synthetic agents planning scenario 3 with resource-limited collaboration changes performance. Test with matched initial states.,Controlled graph benchmark and matched trials. Add independent runs and a no-sharing control.,demo_agents_03,,,
59154c5c668c25c2,learning study s19 approach 1,Combining Synthetic learning exploration scenario 7 with resource-limited collaboration changes performance. Test with matched initial states.,Cross-domain transfer with randomized team composition and ablations. Add independent runs and a no-sharing control.,demo_learning_07,,,
5934b51c9a6c7be5,learning study s07 approach 1,Combining Synthetic learning exploration scenario 7 with resource-limited collaboration changes performance. Test with matched initial states.,Cross-domain transfer with randomized team composition and ablations. Add independent runs and a no-sharing control.,demo_learning_07,,,
5949051ccd7d55d4,learning study s01 approach 0,Combining Synthetic learning exploration scenario 3 with resource-limited collaboration changes performance. Test with matched initial states.,Controlled graph benchmark and matched trials. Add independent runs and a no-sharing control.,demo_learning_03,,,
596433a8de35b4e3,science study s17 approach 1,Combining Synthetic science paper retrieval scenario 1 with resource-limited collaboration changes performance. Test with matched initial states.,Cross-domain transfer with randomized team composition and ablations. Add independent runs and a no-sharing control.,demo_science_01,,,
59e9a4373e2ad8a8,agents study s00 approach 1,Combining Synthetic agents planning scenario 7 with resource-limited collaboration changes performance. Test with matched initial states.,Cross-domain transfer with randomized team composition and ablations. Add independent runs and a no-sharing control.,demo_agents_07,,,
5a17ec001fd4e2d9,learning study s10 approach 1,Combining Synthetic learning exploration scenario 7 with resource-limited collaboration changes performance.,Cross-domain transfer with randomized team composition and ablations.,demo_learning_07,,,
5a7ecc69657deb7c,learning study s13 approach 0,Combining Synthetic learning exploration scenario 3 with resource-limited collaboration changes performance.,Controlled graph benchmark and matched trials.,demo_learning_03,,,
5aa554d636bb34f4,learning study s19 approach 1,Combining Synthetic learning exploration scenario 7 with resource-limited collaboration changes performance. Test with matched initial states.,Cross-domain transfer with randomized team composition and ablations. Add independent runs and a no-sharing control.,demo_learning_07,,,
5aabbdcc86625ec8,agents study s09 approach 0,Combining Synthetic agents planning scenario 3 with resource-limited collaboration changes performance.,Controlled graph benchmark and matched trials.,demo_agents_03,,,
5ae5ce2796cd437c,agents study s03 approach 1,Combining Synthetic agents planning scenario 7 with resource-limited collaboration changes performance. Test with matched initial states.,Cross-domain transfer with randomized team composition and ablations. Add independent runs and a no-sharing control.,demo_agents_07,,,
5aeb39206661b15a,learning study s19 approach 0,Combining Synthetic learning exploration scenario 3 with resource-limited collaboration changes performance.,Controlled graph benchmark and matched trials.,demo_learning_03,,,
5af567e27c1f4759,agents study s00 approach 1,Combining Synthetic agents planning scenario 7 with resource-limited collaboration changes performance. Test with matched initial states.,Cross-domain transfer with randomized team composition and ablations. Add independent runs and a no-sharing control.,demo_agents_07,,,
5b16bd1f3dbb6693,learning study s01 approach 0,Combining Synthetic learning exploration scenario 3 with resource-limited collaboration changes performance.,Controlled graph benchmark and matched trials.,demo_learning_03,,,
5b24ec350e59ba70,agents study s18 approach 0,Combining Synthetic agents planning scenario 3 with resource-limited collaboration changes performance. Test with matched initial states.,Controlled graph benchmark and matched trials. Add independent runs and a no-sharing control.,demo_agents_03,,,
5b478311bd529170,agents study s12 approach 1,Combining Synthetic agents planning scenario 7 with resource-limited collaboration changes performance.,Cross-domain transfer with randomized team composition and ablations.,demo_agents_07,,,
5b69917570cb83d1,agents study s09 approach 1,Combining Synthetic agents planning scenario 7 with resource-limited collaboration changes performance.,Cross-domain transfer with randomized team composition and ablations.,demo_agents_07,,,
5bd252b963708da5,learning study s07 approach 1,Combining Synthetic learning exploration scenario 7 with resource-limited collaboration changes performance. Test with matched initial states.,Cross-domain transfer with randomized team composition and ablations. Add independent runs and a no-sharing control.,demo_learning_07,,,
5c21644aa570aee6,agents study s06 approach 0,Combining Synthetic agents planning scenario 3 with resource-limited collaboration changes performance.,Controlled graph benchmark and matched trials.,demo_agents_03,,,
5c4edeaf13121bde,learning study s04 approach 1,Combining Synthetic learning exploration scenario 7 with resource-limited collaboration changes performance. Test with matched initial states.,Cross-domain transfer with randomized team composition and ablations. Add independent runs and a no-sharing control.,demo_learning_07,,,
5c63d50a56865e05,learning study s19 approach 0,Combining Synthetic learning exploration scenario 3 with resource-limited collaboration changes performance.,Controlled graph benchmark and matched trials.,demo_learning_03,,,
5c8b6ff858fd2a18,learning study s16 approach 1,Combining Synthetic learning exploration scenario 7 with resource-limited collaboration changes performance. Test with matched initial states.,Cross-domain transfer with randomized team composition and ablations. Add independent runs and a no-sharing control.,demo_learning_07,,,
5cd7a0d3a07a83f2,science study s02 approach 0,Combining Synthetic science hypothesis generation scenario 0 with resource-limited collaboration changes performance.,Controlled graph benchmark and matched trials.,demo_science_00,,,
5cedc3d5979020a2,science study s02 approach 1,Combining Synthetic science paper retrieval scenario 1 with resource-limited collaboration changes performance. Test with matched initial states.,Cross-domain transfer with randomized team composition and ablations. Add independent runs and a no-sharing control.,demo_science_01,,,
5d8de8e1e15250c6,science study s02 approach 1,Combining Synthetic science paper retrieval scenario 1 with resource-limited collaboration changes performance. Test with matched initial states.,Cross-domain transfer with randomized team composition and ablations. Add independent runs and a no-sharing control.,demo_science_01,,,
5dd581a538001497,agents study s12 approach 1,Combining Synthetic agents planning scenario 7 with resource-limited collaboration changes performance. Test with matched initial states.,Cross-domain transfer with randomized team composition and ablations. Add independent runs and a no-sharing control.,demo_agents_07,,,
5df4ebf2e2382fa3,learning study s04 approach 0,Combining Synthetic learning exploration scenario 3 with resource-limited collaboration changes performance. Test with matched initial states.,Controlled graph benchmark and matched trials. Add independent runs and a no-sharing control.,demo_learning_03,,,
5e0e3d3933875dc6,science study s02 approach 0,Combining Synthetic science hypothesis generation scenario 0 with resource-limited collaboration changes performance.,Controlled graph benchmark and matched trials.,demo_science_00,,,
5e2496ecb1e420c2,agents study s12 approach 1,Combining Synthetic agents planning scenario 7 with resource-limited collaboration changes performance.,Cross-domain transfer with randomized team composition and ablations.,demo_agents_07,,,
5eee11987ce40af2,agents study s18 approach 1,Combining Synthetic agents planning scenario 7 with resource-limited collaboration changes performance.,Cross-domain transfer with randomized team composition and ablations.,demo_agents_07,,,
5eee6b38bacedf9a,agents study s15 approach 0,Combining Synthetic agents planning scenario 3 with resource-limited collaboration changes performance. Test with matched initial states.,Controlled graph benchmark and matched trials. Add independent runs and a no-sharing control.,demo_agents_03,,,
5ef319b180587f15,agents study s09 approach 0,Combining Synthetic agents planning scenario 3 with resource-limited collaboration changes performance. Test with matched initial states.,Controlled graph benchmark and matched trials. Add independent runs and a no-sharing control.,demo_agents_03,,,
5efc6cb24013c792,agents study s06 approach 1,Combining Synthetic agents planning scenario 7 with resource-limited collaboration changes performance.,Cross-domain transfer with randomized team composition and ablations.,demo_agents_07,,,
5f3891e492c0b648,science study s14 approach 1,Combining Synthetic science paper retrieval scenario 1 with resource-limited collaboration changes performance.,Cross-domain transfer with randomized team composition and ablations.,demo_science_01,,,
5fc68003ccfef0a8,science study s11 approach 0,Combining Synthetic science hypothesis generation scenario 0 with resource-limited collaboration changes performance.,Controlled graph benchmark and matched trials.,demo_science_00,,,
5fc8fa07722d3337,agents study s06 approach 1,Combining Synthetic agents planning scenario 7 with resource-limited collaboration changes performance.,Cross-domain transfer with randomized team composition and ablations.,demo_agents_07,,,
5fcc9ef82db4a2fe,learning study s07 approach 0,Combining Synthetic learning exploration scenario 3 with resource-limited collaboration changes performance. Test with matched initial states.,Controlled graph benchmark and matched trials. Add independent runs and a no-sharing control.,demo_learning_03,,,
60149db10d2224ab,learning study s10 approach 1,Combining Synthetic learning exploration scenario 7 with resource-limited collaboration changes performance. Test with matched initial states.,Cross-domain transfer with randomized team composition and ablations. Add independent runs and a no-sharing control.,demo_learning_07,,,
601a0a4efa68f3d5,science study s02 approach 1,Combining Synthetic science paper retrieval scenario 1 with resource-limited collaboration changes performance. Test with matched initial states.,Cross-domain transfer with randomized team composition and ablations. Add independent runs and a no-sharing control.,demo_science_01,,,
60889bf1f59f84cb,agents study s03 approach 0,Combining Synthetic agents planning scenario 3 with resource-limited collaboration changes performance. Test with matched initial states.,Controlled graph benchmark and matched trials. Add independent runs and a no-sharing control.,demo_agents_03,,,
6092868808aca1a4,agents study s00 approach 0,Combining Synthetic agents planning scenario 3 with resource-limited collaboration changes performance.,Controlled graph benchmark and matched trials.,demo_agents_03,,,
60e3cde8bc710b2e,agents study s00 approach 1,Combining Synthetic agents planning scenario 7 with resource-limited collaboration changes performance. Test with matched initial states.,Cross-domain transfer with randomized team composition and ablations. Add independent runs and a no-sharing control.,demo_agents_07,,,
6115e6def7a9ae48,learning study s13 approach 0,Combining Synthetic learning exploration scenario 3 with resource-limited collaboration changes performance. Test with matched initial states.,Controlled graph benchmark and matched trials. Add independent runs and a no-sharing control.,demo_learning_03,,,
6131a8ad2fc3b162,learning study s16 approach 0,Combining Synthetic learning exploration scenario 3 with resource-limited collaboration changes performance. Test with matched initial states.,Controlled graph benchmark and matched trials. Add independent runs and a no-sharing control.,demo_learning_03,,,
61cacc0089e5dbc2,agents study s06 approach 1,Combining Synthetic agents planning scenario 7 with resource-limited collaboration changes performance. Test with matched initial states.,Cross-domain transfer with randomized team composition and ablations. Add independent runs and a no-sharing control.,demo_agents_07,,,
61cedd38e29249a3,science study s11 approach 1,Combining Synthetic science paper retrieval scenario 1 with resource-limited collaboration changes performance.,Cross-domain transfer with randomized team composition and ablations.,demo_science_01,,,
61d4b0eeb762b98f,agents study s03 approach 1,Combining Synthetic agents planning scenario 7 with resource-limited collaboration changes performance. Test with matched initial states.,Cross-domain transfer with randomized team composition and ablations. Add independent runs and a no-sharing control.,demo_agents_07,,,
61e2504fdbf030f6,agents study s06 approach 0,Combining Synthetic agents planning scenario 3 with resource-limited collaboration changes performance. Test with matched initial states.,Controlled graph benchmark and matched trials. Add independent runs and a no-sharing control.,demo_agents_03,,,
61fd0e76bdcf57a4,science study s05 approach 1,Combining Synthetic science paper retrieval scenario 1 with resource-limited collaboration changes performance. Test with matched initial states.,Cross-domain transfer with randomized team composition and ablations. Add independent runs and a no-sharing control.,demo_science_01,,,
62203e10ccc4bc50,learning study s19 approach 1,Combining Synthetic learning exploration scenario 7 with resource-limited collaboration changes performance. Test with matched initial states.,Cross-domain transfer with randomized team composition and ablations. Add independent runs and a no-sharing control.,demo_learning_07,,,
62232bf8cb706820,learning study s04 approach 1,Combining Synthetic learning exploration scenario 7 with resource-limited collaboration changes performance. Test with matched initial states.,Cross-domain transfer with randomized team composition and ablations. Add independent runs and a no-sharing control.,demo_learning_07,,,
6265041ab9768ad0,science study s08 approach 0,Combining Synthetic science hypothesis generation scenario 0 with resource-limited collaboration changes performance.,Controlled graph benchmark and matched trials.,demo_science_00,,,
6297e21078701397,learning study s16 approach 0,Combining Synthetic learning exploration scenario 3 with resource-limited collaboration changes performance. Test with matched initial states.,Controlled graph benchmark and matched trials. Add independent runs and a no-sharing control.,demo_learning_03,,,
62ee33556488ae7f,agents study s12 approach 1,Combining Synthetic agents planning scenario 7 with resource-limited collaboration changes performance.,Cross-domain transfer with randomized team composition and ablations.,demo_agents_07,,,
6339ec97ea6b1621,science study s02 approach 0,Combining Synthetic science hypothesis generation scenario 0 with resource-limited collaboration changes performance. Test with matched initial states.,Controlled graph benchmark and matched trials. Add independent runs and a no-sharing control.,demo_science_00,,,
633d5ac56477306d,science study s17 approach 0,Combining Synthetic science hypothesis generation scenario 0 with resource-limited collaboration changes performance. Test with matched initial states.,Controlled graph benchmark and matched trials. Add independent runs and a no-sharing control.,demo_science_00,,,
6394954a835574f0,agents study s12 approach 0,Combining Synthetic agents planning scenario 3 with resource-limited collaboration changes performance. Test with matched initial states.,Controlled graph benchmark and matched trials. Add independent runs and a no-sharing control.,demo_agents_03,,,
63984dd0d2fd2817,learning study s16 approach 1,Combining Synthetic learning exploration scenario 7 with resource-limited collaboration changes performance.,Cross-domain transfer with randomized team composition and ablations.,demo_learning_07,,,
63b2ed01740652ab,agents study s12 approach 1,Combining Synthetic agents planning scenario 7 with resource-limited collaboration changes performance.,Cross-domain transfer with randomized team composition and ablations.,demo_agents_07,,,
63fc3df6d67e577e,science study s14 approach 1,Combining Synthetic science paper retrieval scenario 1 with resource-limited collaboration changes performance. Test with matched initial states.,Cross-domain transfer with randomized team composition and ablations. Add independent runs and a no-sharing control.,demo_science_01,,,
64624d791597fad8,agents study s18 approach 0,Combining Synthetic agents planning scenario 3 with resource-limited collaboration changes performance.,Controlled graph benchmark and matched trials.,demo_agents_03,,,
647c5f8b3503f676,science study s17 approach 0,Combining Synthetic science hypothesis generation scenario 0 with resource-limited collaboration changes performance. Test with matched initial states.,Controlled graph benchmark and matched trials. Add independent runs and a no-sharing control.,demo_science_00,,,
648022ae20c76316,learning study s07 approach 1,Combining Synthetic learning exploration scenario 7 with resource-limited collaboration changes performance. Test with matched initial states.,Cross-domain transfer with randomized team composition and ablations. Add independent runs and a no-sharing control.,demo_learning_07,,,
6496d40a6336aad8,learning study s16 approach 0,Combining Synthetic learning exploration scenario 3 with resource-limited collaboration changes performance.,Controlled graph benchmark and matched trials.,demo_learning_03,,,
64c88d04b4844d10,learning study s01 approach 1,Combining Synthetic learning exploration scenario 7 with resource-limited collaboration changes performance. Test with matched initial states.,Cross-domain transfer with randomized team composition and ablations. Add independent runs and a no-sharing control.,demo_learning_07,,,
6543312765845eed,agents study s15 approach 0,Combining Synthetic agents planning scenario 3 with resource-limited collaboration changes performance. Test with matched initial states.,Controlled graph benchmark and matched trials. Add independent runs and a no-sharing control.,demo_agents_03,,,
65d70a630c6d8eb1,agents study s18 approach 1,Combining Synthetic agents planning scenario 7 with resource-limited collaboration changes performance. Test with matched initial states.,Cross-domain transfer with randomized team composition and ablations. Add independent runs and a no-sharing control.,demo_agents_07,,,
6635f578afa8e219,learning study s16 approach 0,Combining Synthetic learning exploration scenario 3 with resource-limited collaboration changes performance. Test with matched initial states.,Controlled graph benchmark and matched trials. Add independent runs and a no-sharing control.,demo_learning_03,,,
66432782f73d4c38,science study s08 approach 0,Combining Synthetic science hypothesis generation scenario 0 with resource-limited collaboration changes performance. Test with matched initial states.,Controlled graph benchmark and matched trials. Add independent runs and a no-sharing control.,demo_science_00,,,
666d02a6524c1f15,science study s08 approach 0,Combining Synthetic science hypothesis generation scenario 0 with resource-limited collaboration changes performance. Test with matched initial states.,Controlled graph benchmark and matched trials. Add independent runs and a no-sharing control.,demo_science_00,,,
667bb310803d7116,science study s17 approach 0,Combining Synthetic science hypothesis generation scenario 0 with resource-limited collaboration changes performance.,Controlled graph benchmark and matched trials.,demo_science_00,,,
669e0e0997be0fee,learning study s19 approach 1,Combining Synthetic learning exploration scenario 7 with resource-limited collaboration changes performance. Test with matched initial states.,Cross-domain transfer with randomized team composition and ablations. Add independent runs and a no-sharing control.,demo_learning_07,,,
66bf2550b52ccbc9,science study s11 approach 1,Combining Synthetic science paper retrieval scenario 1 with resource-limited collaboration changes performance.,Cross-domain transfer with randomized team composition and ablations.,demo_science_01,,,
66e46dc20fa18085,learning study s16 approach 0,Combining Synthetic learning exploration scenario 3 with resource-limited collaboration changes performance. Test with matched initial states.,Controlled graph benchmark and matched trials. Add independent runs and a no-sharing control.,demo_learning_03,,,
67493fecef558ec3,agents study s12 approach 1,Combining Synthetic agents planning scenario 7 with resource-limited collaboration changes performance.,Cross-domain transfer with randomized team composition and ablations.,demo_agents_07,,,
67bd1e7d66a056c5,agents study s12 approach 0,Combining Synthetic agents planning scenario 3 with resource-limited collaboration changes performance. Test with matched initial states.,Controlled graph benchmark and matched trials. Add independent runs and a no-sharing control.,demo_agents_03,,,
6805cdb3944245a4,learning study s07 approach 1,Combining Synthetic learning exploration scenario 7 with resource-limited collaboration changes performance. Test with matched initial states.,Cross-domain transfer with randomized team composition and ablations. Add independent runs and a no-sharing control.,demo_learning_07,,,
683c8d95201efb3d,agents study s03 approach 0,Combining Synthetic agents planning scenario 3 with resource-limited collaboration changes performance.,Controlled graph benchmark and matched trials.,demo_agents_03,,,
690cf4a942ea9ae8,learning study s04 approach 1,Combining Synthetic learning exploration scenario 7 with resource-limited collaboration changes performance.,Cross-domain transfer with randomized team composition and ablations.,demo_learning_07,,,
6920e01ca891d9e2,learning study s13 approach 1,Combining Synthetic learning exploration scenario 7 with resource-limited collaboration changes performance.,Cross-domain transfer with randomized team composition and ablations.,demo_learning_07,,,
693c52bca996821a,science study s17 approach 0,Combining Synthetic science hypothesis generation scenario 0 with resource-limited collaboration changes performance. Test with matched initial states.,Controlled graph benchmark and matched trials. Add independent runs and a no-sharing control.,demo_science_00,,,
6948198e2b9a2bc8,learning study s04 approach 0,Combining Synthetic learning exploration scenario 3 with resource-limited collaboration changes performance. Test with matched initial states.,Controlled graph benchmark and matched trials. Add independent runs and a no-sharing control.,demo_learning_03,,,
699fa4e079f9ccfd,learning study s13 approach 1,Combining Synthetic learning exploration scenario 7 with resource-limited collaboration changes performance.,Cross-domain transfer with randomized team composition and ablations.,demo_learning_07,,,
69ac204fec48f515,science study s08 approach 1,Combining Synthetic science paper retrieval scenario 1 with resource-limited collaboration changes performance.,Cross-domain transfer with randomized team composition and ablations.,demo_science_01,,,
69b23446da2f3130,agents study s12 approach 0,Combining Synthetic agents planning scenario 3 with resource-limited collaboration changes performance. Test with matched initial states.,Controlled graph benchmark and matched trials. Add independent runs and a no-sharing control.,demo_agents_03,,,
69e38b4082576f1c,learning study s19 approach 0,Combining Synthetic learning exploration scenario 3 with resource-limited collaboration changes performance.,Controlled graph benchmark and matched trials.,demo_learning_03,,,
69e3c407cb00a6a7,agents study s03 approach 1,Combining Synthetic agents planning scenario 7 with resource-limited collaboration changes performance. Test with matched initial states.,Cross-domain transfer with randomized team composition and ablations. Add independent runs and a no-sharing control.,demo_agents_07,,,
6a26fad2d78be58b,science study s17 approach 1,Combining Synthetic science paper retrieval scenario 1 with resource-limited collaboration changes performance.,Cross-domain transfer with randomized team composition and ablations.,demo_science_01,,,
6a2d34b51241778a,science study s14 approach 1,Combining Synthetic science paper retrieval scenario 1 with resource-limited collaboration changes performance. Test with matched initial states.,Cross-domain transfer with randomized team composition and ablations. Add independent runs and a no-sharing control.,demo_science_01,,,
6a4261fb390067f0,learning study s19 approach 0,Combining Synthetic learning exploration scenario 3 with resource-limited collaboration changes performance.,Controlled graph benchmark and matched trials.,demo_learning_03,,,
6a5ed5a65260e29f,agents study s18 approach 0,Combining Synthetic agents planning scenario 3 with resource-limited collaboration changes performance. Test with matched initial states.,Controlled graph benchmark and matched trials. Add independent runs and a no-sharing control.,demo_agents_03,,,
6a62a994b99b0cb0,science study s05 approach 1,Combining Synthetic science paper retrieval scenario 1 with resource-limited collaboration changes performance. Test with matched initial states.,Cross-domain transfer with randomized team composition and ablations. Add independent runs and a no-sharing control.,demo_science_01,,,
6a759c186dc7f392,learning study s07 approach 1,Combining Synthetic learning exploration scenario 7 with resource-limited collaboration changes performance. Test with matched initial states.,Cross-domain transfer with randomized team composition and ablations. Add independent runs and a no-sharing control.,demo_learning_07,,,
6abe587661c083cd,learning study s01 approach 1,Combining Synthetic learning exploration scenario 7 with resource-limited collaboration changes performance. Test with matched initial states.,Cross-domain transfer with randomized team composition and ablations. Add independent runs and a no-sharing control.,demo_learning_07,,,
6af8807216e997d9,science study s11 approach 0,Combining Synthetic science hypothesis generation scenario 0 with resource-limited collaboration changes performance.,Controlled graph benchmark and matched trials.,demo_science_00,,,
6b5049f69817d0b6,learning study s16 approach 1,Combining Synthetic learning exploration scenario 7 with resource-limited collaboration changes performance. Test with matched initial states.,Cross-domain transfer with randomized team composition and ablations. Add independent runs and a no-sharing control.,demo_learning_07,,,
6b6f5bd04ea0df5c,science study s05 approach 1,Combining Synthetic science paper retrieval scenario 1 with resource-limited collaboration changes performance.,Cross-domain transfer with randomized team composition and ablations.,demo_science_01,,,
6bfb14da75ad2073,learning study s19 approach 0,Combining Synthetic learning exploration scenario 3 with resource-limited collaboration changes performance. Test with matched initial states.,Controlled graph benchmark and matched trials. Add independent runs and a no-sharing control.,demo_learning_03,,,
6c39179d710d4e48,agents study s18 approach 1,Combining Synthetic agents planning scenario 7 with resource-limited collaboration changes performance.,Cross-domain transfer with randomized team composition and ablations.,demo_agents_07,,,
6c492fd024c39188,agents study s18 approach 1,Combining Synthetic agents planning scenario 7 with resource-limited collaboration changes performance.,Cross-domain transfer with randomized team composition and ablations.,demo_agents_07,,,
6c905ead4f476bc6,agents study s12 approach 1,Combining Synthetic agents planning scenario 7 with resource-limited collaboration changes performance.,Cross-domain transfer with randomized team composition and ablations.,demo_agents_07,,,
6cd1a30b88369a89,science study s14 approach 0,Combining Synthetic science hypothesis generation scenario 0 with resource-limited collaboration changes performance.,Controlled graph benchmark and matched trials.,demo_science_00,,,
6d0a3145739173d3,agents study s12 approach 0,Combining Synthetic agents planning scenario 3 with resource-limited collaboration changes performance. Test with matched initial states.,Controlled graph benchmark and matched trials. Add independent runs and a no-sharing control.,demo_agents_03,,,
6d4b92c9aeed2a18,learning study s13 approach 0,Combining Synthetic learning exploration scenario 3 with resource-limited collaboration changes performance.,Controlled graph benchmark and matched trials.,demo_learning_03,,,
6d621f2640d517b5,agents study s03 approach 0,Combining Synthetic agents planning scenario 3 with resource-limited collaboration changes performance. Test with matched initial states.,Controlled graph benchmark and matched trials. Add independent runs and a no-sharing control.,demo_agents_03,,,
6d74a4bc9e5abed3,agents study s00 approach 1,Combining Synthetic agents planning scenario 7 with resource-limited collaboration changes performance. Test with matched initial states.,Cross-domain transfer with randomized team composition and ablations. Add independent runs and a no-sharing control.,demo_agents_07,,,
6d8cf5c88e44b42b,agents study s12 approach 0,Combining Synthetic agents planning scenario 3 with resource-limited collaboration changes performance. Test with matched initial states.,Controlled graph benchmark and matched trials. Add independent runs and a no-sharing control.,demo_agents_03,,,
6db39531596fcb27,learning study s07 approach 0,Combining Synthetic learning exploration scenario 3 with resource-limited collaboration changes performance. Test with matched initial states.,Controlled graph benchmark and matched trials. Add independent runs and a no-sharing control.,demo_learning_03,,,
6dcf2c5cb870cfcc,agents study s15 approach 0,Combining Synthetic agents planning scenario 3 with resource-limited collaboration changes performance. Test with matched initial states.,Controlled graph benchmark and matched trials. Add independent runs and a no-sharing control.,demo_agents_03,,,
6e20bd702e18ebca,learning study s10 approach 1,Combining Synthetic learning exploration scenario 7 with resource-limited collaboration changes performance. Test with matched initial states.,Cross-domain transfer with randomized team composition and ablations. Add independent runs and a no-sharing control.,demo_learning_07,,,
6e2ed4a53c21b325,agents study s15 approach 1,Combining Synthetic agents planning scenario 7 with resource-limited collaboration changes performance.,Cross-domain transfer with randomized team composition and ablations.,demo_agents_07,,,
6e37fcbb92e24f60,science study s17 approach 0,Combining Synthetic science hypothesis generation scenario 0 with resource-limited collaboration changes performance. Test with matched initial states.,Controlled graph benchmark and matched trials. Add independent runs and a no-sharing control.,demo_science_00,,,
6e9589f0ccf5f92b,learning study s10 approach 0,Combining Synthetic learning exploration scenario 3 with resource-limited collaboration changes performance. Test with matched initial states.,Controlled graph benchmark and matched trials. Add independent runs and a no-sharing control.,demo_learning_03,,,
6ec010cb67ff8f99,agents study s18 approach 1,Combining Synthetic agents planning scenario 7 with resource-limited collaboration changes performance.,Cross-domain transfer with randomized team composition and ablations.,demo_agents_07,,,
6f23c9e6ad1e52ca,learning study s10 approach 0,Combining Synthetic learning exploration scenario 3 with resource-limited collaboration changes performance. Test with matched initial states.,Controlled graph benchmark and matched trials. Add independent runs and a no-sharing control.,demo_learning_03,,,
6fa5080686160170,agents study s00 approach 0,Combining Synthetic agents planning scenario 3 with resource-limited collaboration changes performance.,Controlled graph benchmark and matched trials.,demo_agents_03,,,
6fcaa29a6377cbd8,agents study s03 approach 0,Combining Synthetic agents planning scenario 3 with resource-limited collaboration changes performance. Test with matched initial states.,Controlled graph benchmark and matched trials. Add independent runs and a no-sharing control.,demo_agents_03,,,
6fe31f1a7f7f98c6,learning study s01 approach 0,Combining Synthetic learning exploration scenario 3 with resource-limited collaboration changes performance. Test with matched initial states.,Controlled graph benchmark and matched trials. Add independent runs and a no-sharing control.,demo_learning_03,,,
70497e376af030c2,agents study s03 approach 1,Combining Synthetic agents planning scenario 7 with resource-limited collaboration changes performance.,Cross-domain transfer with randomized team composition and ablations.,demo_agents_07,,,
70a09fd06a216970,science study s11 approach 0,Combining Synthetic science hypothesis generation scenario 0 with resource-limited collaboration changes performance. Test with matched initial states.,Controlled graph benchmark and matched trials. Add independent runs and a no-sharing control.,demo_science_00,,,
70bf6dee960bf381,learning study s16 approach 1,Combining Synthetic learning exploration scenario 7 with resource-limited collaboration changes performance.,Cross-domain transfer with randomized team composition and ablations.,demo_learning_07,,,
70ca4b9dd249c47b,agents study s06 approach 0,Combining Synthetic agents planning scenario 3 with resource-limited collaboration changes performance. Test with matched initial states.,Controlled graph benchmark and matched trials. Add independent runs and a no-sharing control.,demo_agents_03,,,
70f1b786b22d85ee,agents study s12 approach 0,Combining Synthetic agents planning scenario 3 with resource-limited collaboration changes performance. Test with matched initial states.,Controlled graph benchmark and matched trials. Add independent runs and a no-sharing control.,demo_agents_03,,,
7146b48f89c788af,agents study s03 approach 1,Combining Synthetic agents planning scenario 7 with resource-limited collaboration changes performance. Test with matched initial states.,Cross-domain transfer with randomized team composition and ablations. Add independent runs and a no-sharing control.,demo_agents_07,,,
71b07a1c79158ac9,agents study s18 approach 1,Combining Synthetic agents planning scenario 7 with resource-limited collaboration changes performance.,Cross-domain transfer with randomized team composition and ablations.,demo_agents_07,,,
71d79226636dda85,science study s02 approach 1,Combining Synthetic science paper retrieval scenario 1 with resource-limited collaboration changes performance.,Cross-domain transfer with randomized team composition and ablations.,demo_science_01,,,
71e3974b4a5be1f9,learning study s13 approach 1,Combining Synthetic learning exploration scenario 7 with resource-limited collaboration changes performance.,Cross-domain transfer with randomized team composition and ablations.,demo_learning_07,,,
7243a264cdc3ab94,science study s17 approach 0,Combining Synthetic science hypothesis generation scenario 0 with resource-limited collaboration changes performance. Test with matched initial states.,Controlled graph benchmark and matched trials. Add independent runs and a no-sharing control.,demo_science_00,,,
72f48803878a8c01,agents study s09 approach 0,Combining Synthetic agents planning scenario 3 with resource-limited collaboration changes performance. Test with matched initial states.,Controlled graph benchmark and matched trials. Add independent runs and a no-sharing control.,demo_agents_03,,,
7315b7802db44e51,learning study s01 approach 1,Combining Synthetic learning exploration scenario 7 with resource-limited collaboration changes performance. Test with matched initial states.,Cross-domain transfer with randomized team composition and ablations. Add independent runs and a no-sharing control.,demo_learning_07,,,
738576184da5679b,learning study s07 approach 0,Combining Synthetic learning exploration scenario 3 with resource-limited collaboration changes performance. Test with matched initial states.,Controlled graph benchmark and matched trials. Add independent runs and a no-sharing control.,demo_learning_03,,,
73964b2a4b8cc600,learning study s04 approach 1,Combining Synthetic learning exploration scenario 7 with resource-limited collaboration changes performance. Test with matched initial states.,Cross-domain transfer with randomized team composition and ablations. Add independent runs and a no-sharing control.,demo_learning_07,,,
73b887ab63988c35,science study s08 approach 1,Combining Synthetic science paper retrieval scenario 1 with resource-limited collaboration changes performance. Test with matched initial states.,Cross-domain transfer with randomized team composition and ablations. Add independent runs and a no-sharing control.,demo_science_01,,,
73fbc485288c5216,agents study s00 approach 1,Combining Synthetic agents planning scenario 7 with resource-limited collaboration changes performance. Test with matched initial states.,Cross-domain transfer with randomized team composition and ablations. Add independent runs and a no-sharing control.,demo_agents_07,,,
740c5633fcf387b5,agents study s12 approach 1,Combining Synthetic agents planning scenario 7 with resource-limited collaboration changes performance. Test with matched initial states.,Cross-domain transfer with randomized team composition and ablations. Add independent runs and a no-sharing control.,demo_agents_07,,,
742ebd06b91cd15b,science study s14 approach 1,Combining Synthetic science paper retrieval scenario 1 with resource-limited collaboration changes performance. Test with matched initial states.,Cross-domain transfer with randomized team composition and ablations. Add independent runs and a no-sharing control.,demo_science_01,,,
744c01bc34a161e8,learning study s13 approach 1,Combining Synthetic learning exploration scenario 7 with resource-limited collaboration changes performance.,Cross-domain transfer with randomized team composition and ablations.,demo_learning_07,,,
7497b66229a8ec38,agents study s03 approach 0,Combining Synthetic agents planning scenario 3 with resource-limited collaboration changes performance.,Controlled graph benchmark and matched trials.,demo_agents_03,,,
74f94521c2728085,science study s17 approach 1,Combining Synthetic science paper retrieval scenario 1 with resource-limited collaboration changes performance.,Cross-domain transfer with randomized team composition and ablations.,demo_science_01,,,
7512d0cc8e3d5e02,learning study s16 approach 0,Combining Synthetic learning exploration scenario 3 with resource-limited collaboration changes performance.,Controlled graph benchmark and matched trials.,demo_learning_03,,,
75161e611a25d5d1,agents study s00 approach 0,Combining Synthetic agents planning scenario 3 with resource-limited collaboration changes performance.,Controlled graph benchmark and matched trials.,demo_agents_03,,,
751ff5c813e654b0,learning study s07 approach 1,Combining Synthetic learning exploration scenario 7 with resource-limited collaboration changes performance. Test with matched initial states.,Cross-domain transfer with randomized team composition and ablations. Add independent runs and a no-sharing control.,demo_learning_07,,,
7567f77a7fa4fd44,science study s17 approach 0,Combining Synthetic science hypothesis generation scenario 0 with resource-limited collaboration changes performance. Test with matched initial states.,Controlled graph benchmark and matched trials. Add independent runs and a no-sharing control.,demo_science_00,,,
757b53a14a6786ae,learning study s13 approach 1,Combining Synthetic learning exploration scenario 7 with resource-limited collaboration changes performance.,Cross-domain transfer with randomized team composition and ablations.,demo_learning_07,,,
75fc1f37378d797a,agents study s12 approach 1,Combining Synthetic agents planning scenario 7 with resource-limited collaboration changes performance.,Cross-domain transfer with randomized team composition and ablations.,demo_agents_07,,,
76133b6fbf56f6f5,agents study s09 approach 0,Combining Synthetic agents planning scenario 3 with resource-limited collaboration changes performance. Test with matched initial states.,Controlled graph benchmark and matched trials. Add independent runs and a no-sharing control.,demo_agents_03,,,
765770560748ee54,agents study s12 approach 1,Combining Synthetic agents planning scenario 7 with resource-limited collaboration changes performance.,Cross-domain transfer with randomized team composition and ablations.,demo_agents_07,,,
76591475ff68bece,learning study s19 approach 1,Combining Synthetic learning exploration scenario 7 with resource-limited collaboration changes performance. Test with matched initial states.,Cross-domain transfer with randomized team composition and ablations. Add independent runs and a no-sharing control.,demo_learning_07,,,
76b67f0755d327cc,learning study s10 approach 1,Combining Synthetic learning exploration scenario 7 with resource-limited collaboration changes performance. Test with matched initial states.,Cross-domain transfer with randomized team composition and ablations. Add independent runs and a no-sharing control.,demo_learning_07,,,
76dcdcd0aa25b95f,agents study s15 approach 0,Combining Synthetic agents planning scenario 3 with resource-limited collaboration changes performance. Test with matched initial states.,Controlled graph benchmark and matched trials. Add independent runs and a no-sharing control.,demo_agents_03,,,
7718e5e5145d1be5,learning study s10 approach 1,Combining Synthetic learning exploration scenario 7 with resource-limited collaboration changes performance. Test with matched initial states.,Cross-domain transfer with randomized team composition and ablations. Add independent runs and a no-sharing control.,demo_learning_07,,,
772a21adfa5e8847,science study s11 approach 1,Combining Synthetic science paper retrieval scenario 1 with resource-limited collaboration changes performance.,Cross-domain transfer with randomized team composition and ablations.,demo_science_01,,,
77a38c5237953230,science study s02 approach 0,Combining Synthetic science hypothesis generation scenario 0 with resource-limited collaboration changes performance. Test with matched initial states.,Controlled graph benchmark and matched trials. Add independent runs and a no-sharing control.,demo_science_00,,,
77b6ed3249035709,science study s08 approach 0,Combining Synthetic science hypothesis generation scenario 0 with resource-limited collaboration changes performance. Test with matched initial states.,Controlled graph benchmark and matched trials. Add independent runs and a no-sharing control.,demo_science_00,,,
7828f5054ac3650e,agents study s03 approach 1,Combining Synthetic agents planning scenario 7 with resource-limited collaboration changes performance. Test with matched initial states.,Cross-domain transfer with randomized team composition and ablations. Add independent runs and a no-sharing control.,demo_agents_07,,,
78298e9d1061ac46,learning study s01 approach 0,Combining Synthetic learning exploration scenario 3 with resource-limited collaboration changes performance.,Controlled graph benchmark and matched trials.,demo_learning_03,,,
782ad2c2e6e395af,learning study s01 approach 1,Combining Synthetic learning exploration scenario 7 with resource-limited collaboration changes performance. Test with matched initial states.,Cross-domain transfer with randomized team composition and ablations. Add independent runs and a no-sharing control.,demo_learning_07,,,
783e56054f50a09a,science study s05 approach 0,Combining Synthetic science hypothesis generation scenario 0 with resource-limited collaboration changes performance. Test with matched initial states.,Controlled graph benchmark and matched trials. Add independent runs and a no-sharing control.,demo_science_00,,,
78c00aab268dc3cd,agents study s06 approach 1,Combining Synthetic agents planning scenario 7 with resource-limited collaboration changes performance.,Cross-domain transfer with randomized team composition and ablations.,demo_agents_07,,,
78cb875354249acc,science study s17 approach 1,Combining Synthetic science paper retrieval scenario 1 with resource-limited collaboration changes performance.,Cross-domain transfer with randomized team composition and ablations.,demo_science_01,,,
7920d893a9d901ae,agents study s00 approach 1,Combining Synthetic agents planning scenario 7 with resource-limited collaboration changes performance. Test with matched initial states.,Cross-domain transfer with randomized team composition and ablations. Add independent runs and a no-sharing control.,demo_agents_07,,,
79de1d398b5092d1,agents study s06 approach 0,Combining Synthetic agents planning scenario 3 with resource-limited collaboration changes performance. Test with matched initial states.,Controlled graph benchmark and matched trials. Add independent runs and a no-sharing control.,demo_agents_03,,,
79e62ce62781777d,science study s02 approach 1,Combining Synthetic science paper retrieval scenario 1 with resource-limited collaboration changes performance.,Cross-domain transfer with randomized team composition and ablations.,demo_science_01,,,
79e9757aa550a8c4,agents study s12 approach 0,Combining Synthetic agents planning scenario 3 with resource-limited collaboration changes performance.,Controlled graph benchmark and matched trials.,demo_agents_03,,,
79fe816316182be2,science study s08 approach 0,Combining Synthetic science hypothesis generation scenario 0 with resource-limited collaboration changes performance. Test with matched initial states.,Controlled graph benchmark and matched trials. Add independent runs and a no-sharing control.,demo_science_00,,,
7a49035bdcd0b1eb,agents study s03 approach 0,Combining Synthetic agents planning scenario 3 with resource-limited collaboration changes performance.,Controlled graph benchmark and matched trials.,demo_agents_03,,,
7a70c2b07a0023bb,science study s02 approach 1,Combining Synthetic science paper retrieval scenario 1 with resource-limited collaboration changes performance. Test with matched initial states.,Cross-domain transfer with randomized team composition and ablations. Add independent runs and a no-sharing control.,demo_science_01,,,
7a8321a3538e19e4,science study s11 approach 0,Combining Synthetic science hypothesis generation scenario 0 with resource-limited collaboration changes performance.,Controlled graph benchmark and matched trials.,demo_science_00,,,
7ab6267fdd7a12af,agents study s00 approach 1,Combining Synthetic agents planning scenario 7 with resource-limited collaboration changes performance. Test with matched initial states.,Cross-domain transfer with randomized team composition and ablations. Add independent runs and a no-sharing control.,demo_agents_07,,,
7ab9869915d595f9,agents study s18 approach 0,Combining Synthetic agents planning scenario 3 with resource-limited collaboration changes performance.,Controlled graph benchmark and matched trials.,demo_agents_03,,,
7ad8a4926371a885,learning study s19 approach 1,Combining Synthetic learning exploration scenario 7 with resource-limited collaboration changes performance. Test with matched initial states.,Cross-domain transfer with randomized team composition and ablations. Add independent runs and a no-sharing control.,demo_learning_07,,,
7b20b92297f4dd60,learning study s10 approach 1,Combining Synthetic learning exploration scenario 7 with resource-limited collaboration changes performance.,Cross-domain transfer with randomized team composition and ablations.,demo_learning_07,,,
7b2969a695f50adc,learning study s13 approach 0,Combining Synthetic learning exploration scenario 3 with resource-limited collaboration changes performance.,Controlled graph benchmark and matched trials.,demo_learning_03,,,
7b3a53eefbf70e8c,agents study s18 approach 1,Combining Synthetic agents planning scenario 7 with resource-limited collaboration changes performance.,Cross-domain transfer with randomized team composition and ablations.,demo_agents_07,,,
7bc7789f83b59d7d,learning study s13 approach 0,Combining Synthetic learning exploration scenario 3 with resource-limited collaboration changes performance.,Controlled graph benchmark and matched trials.,demo_learning_03,,,
7bd0294ac554e750,learning study s13 approach 0,Combining Synthetic learning exploration scenario 3 with resource-limited collaboration changes performance. Test with matched initial states.,Controlled graph benchmark and matched trials. Add independent runs and a no-sharing control.,demo_learning_03,,,
7c403e46dfc890b8,agents study s18 approach 1,Combining Synthetic agents planning scenario 7 with resource-limited collaboration changes performance. Test with matched initial states.,Cross-domain transfer with randomized team composition and ablations. Add independent runs and a no-sharing control.,demo_agents_07,,,
7c5e3c2d4ab49b97,science study s05 approach 0,Combining Synthetic science hypothesis generation scenario 0 with resource-limited collaboration changes performance. Test with matched initial states.,Controlled graph benchmark and matched trials. Add independent runs and a no-sharing control.,demo_science_00,,,
7c62c8c7ea0f4e78,science study s17 approach 1,Combining Synthetic science paper retrieval scenario 1 with resource-limited collaboration changes performance. Test with matched initial states.,Cross-domain transfer with randomized team composition and ablations. Add independent runs and a no-sharing control.,demo_science_01,,,
7cfff493e06691cc,learning study s07 approach 0,Combining Synthetic learning exploration scenario 3 with resource-limited collaboration changes performance. Test with matched initial states.,Controlled graph benchmark and matched trials. Add independent runs and a no-sharing control.,demo_learning_03,,,
7d41ee84514d34a1,learning study s07 approach 0,Combining Synthetic learning exploration scenario 3 with resource-limited collaboration changes performance. Test with matched initial states.,Controlled graph benchmark and matched trials. Add independent runs and a no-sharing control.,demo_learning_03,,,
7d4dcacc95a105b8,agents study s03 approach 1,Combining Synthetic agents planning scenario 7 with resource-limited collaboration changes performance.,Cross-domain transfer with randomized team composition and ablations.,demo_agents_07,,,
7d512f0adca8370b,science study s02 approach 1,Combining Synthetic science paper retrieval scenario 1 with resource-limited collaboration changes performance. Test with matched initial states.,Cross-domain transfer with randomized team composition and ablations. Add independent runs and a no-sharing control.,demo_science_01,,,
7d7b23712807261d,learning study s04 approach 1,Combining Synthetic learning exploration scenario 7 with resource-limited collaboration changes performance.,Cross-domain transfer with randomized team composition and ablations.,demo_learning_07,,,
7db5081616705e70,science study s14 approach 0,Combining Synthetic science hypothesis generation scenario 0 with resource-limited collaboration changes performance.,Controlled graph benchmark and matched trials.,demo_science_00,,,
7e11509f281ece9e,learning study s01 approach 0,Combining Synthetic learning exploration scenario 3 with resource-limited collaboration changes performance. Test with matched initial states.,Controlled graph benchmark and matched trials. Add independent runs and a no-sharing control.,demo_learning_03,,,
7e22185b8a308981,science study s08 approach 1,Combining Synthetic science paper retrieval scenario 1 with resource-limited collaboration changes performance.,Cross-domain transfer with randomized team composition and ablations.,demo_science_01,,,
7e62880ff39e5aa6,agents study s09 approach 0,Combining Synthetic agents planning scenario 3 with resource-limited collaboration changes performance. Test with matched initial states.,Controlled graph benchmark and matched trials. Add independent runs and a no-sharing control.,demo_agents_03,,,
7e9e567f30f65665,science study s17 approach 0,Combining Synthetic science hypothesis generation scenario 0 with resource-limited collaboration changes performance.,Controlled graph benchmark and matched trials.,demo_science_00,,,
7ead8d53859686fb,science study s14 approach 0,Combining Synthetic science hypothesis generation scenario 0 with resource-limited collaboration changes performance.,Controlled graph benchmark and matched trials.,demo_science_00,,,
7ed980c70485701c,science study s05 approach 0,Combining Synthetic science hypothesis generation scenario 0 with resource-limited collaboration changes performance.,Controlled graph benchmark and matched trials.,demo_science_00,,,
7ef103d310997ccd,agents study s00 approach 1,Combining Synthetic agents planning scenario 7 with resource-limited collaboration changes performance. Test with matched initial states.,Cross-domain transfer with randomized team composition and ablations. Add independent runs and a no-sharing control.,demo_agents_07,,,
7f1551442059c289,science study s02 approach 0,Combining Synthetic science hypothesis generation scenario 0 with resource-limited collaboration changes performance.,Controlled graph benchmark and matched trials.,demo_science_00,,,
7f240994db078729,science study s11 approach 1,Combining Synthetic science paper retrieval scenario 1 with resource-limited collaboration changes performance. Test with matched initial states.,Cross-domain transfer with randomized team composition and ablations. Add independent runs and a no-sharing control.,demo_science_01,,,
7f32359003a63762,science study s11 approach 1,Combining Synthetic science paper retrieval scenario 1 with resource-limited collaboration changes performance. Test with matched initial states.,Cross-domain transfer with randomized team composition and ablations. Add independent runs and a no-sharing control.,demo_science_01,,,
7f367f4e79be1026,learning study s01 approach 0,Combining Synthetic learning exploration scenario 3 with resource-limited collaboration changes performance. Test with matched initial states.,Controlled graph benchmark and matched trials. Add independent runs and a no-sharing control.,demo_learning_03,,,
7f52061a15e0d05e,science study s14 approach 1,Combining Synthetic science paper retrieval scenario 1 with resource-limited collaboration changes performance. Test with matched initial states.,Cross-domain transfer with randomized team composition and ablations. Add independent runs and a no-sharing control.,demo_science_01,,,
7fc7b933466e87e2,science study s02 approach 0,Combining Synthetic science hypothesis generation scenario 0 with resource-limited collaboration changes performance.,Controlled graph benchmark and matched trials.,demo_science_00,,,
7fc9aa6bc19f58ef,learning study s16 approach 1,Combining Synthetic learning exploration scenario 7 with resource-limited collaboration changes performance. Test with matched initial states.,Cross-domain transfer with randomized team composition and ablations. Add independent runs and a no-sharing control.,demo_learning_07,,,
7fcfb48d36d010f6,agents study s18 approach 0,Combining Synthetic agents planning scenario 3 with resource-limited collaboration changes performance.,Controlled graph benchmark and matched trials.,demo_agents_03,,,
7fd3bb05fdc336db,learning study s04 approach 1,Combining Synthetic learning exploration scenario 7 with resource-limited collaboration changes performance.,Cross-domain transfer with randomized team composition and ablations.,demo_learning_07,,,
7fe96be1d0e4e92e,learning study s10 approach 1,Combining Synthetic learning exploration scenario 7 with resource-limited collaboration changes performance. Test with matched initial states.,Cross-domain transfer with randomized team composition and ablations. Add independent runs and a no-sharing control.,demo_learning_07,,,
801ceb0637b8ed17,learning study s04 approach 1,Combining Synthetic learning exploration scenario 7 with resource-limited collaboration changes performance. Test with matched initial states.,Cross-domain transfer with randomized team composition and ablations. Add independent runs and a no-sharing control.,demo_learning_07,,,
8030d11299da7426,agents study s00 approach 1,Combining Synthetic agents planning scenario 7 with resource-limited collaboration changes performance.,Cross-domain transfer with randomized team composition and ablations.,demo_agents_07,,,
80f8726e8a03671e,learning study s07 approach 0,Combining Synthetic learning exploration scenario 3 with resource-limited collaboration changes performance.,Controlled graph benchmark and matched trials.,demo_learning_03,,,
8149f8c9a34da096,agents study s09 approach 1,Combining Synthetic agents planning scenario 7 with resource-limited collaboration changes performance. Test with matched initial states.,Cross-domain transfer with randomized team composition and ablations. Add independent runs and a no-sharing control.,demo_agents_07,,,
8157dc3e22cd6af4,agents study s18 approach 1,Combining Synthetic agents planning scenario 7 with resource-limited collaboration changes performance. Test with matched initial states.,Cross-domain transfer with randomized team composition and ablations. Add independent runs and a no-sharing control.,demo_agents_07,,,
81d98c8734480c07,learning study s07 approach 0,Combining Synthetic learning exploration scenario 3 with resource-limited collaboration changes performance. Test with matched initial states.,Controlled graph benchmark and matched trials. Add independent runs and a no-sharing control.,demo_learning_03,,,
821268ad813b6850,agents study s12 approach 0,Combining Synthetic agents planning scenario 3 with resource-limited collaboration changes performance. Test with matched initial states.,Controlled graph benchmark and matched trials. Add independent runs and a no-sharing control.,demo_agents_03,,,
82b7020e445de0b7,agents study s06 approach 1,Combining Synthetic agents planning scenario 7 with resource-limited collaboration changes performance.,Cross-domain transfer with randomized team composition and ablations.,demo_agents_07,,,
82fbf1b64b86bce8,learning study s01 approach 1,Combining Synthetic learning exploration scenario 7 with resource-limited collaboration changes performance.,Cross-domain transfer with randomized team composition and ablations.,demo_learning_07,,,
83708ca131c44fbe,science study s11 approach 1,Combining Synthetic science paper retrieval scenario 1 with resource-limited collaboration changes performance.,Cross-domain transfer with randomized team composition and ablations.,demo_science_01,,,
83b313a2afb9ea2b,agents study s06 approach 0,Combining Synthetic agents planning scenario 3 with resource-limited collaboration changes performance.,Controlled graph benchmark and matched trials.,demo_agents_03,,,
83c8d6a5fa9907ee,science study s14 approach 1,Combining Synthetic science paper retrieval scenario 1 with resource-limited collaboration changes performance. Test with matched initial states.,Cross-domain transfer with randomized team composition and ablations. Add independent runs and a no-sharing control.,demo_science_01,,,
8413beac849b2e1b,learning study s16 approach 1,Combining Synthetic learning exploration scenario 7 with resource-limited collaboration changes performance. Test with matched initial states.,Cross-domain transfer with randomized team composition and ablations. Add independent runs and a no-sharing control.,demo_learning_07,,,
848537694ccd875e,learning study s19 approach 0,Combining Synthetic learning exploration scenario 3 with resource-limited collaboration changes performance.,Controlled graph benchmark and matched trials.,demo_learning_03,,,
849f0987e486ee96,learning study s16 approach 0,Combining Synthetic learning exploration scenario 3 with resource-limited collaboration changes performance.,Controlled graph benchmark and matched trials.,demo_learning_03,,,
84cde83bab3ae6fa,learning study s19 approach 0,Combining Synthetic learning exploration scenario 3 with resource-limited collaboration changes performance.,Controlled graph benchmark and matched trials.,demo_learning_03,,,
84d09a37902574bd,learning study s01 approach 1,Combining Synthetic learning exploration scenario 7 with resource-limited collaboration changes performance. Test with matched initial states.,Cross-domain transfer with randomized team composition and ablations. Add independent runs and a no-sharing control.,demo_learning_07,,,
84f29f965b294198,learning study s19 approach 1,Combining Synthetic learning exploration scenario 7 with resource-limited collaboration changes performance. Test with matched initial states.,Cross-domain transfer with randomized team composition and ablations. Add independent runs and a no-sharing control.,demo_learning_07,,,
85521011d41ddda8,agents study s09 approach 0,Combining Synthetic agents planning scenario 3 with resource-limited collaboration changes performance. Test with matched initial states.,Controlled graph benchmark and matched trials. Add independent runs and a no-sharing control.,demo_agents_03,,,
858c5568e6976fc6,agents study s09 approach 0,Combining Synthetic agents planning scenario 3 with resource-limited collaboration changes performance. Test with matched initial states.,Controlled graph benchmark and matched trials. Add independent runs and a no-sharing control.,demo_agents_03,,,
85bdafa2cb881845,science study s05 approach 0,Combining Synthetic science hypothesis generation scenario 0 with resource-limited collaboration changes performance. Test with matched initial states.,Controlled graph benchmark and matched trials. Add independent runs and a no-sharing control.,demo_science_00,,,
85eab018040a7904,learning study s04 approach 0,Combining Synthetic learning exploration scenario 3 with resource-limited collaboration changes performance.,Controlled graph benchmark and matched trials.,demo_learning_03,,,
865d3cbc5e898988,science study s14 approach 1,Combining Synthetic science paper retrieval scenario 1 with resource-limited collaboration changes performance. Test with matched initial states.,Cross-domain transfer with randomized team composition and ablations. Add independent runs and a no-sharing control.,demo_science_01,,,
86638c1aed12a0a8,science study s05 approach 1,Combining Synthetic science paper retrieval scenario 1 with resource-limited collaboration changes performance. Test with matched initial states.,Cross-domain transfer with randomized team composition and ablations. Add independent runs and a no-sharing control.,demo_science_01,,,
86bddcd463f3bb12,learning study s19 approach 1,Combining Synthetic learning exploration scenario 7 with resource-limited collaboration changes performance. Test with matched initial states.,Cross-domain transfer with randomized team composition and ablations. Add independent runs and a no-sharing control.,demo_learning_07,,,
874424e0caefe506,learning study s13 approach 1,Combining Synthetic learning exploration scenario 7 with resource-limited collaboration changes performance. Test with matched initial states.,Cross-domain transfer with randomized team composition and ablations. Add independent runs and a no-sharing control.,demo_learning_07,,,
87ad59e531e03efb,learning study s16 approach 0,Combining Synthetic learning exploration scenario 3 with resource-limited collaboration changes performance.,Controlled graph benchmark and matched trials.,demo_learning_03,,,
87cb07b1ecee52a9,science study s02 approach 0,Combining Synthetic science hypothesis generation scenario 0 with resource-limited collaboration changes performance. Test with matched initial states.,Controlled graph benchmark and matched trials. Add independent runs and a no-sharing control.,demo_science_00,,,
87f42bf1845c7322,learning study s16 approach 0,Combining Synthetic learning exploration scenario 3 with resource-limited collaboration changes performance.,Controlled graph benchmark and matched trials.,demo_learning_03,,,
87f78c8321416777,science study s17 approach 0,Combining Synthetic science hypothesis generation scenario 0 with resource-limited collaboration changes performance. Test with matched initial states.,Controlled graph benchmark and matched trials. Add independent runs and a no-sharing control.,demo_science_00,,,
8840a84fa5dc5658,science study s02 approach 1,Combining Synthetic science paper retrieval scenario 1 with resource-limited collaboration changes performance. Test with matched initial states.,Cross-domain transfer with randomized team composition and ablations. Add independent runs and a no-sharing control.,demo_science_01,,,
88b84e8d830fe852,agents study s00 approach 0,Combining Synthetic agents planning scenario 3 with resource-limited collaboration changes performance.,Controlled graph benchmark and matched trials.,demo_agents_03,,,
892ede1799faa940,agents study s18 approach 1,Combining Synthetic agents planning scenario 7 with resource-limited collaboration changes performance. Test with matched initial states.,Cross-domain transfer with randomized team composition and ablations. Add independent runs and a no-sharing control.,demo_agents_07,,,
8968bbfe99eda0f7,learning study s10 approach 0,Combining Synthetic learning exploration scenario 3 with resource-limited collaboration changes performance. Test with matched initial states.,Controlled graph benchmark and matched trials. Add independent runs and a no-sharing control.,demo_learning_03,,,
898ccaebe8c19805,learning study s04 approach 1,Combining Synthetic learning exploration scenario 7 with resource-limited collaboration changes performance.,Cross-domain transfer with randomized team composition and ablations.,demo_learning_07,,,
89990cd46684e4da,learning study s13 approach 0,Combining Synthetic learning exploration scenario 3 with resource-limited collaboration changes performance.,Controlled graph benchmark and matched trials.,demo_learning_03,,,
89c39149ca64e600,science study s02 approach 1,Combining Synthetic science paper retrieval scenario 1 with resource-limited collaboration changes performance. Test with matched initial states.,Cross-domain transfer with randomized team composition and ablations. Add independent runs and a no-sharing control.,demo_science_01,,,
89c71a79d9805dd1,agents study s12 approach 0,Combining Synthetic agents planning scenario 3 with resource-limited collaboration changes performance.,Controlled graph benchmark and matched trials.,demo_agents_03,,,
8a4325b20c96929a,learning study s04 approach 1,Combining Synthetic learning exploration scenario 7 with resource-limited collaboration changes performance.,Cross-domain transfer with randomized team composition and ablations.,demo_learning_07,,,
8a5fc4176b5c1cc1,science study s14 approach 0,Combining Synthetic science hypothesis generation scenario 0 with resource-limited collaboration changes performance.,Controlled graph benchmark and matched trials.,demo_science_00,,,
8a94b5796264efdf,science study s14 approach 0,Combining Synthetic science hypothesis generation scenario 0 with resource-limited collaboration changes performance. Test with matched initial states.,Controlled graph benchmark and matched trials. Add independent runs and a no-sharing control.,demo_science_00,,,
8b0658df478fa0fa,learning study s07 approach 1,Combining Synthetic learning exploration scenario 7 with resource-limited collaboration changes performance.,Cross-domain transfer with randomized team composition and ablations.,demo_learning_07,,,
8b57195b206461bf,learning study s10 approach 1,Combining Synthetic learning exploration scenario 7 with resource-limited collaboration changes performance.,Cross-domain transfer with randomized team composition and ablations.,demo_learning_07,,,
8bc2aae7453a4af2,science study s05 approach 1,Combining Synthetic science paper retrieval scenario 1 with resource-limited collaboration changes performance. Test with matched initial states.,Cross-domain transfer with randomized team composition and ablations. Add independent runs and a no-sharing control.,demo_science_01,,,
8c4e8afe4c5c25e3,science study s08 approach 1,Combining Synthetic science paper retrieval scenario 1 with resource-limited collaboration changes performance. Test with matched initial states.,Cross-domain transfer with randomized team composition and ablations. Add independent runs and a no-sharing control.,demo_science_01,,,
8c5d490655869057,agents study s06 approach 1,Combining Synthetic agents planning scenario 7 with resource-limited collaboration changes performance. Test with matched initial states.,Cross-domain transfer with randomized team composition and ablations. Add independent runs and a no-sharing control.,demo_agents_07,,,
8cf8cba23e6cb944,learning study s16 approach 1,Combining Synthetic learning exploration scenario 7 with resource-limited collaboration changes performance. Test with matched initial states.,Cross-domain transfer with randomized team composition and ablations. Add independent runs and a no-sharing control.,demo_learning_07,,,
8d6d73dcde9c5794,learning study s19 approach 0,Combining Synthetic learning exploration scenario 3 with resource-limited collaboration changes performance. Test with matched initial states.,Controlled graph benchmark and matched trials. Add independent runs and a no-sharing control.,demo_learning_03,,,
8d7053dd0063021e,learning study s16 approach 1,Combining Synthetic learning exploration scenario 7 with resource-limited collaboration changes performance. Test with matched initial states.,Cross-domain transfer with randomized team composition and ablations. Add independent runs and a no-sharing control.,demo_learning_07,,,
8d77d8e2f5a3335b,science study s14 approach 1,Combining Synthetic science paper retrieval scenario 1 with resource-limited collaboration changes performance. Test with matched initial states.,Cross-domain transfer with randomized team composition and ablations. Add independent runs and a no-sharing control.,demo_science_01,,,
8d92bdb7aa2fce03,learning study s04 approach 1,Combining Synthetic learning exploration scenario 7 with resource-limited collaboration changes performance.,Cross-domain transfer with randomized team composition and ablations.,demo_learning_07,,,
8d99ada122e71cf4,agents study s06 approach 0,Combining Synthetic agents planning scenario 3 with resource-limited collaboration changes performance.,Controlled graph benchmark and matched trials.,demo_agents_03,,,
8da9a79db5fd652a,agents study s15 approach 0,Combining Synthetic agents planning scenario 3 with resource-limited collaboration changes performance.,Controlled graph benchmark and matched trials.,demo_agents_03,,,
8e0e40cdc35ffb65,learning study s01 approach 0,Combining Synthetic learning exploration scenario 3 with resource-limited collaboration changes performance.,Controlled graph benchmark and matched trials.,demo_learning_03,,,
8e4ce8f4adbf9caf,science study s14 approach 0,Combining Synthetic science hypothesis generation scenario 0 with resource-limited collaboration changes performance. Test with matched initial states.,Controlled graph benchmark and matched trials. Add independent runs and a no-sharing control.,demo_science_00,,,
8eabc11ccc672771,science study s17 approach 0,Combining Synthetic science hypothesis generation scenario 0 with resource-limited collaboration changes performance. Test with matched initial states.,Controlled graph benchmark and matched trials. Add independent runs and a no-sharing control.,demo_science_00,,,
8ecb949c11e08972,science study s02 approach 1,Combining Synthetic science paper retrieval scenario 1 with resource-limited collaboration changes performance.,Cross-domain transfer with randomized team composition and ablations.,demo_science_01,,,
8ee4d300e8e48b5e,learning study s07 approach 0,Combining Synthetic learning exploration scenario 3 with resource-limited collaboration changes performance. Test with matched initial states.,Controlled graph benchmark and matched trials. Add independent runs and a no-sharing control.,demo_learning_03,,,
8f26c07d0de68346,learning study s13 approach 1,Combining Synthetic learning exploration scenario 7 with resource-limited collaboration changes performance.,Cross-domain transfer with randomized team composition and ablations.,demo_learning_07,,,
8f339ff368053b46,agents study s06 approach 0,Combining Synthetic agents planning scenario 3 with resource-limited collaboration changes performance.,Controlled graph benchmark and matched trials.,demo_agents_03,,,
8f446e0cb357573c,science study s05 approach 1,Combining Synthetic science paper retrieval scenario 1 with resource-limited collaboration changes performance. Test with matched initial states.,Cross-domain transfer with randomized team composition and ablations. Add independent runs and a no-sharing control.,demo_science_01,,,
8f55dc82f22f8b64,learning study s04 approach 1,Combining Synthetic learning exploration scenario 7 with resource-limited collaboration changes performance. Test with matched initial states.,Cross-domain transfer with randomized team composition and ablations. Add independent runs and a no-sharing control.,demo_learning_07,,,
8f8777aadbfd6dd7,science study s08 approach 0,Combining Synthetic science hypothesis generation scenario 0 with resource-limited collaboration changes performance. Test with matched initial states.,Controlled graph benchmark and matched trials. Add independent runs and a no-sharing control.,demo_science_00,,,
8f9259867415c16e,science study s05 approach 1,Combining Synthetic science paper retrieval scenario 1 with resource-limited collaboration changes performance. Test with matched initial states.,Cross-domain transfer with randomized team composition and ablations. Add independent runs and a no-sharing control.,demo_science_01,,,
8fe74e4314840ce8,agents study s15 approach 0,Combining Synthetic agents planning scenario 3 with resource-limited collaboration changes performance. Test with matched initial states.,Controlled graph benchmark and matched trials. Add independent runs and a no-sharing control.,demo_agents_03,,,
902a5975c189cebc,learning study s13 approach 1,Combining Synthetic learning exploration scenario 7 with resource-limited collaboration changes performance. Test with matched initial states.,Cross-domain transfer with randomized team composition and ablations. Add independent runs and a no-sharing control.,demo_learning_07,,,
90d8a98d2631d7e3,science study s14 approach 0,Combining Synthetic science hypothesis generation scenario 0 with resource-limited collaboration changes performance. Test with matched initial states.,Controlled graph benchmark and matched trials. Add independent runs and a no-sharing control.,demo_science_00,,,
910dfec1dc8114b8,learning study s19 approach 1,Combining Synthetic learning exploration scenario 7 with resource-limited collaboration changes performance. Test with matched initial states.,Cross-domain transfer with randomized team composition and ablations. Add independent runs and a no-sharing control.,demo_learning_07,,,
914bc0b391ebe45a,science study s14 approach 1,Combining Synthetic science paper retrieval scenario 1 with resource-limited collaboration changes performance. Test with matched initial states.,Cross-domain transfer with randomized team composition and ablations. Add independent runs and a no-sharing control.,demo_science_01,,,
918ae4eb8df9f881,agents study s18 approach 1,Combining Synthetic agents planning scenario 7 with resource-limited collaboration changes performance. Test with matched initial states.,Cross-domain transfer with randomized team composition and ablations. Add independent runs and a no-sharing control.,demo_agents_07,,,
91d28608653076fe,agents study s15 approach 1,Combining Synthetic agents planning scenario 7 with resource-limited collaboration changes performance. Test with matched initial states.,Cross-domain transfer with randomized team composition and ablations. Add independent runs and a no-sharing control.,demo_agents_07,,,
9201e1e5b400150e,agents study s00 approach 0,Combining Synthetic agents planning scenario 3 with resource-limited collaboration changes performance. Test with matched initial states.,Controlled graph benchmark and matched trials. Add independent runs and a no-sharing control.,demo_agents_03,,,
9208703c904c9443,agents study s15 approach 0,Combining Synthetic agents planning scenario 3 with resource-limited collaboration changes performance. Test with matched initial states.,Controlled graph benchmark and matched trials. Add independent runs and a no-sharing control.,demo_agents_03,,,
9225b28cc274efac,learning study s07 approach 1,Combining Synthetic learning exploration scenario 7 with resource-limited collaboration changes performance.,Cross-domain transfer with randomized team composition and ablations.,demo_learning_07,,,
922f479fee5dfd0e,science study s14 approach 1,Combining Synthetic science paper retrieval scenario 1 with resource-limited collaboration changes performance.,Cross-domain transfer with randomized team composition and ablations.,demo_science_01,,,
93041c58b417ef5d,learning study s10 approach 1,Combining Synthetic learning exploration scenario 7 with resource-limited collaboration changes performance. Test with matched initial states.,Cross-domain transfer with randomized team composition and ablations. Add independent runs and a no-sharing control.,demo_learning_07,,,
931a1d44aa91de1f,learning study s13 approach 1,Combining Synthetic learning exploration scenario 7 with resource-limited collaboration changes performance.,Cross-domain transfer with randomized team composition and ablations.,demo_learning_07,,,
931adec5c6648fc7,learning study s10 approach 1,Combining Synthetic learning exploration scenario 7 with resource-limited collaboration changes performance.,Cross-domain transfer with randomized team composition and ablations.,demo_learning_07,,,
9332f0fb75218bfc,learning study s16 approach 1,Combining Synthetic learning exploration scenario 7 with resource-limited collaboration changes performance. Test with matched initial states.,Cross-domain transfer with randomized team composition and ablations. Add independent runs and a no-sharing control.,demo_learning_07,,,
934aa0e54c24c223,science study s02 approach 1,Combining Synthetic science paper retrieval scenario 1 with resource-limited collaboration changes performance.,Cross-domain transfer with randomized team composition and ablations.,demo_science_01,,,
936706c5b7e376fa,science study s05 approach 1,Combining Synthetic science paper retrieval scenario 1 with resource-limited collaboration changes performance. Test with matched initial states.,Cross-domain transfer with randomized team composition and ablations. Add independent runs and a no-sharing control.,demo_science_01,,,
93d0c1c57c759100,agents study s12 approach 0,Combining Synthetic agents planning scenario 3 with resource-limited collaboration changes performance. Test with matched initial states.,Controlled graph benchmark and matched trials. Add independent runs and a no-sharing control.,demo_agents_03,,,
94afc0abaa254f88,agents study s03 approach 0,Combining Synthetic agents planning scenario 3 with resource-limited collaboration changes performance. Test with matched initial states.,Controlled graph benchmark and matched trials. Add independent runs and a no-sharing control.,demo_agents_03,,,
950e492b1a18a1f4,science study s02 approach 1,Combining Synthetic science paper retrieval scenario 1 with resource-limited collaboration changes performance. Test with matched initial states.,Cross-domain transfer with randomized team composition and ablations. Add independent runs and a no-sharing control.,demo_science_01,,,
954fa7443adeb385,agents study s03 approach 0,Combining Synthetic agents planning scenario 3 with resource-limited collaboration changes performance. Test with matched initial states.,Controlled graph benchmark and matched trials. Add independent runs and a no-sharing control.,demo_agents_03,,,
9560c9e370aa6409,science study s08 approach 0,Combining Synthetic science hypothesis generation scenario 0 with resource-limited collaboration changes performance.,Controlled graph benchmark and matched trials.,demo_science_00,,,
9577bd9481c45876,learning study s07 approach 0,Combining Synthetic learning exploration scenario 3 with resource-limited collaboration changes performance. Test with matched initial states.,Controlled graph benchmark and matched trials. Add independent runs and a no-sharing control.,demo_learning_03,,,
95c66ca72d7b86ee,science study s14 approach 0,Combining Synthetic science hypothesis generation scenario 0 with resource-limited collaboration changes performance.,Controlled graph benchmark and matched trials.,demo_science_00,,,
960e3ccf08f6d9c2,learning study s10 approach 1,Combining Synthetic learning exploration scenario 7 with resource-limited collaboration changes performance. Test with matched initial states.,Cross-domain transfer with randomized team composition and ablations. Add independent runs and a no-sharing control.,demo_learning_07,,,
965d532b0a4d9cfb,learning study s13 approach 1,Combining Synthetic learning exploration scenario 7 with resource-limited collaboration changes performance. Test with matched initial states.,Cross-domain transfer with randomized team composition and ablations. Add independent runs and a no-sharing control.,demo_learning_07,,,
96d29e6fdd5f49ef,agents study s00 approach 1,Combining Synthetic agents planning scenario 7 with resource-limited collaboration changes performance. Test with matched initial states.,Cross-domain transfer with randomized team composition and ablations. Add independent runs and a no-sharing control.,demo_agents_07,,,
96d4660ecc5a374a,agents study s18 approach 1,Combining Synthetic agents planning scenario 7 with resource-limited collaboration changes performance. Test with matched initial states.,Cross-domain transfer with randomized team composition and ablations. Add independent runs and a no-sharing control.,demo_agents_07,,,
96ea5abe74382c68,learning study s13 approach 1,Combining Synthetic learning exploration scenario 7 with resource-limited collaboration changes performance. Test with matched initial states.,Cross-domain transfer with randomized team composition and ablations. Add independent runs and a no-sharing control.,demo_learning_07,,,
96faedecdd6cdd92,agents study s06 approach 1,Combining Synthetic agents planning scenario 7 with resource-limited collaboration changes performance. Test with matched initial states.,Cross-domain transfer with randomized team composition and ablations. Add independent runs and a no-sharing control.,demo_agents_07,,,
9788e73aed00f94e,science study s17 approach 1,Combining Synthetic science paper retrieval scenario 1 with resource-limited collaboration changes performance. Test with matched initial states.,Cross-domain transfer with randomized team composition and ablations. Add independent runs and a no-sharing control.,demo_science_01,,,
979d99ffaf54547c,learning study s13 approach 1,Combining Synthetic learning exploration scenario 7 with resource-limited collaboration changes performance. Test with matched initial states.,Cross-domain transfer with randomized team composition and ablations. Add independent runs and a no-sharing control.,demo_learning_07,,,
97a3acbd18d8ae6c,agents study s18 approach 1,Combining Synthetic agents planning scenario 7 with resource-limited collaboration changes performance.,Cross-domain transfer with randomized team composition and ablations.,demo_agents_07,,,
98482ddf277b5d3a,learning study s19 approach 1,Combining Synthetic learning exploration scenario 7 with resource-limited collaboration changes performance. Test with matched initial states.,Cross-domain transfer with randomized team composition and ablations. Add independent runs and a no-sharing control.,demo_learning_07,,,
98710b089b454e2a,science study s14 approach 1,Combining Synthetic science paper retrieval scenario 1 with resource-limited collaboration changes performance. Test with matched initial states.,Cross-domain transfer with randomized team composition and ablations. Add independent runs and a no-sharing control.,demo_science_01,,,
98a6716375e3bcc1,agents study s18 approach 1,Combining Synthetic agents planning scenario 7 with resource-limited collaboration changes performance. Test with matched initial states.,Cross-domain transfer with randomized team composition and ablations. Add independent runs and a no-sharing control.,demo_agents_07,,,
98fc096f49367ce9,agents study s12 approach 0,Combining Synthetic agents planning scenario 3 with resource-limited collaboration changes performance. Test with matched initial states.,Controlled graph benchmark and matched trials. Add independent runs and a no-sharing control.,demo_agents_03,,,
99838090f35b0e13,agents study s15 approach 1,Combining Synthetic agents planning scenario 7 with resource-limited collaboration changes performance.,Cross-domain transfer with randomized team composition and ablations.,demo_agents_07,,,
99eb160150f0a294,learning study s07 approach 1,Combining Synthetic learning exploration scenario 7 with resource-limited collaboration changes performance.,Cross-domain transfer with randomized team composition and ablations.,demo_learning_07,,,
99f5bd4605892302,science study s17 approach 0,Combining Synthetic science hypothesis generation scenario 0 with resource-limited collaboration changes performance.,Controlled graph benchmark and matched trials.,demo_science_00,,,
9a6737516109334a,learning study s04 approach 0,Combining Synthetic learning exploration scenario 3 with resource-limited collaboration changes performance.,Controlled graph benchmark and matched trials.,demo_learning_03,,,
9abcceb980ef2107,science study s11 approach 1,Combining Synthetic science paper retrieval scenario 1 with resource-limited collaboration changes performance.,Cross-domain transfer with randomized team composition and ablations.,demo_science_01,,,
9ae3dbdf09d37e53,science study s08 approach 1,Combining Synthetic science paper retrieval scenario 1 with resource-limited collaboration changes performance.,Cross-domain transfer with randomized team composition and ablations.,demo_science_01,,,
9babd03713b3e300,agents study s06 approach 1,Combining Synthetic agents planning scenario 7 with resource-limited collaboration changes performance. Test with matched initial states.,Cross-domain transfer with randomized team composition and ablations. Add independent runs and a no-sharing control.,demo_agents_07,,,
9bbc778e1ac8685a,learning study s04 approach 1,Combining Synthetic learning exploration scenario 7 with resource-limited collaboration changes performance.,Cross-domain transfer with randomized team composition and ablations.,demo_learning_07,,,
9be7d09f2aa1afc2,learning study s13 approach 1,Combining Synthetic learning exploration scenario 7 with resource-limited collaboration changes performance. Test with matched initial states.,Cross-domain transfer with randomized team composition and ablations. Add independent runs and a no-sharing control.,demo_learning_07,,,
9bf72f19d526c779,agents study s18 approach 0,Combining Synthetic agents planning scenario 3 with resource-limited collaboration changes performance.,Controlled graph benchmark and matched trials.,demo_agents_03,,,
9c41fc584b1ff36e,agents study s15 approach 0,Combining Synthetic agents planning scenario 3 with resource-limited collaboration changes performance. Test with matched initial states.,Controlled graph benchmark and matched trials. Add independent runs and a no-sharing control.,demo_agents_03,,,
9c5b003dcd84e685,agents study s06 approach 0,Combining Synthetic agents planning scenario 3 with resource-limited collaboration changes performance. Test with matched initial states.,Controlled graph benchmark and matched trials. Add independent runs and a no-sharing control.,demo_agents_03,,,
9d0384cb41b373b9,learning study s04 approach 1,Combining Synthetic learning exploration scenario 7 with resource-limited collaboration changes performance. Test with matched initial states.,Cross-domain transfer with randomized team composition and ablations. Add independent runs and a no-sharing control.,demo_learning_07,,,
9d0d905de77f8b63,science study s02 approach 1,Combining Synthetic science paper retrieval scenario 1 with resource-limited collaboration changes performance. Test with matched initial states.,Cross-domain transfer with randomized team composition and ablations. Add independent runs and a no-sharing control.,demo_science_01,,,
9d314b645a627f4c,agents study s18 approach 0,Combining Synthetic agents planning scenario 3 with resource-limited collaboration changes performance. Test with matched initial states.,Controlled graph benchmark and matched trials. Add independent runs and a no-sharing control.,demo_agents_03,,,
9dff52bbb9fdf5fe,science study s14 approach 0,Combining Synthetic science hypothesis generation scenario 0 with resource-limited collaboration changes performance. Test with matched initial states.,Controlled graph benchmark and matched trials. Add independent runs and a no-sharing control.,demo_science_00,,,
9e357d562b680101,agents study s00 approach 0,Combining Synthetic agents planning scenario 3 with resource-limited collaboration changes performance.,Controlled graph benchmark and matched trials.,demo_agents_03,,,
9e3e13bdb98711a0,learning study s04 approach 1,Combining Synthetic learning exploration scenario 7 with resource-limited collaboration changes performance. Test with matched initial states.,Cross-domain transfer with randomized team composition and ablations. Add independent runs and a no-sharing control.,demo_learning_07,,,
9e4daa2b5af2a22e,science study s14 approach 0,Combining Synthetic science hypothesis generation scenario 0 with resource-limited collaboration changes performance.,Controlled graph benchmark and matched trials.,demo_science_00,,,
9eaae1adb03609cc,agents study s00 approach 1,Combining Synthetic agents planning scenario 7 with resource-limited collaboration changes performance. Test with matched initial states.,Cross-domain transfer with randomized team composition and ablations. Add independent runs and a no-sharing control.,demo_agents_07,,,
9ebddbf42d2408f0,science study s02 approach 0,Combining Synthetic science hypothesis generation scenario 0 with resource-limited collaboration changes performance.,Controlled graph benchmark and matched trials.,demo_science_00,,,
9efd556f6f6adbc0,learning study s04 approach 1,Combining Synthetic learning exploration scenario 7 with resource-limited collaboration changes performance.,Cross-domain transfer with randomized team composition and ablations.,demo_learning_07,,,
9f0f31c11e48325e,science study s17 approach 1,Combining Synthetic science paper retrieval scenario 1 with resource-limited collaboration changes performance.,Cross-domain transfer with randomized team composition and ablations.,demo_science_01,,,
9f187785bfbaf4bd,agents study s06 approach 0,Combining Synthetic agents planning scenario 3 with resource-limited collaboration changes performance.,Controlled graph benchmark and matched trials.,demo_agents_03,,,
9f51cb119fffc9af,science study s05 approach 1,Combining Synthetic science paper retrieval scenario 1 with resource-limited collaboration changes performance.,Cross-domain transfer with randomized team composition and ablations.,demo_science_01,,,
9f6c9315b3ee2177,science study s17 approach 0,Combining Synthetic science hypothesis generation scenario 0 with resource-limited collaboration changes performance.,Controlled graph benchmark and matched trials.,demo_science_00,,,
9f7c88343085d8e8,learning study s19 approach 0,Combining Synthetic learning exploration scenario 3 with resource-limited collaboration changes performance.,Controlled graph benchmark and matched trials.,demo_learning_03,,,
9f8b01897556c533,learning study s04 approach 1,Combining Synthetic learning exploration scenario 7 with resource-limited collaboration changes performance. Test with matched initial states.,Cross-domain transfer with randomized team composition and ablations. Add independent runs and a no-sharing control.,demo_learning_07,,,
9fa441b695d4289d,science study s02 approach 1,Combining Synthetic science paper retrieval scenario 1 with resource-limited collaboration changes performance. Test with matched initial states.,Cross-domain transfer with randomized team composition and ablations. Add independent runs and a no-sharing control.,demo_science_01,,,
9fab6e50cc771c92,science study s05 approach 1,Combining Synthetic science paper retrieval scenario 1 with resource-limited collaboration changes performance. Test with matched initial states.,Cross-domain transfer with randomized team composition and ablations. Add independent runs and a no-sharing control.,demo_science_01,,,
a05c27f796d8e786,science study s11 approach 0,Combining Synthetic science hypothesis generation scenario 0 with resource-limited collaboration changes performance. Test with matched initial states.,Controlled graph benchmark and matched trials. Add independent runs and a no-sharing control.,demo_science_00,,,
a066d470720edb35,science study s17 approach 0,Combining Synthetic science hypothesis generation scenario 0 with resource-limited collaboration changes performance.,Controlled graph benchmark and matched trials.,demo_science_00,,,
a0b99d7702108409,science study s17 approach 0,Combining Synthetic science hypothesis generation scenario 0 with resource-limited collaboration changes performance.,Controlled graph benchmark and matched trials.,demo_science_00,,,
a0cdafa15bb543b0,learning study s01 approach 1,Combining Synthetic learning exploration scenario 7 with resource-limited collaboration changes performance. Test with matched initial states.,Cross-domain transfer with randomized team composition and ablations. Add independent runs and a no-sharing control.,demo_learning_07,,,
a0d730111f77c9aa,agents study s15 approach 0,Combining Synthetic agents planning scenario 3 with resource-limited collaboration changes performance. Test with matched initial states.,Controlled graph benchmark and matched trials. Add independent runs and a no-sharing control.,demo_agents_03,,,
a0e6e1b0d1a37392,learning study s04 approach 0,Combining Synthetic learning exploration scenario 3 with resource-limited collaboration changes performance. Test with matched initial states.,Controlled graph benchmark and matched trials. Add independent runs and a no-sharing control.,demo_learning_03,,,
a0efe163f5354a7f,agents study s12 approach 0,Combining Synthetic agents planning scenario 3 with resource-limited collaboration changes performance. Test with matched initial states.,Controlled graph benchmark and matched trials. Add independent runs and a no-sharing control.,demo_agents_03,,,
a102fe5325a2d0c0,learning study s10 approach 1,Combining Synthetic learning exploration scenario 7 with resource-limited collaboration changes performance. Test with matched initial states.,Cross-domain transfer with randomized team composition and ablations. Add independent runs and a no-sharing control.,demo_learning_07,,,
a112887f013c8269,agents study s18 approach 1,Combining Synthetic agents planning scenario 7 with resource-limited collaboration changes performance.,Cross-domain transfer with randomized team composition and ablations.,demo_agents_07,,,
a121b47656288b60,learning study s04 approach 1,Combining Synthetic learning exploration scenario 7 with resource-limited collaboration changes performance.,Cross-domain transfer with randomized team composition and ablations.,demo_learning_07,,,
a1718471f6059853,learning study s16 approach 1,Combining Synthetic learning exploration scenario 7 with resource-limited collaboration changes performance.,Cross-domain transfer with randomized team composition and ablations.,demo_learning_07,,,
a175ef82d6f6ee1e,science study s05 approach 1,Combining Synthetic science paper retrieval scenario 1 with resource-limited collaboration changes performance. Test with matched initial states.,Cross-domain transfer with randomized team composition and ablations. Add independent runs and a no-sharing control.,demo_science_01,,,
a1ae40d5d99bc8c9,science study s17 approach 0,Combining Synthetic science hypothesis generation scenario 0 with resource-limited collaboration changes performance. Test with matched initial states.,Controlled graph benchmark and matched trials. Add independent runs and a no-sharing control.,demo_science_00,,,
a1f69b4570fe5679,science study s02 approach 0,Combining Synthetic science hypothesis generation scenario 0 with resource-limited collaboration changes performance. Test with matched initial states.,Controlled graph benchmark and matched trials. Add independent runs and a no-sharing control.,demo_science_00,,,
a2261c0121784f55,agents study s09 approach 0,Combining Synthetic agents planning scenario 3 with resource-limited collaboration changes performance. Test with matched initial states.,Controlled graph benchmark and matched trials. Add independent runs and a no-sharing control.,demo_agents_03,,,
a2506b854bc8c182,agents study s00 approach 0,Combining Synthetic agents planning scenario 3 with resource-limited collaboration changes performance. Test with matched initial states.,Controlled graph benchmark and matched trials. Add independent runs and a no-sharing control.,demo_agents_03,,,
a2b289847c793d1d,agents study s18 approach 1,Combining Synthetic agents planning scenario 7 with resource-limited collaboration changes performance.,Cross-domain transfer with randomized team composition and ablations.,demo_agents_07,,,
a2c5d67e69dac7b6,science study s11 approach 0,Combining Synthetic science hypothesis generation scenario 0 with resource-limited collaboration changes performance. Test with matched initial states.,Controlled graph benchmark and matched trials. Add independent runs and a no-sharing control.,demo_science_00,,,
a3b0efe3d4bf46fe,science study s11 approach 1,Combining Synthetic science paper retrieval scenario 1 with resource-limited collaboration changes performance.,Cross-domain transfer with randomized team composition and ablations.,demo_science_01,,,
a3bf5b28a193cb27,science study s11 approach 0,Combining Synthetic science hypothesis generation scenario 0 with resource-limited collaboration changes performance.,Controlled graph benchmark and matched trials.,demo_science_00,,,
a42ef839bdb82bd3,science study s11 approach 0,Combining Synthetic science hypothesis generation scenario 0 with resource-limited collaboration changes performance. Test with matched initial states.,Controlled graph benchmark and matched trials. Add independent runs and a no-sharing control.,demo_science_00,,,
a459b52317153fb4,agents study s15 approach 0,Combining Synthetic agents planning scenario 3 with resource-limited collaboration changes performance. Test with matched initial states.,Controlled graph benchmark and matched trials. Add independent runs and a no-sharing control.,demo_agents_03,,,
a476bbdb16bf7d36,science study s02 approach 1,Combining Synthetic science paper retrieval scenario 1 with resource-limited collaboration changes performance. Test with matched initial states.,Cross-domain transfer with randomized team composition and ablations. Add independent runs and a no-sharing control.,demo_science_01,,,
a587249a6748cb1f,agents study s03 approach 0,Combining Synthetic agents planning scenario 3 with resource-limited collaboration changes performance.,Controlled graph benchmark and matched trials.,demo_agents_03,,,
a6a25b78ab326a9b,science study s11 approach 0,Combining Synthetic science hypothesis generation scenario 0 with resource-limited collaboration changes performance. Test with matched initial states.,Controlled graph benchmark and matched trials. Add independent runs and a no-sharing control.,demo_science_00,,,
a6db5ebff067cf8a,learning study s10 approach 0,Combining Synthetic learning exploration scenario 3 with resource-limited collaboration changes performance. Test with matched initial states.,Controlled graph benchmark and matched trials. Add independent runs and a no-sharing control.,demo_learning_03,,,
a711501d3b077e43,agents study s18 approach 0,Combining Synthetic agents planning scenario 3 with resource-limited collaboration changes performance. Test with matched initial states.,Controlled graph benchmark and matched trials. Add independent runs and a no-sharing control.,demo_agents_03,,,
a716175e7e15f798,science study s08 approach 0,Combining Synthetic science hypothesis generation scenario 0 with resource-limited collaboration changes performance.,Controlled graph benchmark and matched trials.,demo_science_00,,,
a75796fb3803f455,learning study s01 approach 1,Combining Synthetic learning exploration scenario 7 with resource-limited collaboration changes performance. Test with matched initial states.,Cross-domain transfer with randomized team composition and ablations. Add independent runs and a no-sharing control.,demo_learning_07,,,
a7b6930fb21903d1,agents study s15 approach 0,Combining Synthetic agents planning scenario 3 with resource-limited collaboration changes performance. Test with matched initial states.,Controlled graph benchmark and matched trials. Add independent runs and a no-sharing control.,demo_agents_03,,,
a7e2161792098bda,learning study s16 approach 1,Combining Synthetic learning exploration scenario 7 with resource-limited collaboration changes performance. Test with matched initial states.,Cross-domain transfer with randomized team composition and ablations. Add independent runs and a no-sharing control.,demo_learning_07,,,
a7f8ea640413fec1,agents study s15 approach 1,Combining Synthetic agents planning scenario 7 with resource-limited collaboration changes performance. Test with matched initial states.,Cross-domain transfer with randomized team composition and ablations. Add independent runs and a no-sharing control.,demo_agents_07,,,
a80e6dfeace7fc5b,learning study s13 approach 1,Combining Synthetic learning exploration scenario 7 with resource-limited collaboration changes performance.,Cross-domain transfer with randomized team composition and ablations.,demo_learning_07,,,
a829663cb7afb459,learning study s01 approach 1,Combining Synthetic learning exploration scenario 7 with resource-limited collaboration changes performance. Test with matched initial states.,Cross-domain transfer with randomized team composition and ablations. Add independent runs and a no-sharing control.,demo_learning_07,,,
a84a99f993813fa3,learning study s16 approach 1,Combining Synthetic learning exploration scenario 7 with resource-limited collaboration changes performance.,Cross-domain transfer with randomized team composition and ablations.,demo_learning_07,,,
a8517c06702ed5df,agents study s15 approach 0,Combining Synthetic agents planning scenario 3 with resource-limited collaboration changes performance. Test with matched initial states.,Controlled graph benchmark and matched trials. Add independent runs and a no-sharing control.,demo_agents_03,,,
a85477a803615bcf,agents study s03 approach 0,Combining Synthetic agents planning scenario 3 with resource-limited collaboration changes performance.,Controlled graph benchmark and matched trials.,demo_agents_03,,,
a86a71ca43258195,agents study s12 approach 1,Combining Synthetic agents planning scenario 7 with resource-limited collaboration changes performance.,Cross-domain transfer with randomized team composition and ablations.,demo_agents_07,,,
a892893023746687,science study s08 approach 0,Combining Synthetic science hypothesis generation scenario 0 with resource-limited collaboration changes performance. Test with matched initial states.,Controlled graph benchmark and matched trials. Add independent runs and a no-sharing control.,demo_science_00,,,
a8b9d5ee5bca92fe,agents study s03 approach 1,Combining Synthetic agents planning scenario 7 with resource-limited collaboration changes performance.,Cross-domain transfer with randomized team composition and ablations.,demo_agents_07,,,
a8d4323425593ada,science study s08 approach 0,Combining Synthetic science hypothesis generation scenario 0 with resource-limited collaboration changes performance.,Controlled graph benchmark and matched trials.,demo_science_00,,,
a90462acc79cf0d3,agents study s00 approach 1,Combining Synthetic agents planning scenario 7 with resource-limited collaboration changes performance. Test with matched initial states.,Cross-domain transfer with randomized team composition and ablations. Add independent runs and a no-sharing control.,demo_agents_07,,,
a97d78abae83a2ad,learning study s04 approach 1,Combining Synthetic learning exploration scenario 7 with resource-limited collaboration changes performance. Test with matched initial states.,Cross-domain transfer with randomized team composition and ablations. Add independent runs and a no-sharing control.,demo_learning_07,,,
a9ff4dfd39006f41,agents study s12 approach 1,Combining Synthetic agents planning scenario 7 with resource-limited collaboration changes performance.,Cross-domain transfer with randomized team composition and ablations.,demo_agents_07,,,
aa06203b724cf7c5,learning study s04 approach 1,Combining Synthetic learning exploration scenario 7 with resource-limited collaboration changes performance. Test with matched initial states.,Cross-domain transfer with randomized team composition and ablations. Add independent runs and a no-sharing control.,demo_learning_07,,,
aa66f988b1188959,agents study s00 approach 0,Combining Synthetic agents planning scenario 3 with resource-limited collaboration changes performance. Test with matched initial states.,Controlled graph benchmark and matched trials. Add independent runs and a no-sharing control.,demo_agents_03,,,
aafdbebc265c1838,science study s11 approach 1,Combining Synthetic science paper retrieval scenario 1 with resource-limited collaboration changes performance. Test with matched initial states.,Cross-domain transfer with randomized team composition and ablations. Add independent runs and a no-sharing control.,demo_science_01,,,
ab3f8d0292ad86f7,science study s05 approach 0,Combining Synthetic science hypothesis generation scenario 0 with resource-limited collaboration changes performance. Test with matched initial states.,Controlled graph benchmark and matched trials. Add independent runs and a no-sharing control.,demo_science_00,,,
abdb025308ab8fd9,science study s05 approach 1,Combining Synthetic science paper retrieval scenario 1 with resource-limited collaboration changes performance. Test with matched initial states.,Cross-domain transfer with randomized team composition and ablations. Add independent runs and a no-sharing control.,demo_science_01,,,
abe3110d7c16f307,science study s02 approach 1,Combining Synthetic science paper retrieval scenario 1 with resource-limited collaboration changes performance. Test with matched initial states.,Cross-domain transfer with randomized team composition and ablations. Add independent runs and a no-sharing control.,demo_science_01,,,
abf62334248bbd92,learning study s10 approach 1,Combining Synthetic learning exploration scenario 7 with resource-limited collaboration changes performance.,Cross-domain transfer with randomized team composition and ablations.,demo_learning_07,,,
ac37a5552b2e6b50,learning study s04 approach 1,Combining Synthetic learning exploration scenario 7 with resource-limited collaboration changes performance.,Cross-domain transfer with randomized team composition and ablations.,demo_learning_07,,,
acd4373453536928,science study s14 approach 1,Combining Synthetic science paper retrieval scenario 1 with resource-limited collaboration changes performance. Test with matched initial states.,Cross-domain transfer with randomized team composition and ablations. Add independent runs and a no-sharing control.,demo_science_01,,,
ad40d662c64b6dbf,learning study s07 approach 0,Combining Synthetic learning exploration scenario 3 with resource-limited collaboration changes performance. Test with matched initial states.,Controlled graph benchmark and matched trials. Add independent runs and a no-sharing control.,demo_learning_03,,,
ad47b7d41e5574e1,learning study s16 approach 0,Combining Synthetic learning exploration scenario 3 with resource-limited collaboration changes performance.,Controlled graph benchmark and matched trials.,demo_learning_03,,,
ad50d18411108157,science study s14 approach 1,Combining Synthetic science paper retrieval scenario 1 with resource-limited collaboration changes performance.,Cross-domain transfer with randomized team composition and ablations.,demo_science_01,,,
ad530f58972922f0,learning study s01 approach 0,Combining Synthetic learning exploration scenario 3 with resource-limited collaboration changes performance.,Controlled graph benchmark and matched trials.,demo_learning_03,,,
ae0165b946dad9be,agents study s09 approach 0,Combining Synthetic agents planning scenario 3 with resource-limited collaboration changes performance. Test with matched initial states.,Controlled graph benchmark and matched trials. Add independent runs and a no-sharing control.,demo_agents_03,,,
ae32e83b60a06b47,learning study s19 approach 0,Combining Synthetic learning exploration scenario 3 with resource-limited collaboration changes performance. Test with matched initial states.,Controlled graph benchmark and matched trials. Add independent runs and a no-sharing control.,demo_learning_03,,,
ae71312c1f759369,learning study s13 approach 1,Combining Synthetic learning exploration scenario 7 with resource-limited collaboration changes performance. Test with matched initial states.,Cross-domain transfer with randomized team composition and ablations. Add independent runs and a no-sharing control.,demo_learning_07,,,
aeaffccf007e14dc,agents study s03 approach 0,Combining Synthetic agents planning scenario 3 with resource-limited collaboration changes performance. Test with matched initial states.,Controlled graph benchmark and matched trials. Add independent runs and a no-sharing control.,demo_agents_03,,,
af44e78e51bf6326,agents study s18 approach 0,Combining Synthetic agents planning scenario 3 with resource-limited collaboration changes performance.,Controlled graph benchmark and matched trials.,demo_agents_03,,,
af452b59f820ea30,learning study s04 approach 1,Combining Synthetic learning exploration scenario 7 with resource-limited collaboration changes performance. Test with matched initial states.,Cross-domain transfer with randomized team composition and ablations. Add independent runs and a no-sharing control.,demo_learning_07,,,
af779ed930bad47c,science study s08 approach 0,Combining Synthetic science hypothesis generation scenario 0 with resource-limited collaboration changes performance. Test with matched initial states.,Controlled graph benchmark and matched trials. Add independent runs and a no-sharing control.,demo_science_00,,,
afc567be1135643c,agents study s18 approach 0,Combining Synthetic agents planning scenario 3 with resource-limited collaboration changes performance.,Controlled graph benchmark and matched trials.,demo_agents_03,,,
affb7b726fa0770e,science study s14 approach 0,Combining Synthetic science hypothesis generation scenario 0 with resource-limited collaboration changes performance.,Controlled graph benchmark and matched trials.,demo_science_00,,,
b0251d37a0e86731,agents study s15 approach 0,Combining Synthetic agents planning scenario 3 with resource-limited collaboration changes performance. Test with matched initial states.,Controlled graph benchmark and matched trials. Add independent runs and a no-sharing control.,demo_agents_03,,,
b044295ab2d144e1,learning study s04 approach 0,Combining Synthetic learning exploration scenario 3 with resource-limited collaboration changes performance. Test with matched initial states.,Controlled graph benchmark and matched trials. Add independent runs and a no-sharing control.,demo_learning_03,,,
b15237d073ae3983,agents study s03 approach 1,Combining Synthetic agents planning scenario 7 with resource-limited collaboration changes performance.,Cross-domain transfer with randomized team composition and ablations.,demo_agents_07,,,
b16d0021aa5c3a79,science study s14 approach 1,Combining Synthetic science paper retrieval scenario 1 with resource-limited collaboration changes performance. Test with matched initial states.,Cross-domain transfer with randomized team composition and ablations. Add independent runs and a no-sharing control.,demo_science_01,,,
b1828848f26c3fce,science study s14 approach 1,Combining Synthetic science paper retrieval scenario 1 with resource-limited collaboration changes performance. Test with matched initial states.,Cross-domain transfer with randomized team composition and ablations. Add independent runs and a no-sharing control.,demo_science_01,,,
b1c5c058e49f6f67,agents study s00 approach 1,Combining Synthetic agents planning scenario 7 with resource-limited collaboration changes performance.,Cross-domain transfer with randomized team composition and ablations.,demo_agents_07,,,
b1cd638a2231ee90,science study s17 approach 0,Combining Synthetic science hypothesis generation scenario 0 with resource-limited collaboration changes performance.,Controlled graph benchmark and matched trials.,demo_science_00,,,
b1f7f52fd1d94a75,learning study s19 approach 1,Combining Synthetic learning exploration scenario 7 with resource-limited collaboration changes performance. Test with matched initial states.,Cross-domain transfer with randomized team composition and ablations. Add independent runs and a no-sharing control.,demo_learning_07,,,
b215a5778c18e0e2,agents study s09 approach 0,Combining Synthetic agents planning scenario 3 with resource-limited collaboration changes performance. Test with matched initial states.,Controlled graph benchmark and matched trials. Add independent runs and a no-sharing control.,demo_agents_03,,,
b215ca725db8fb02,science study s14 approach 1,Combining Synthetic science paper retrieval scenario 1 with resource-limited collaboration changes performance. Test with matched initial states.,Cross-domain transfer with randomized team composition and ablations. Add independent runs and a no-sharing control.,demo_science_01,,,
b233ddd04b43f6ed,agents study s15 approach 0,Combining Synthetic agents planning scenario 3 with resource-limited collaboration changes performance.,Controlled graph benchmark and matched trials.,demo_agents_03,,,
b28aa351a44543b8,learning study s19 approach 1,Combining Synthetic learning exploration scenario 7 with resource-limited collaboration changes performance. Test with matched initial states.,Cross-domain transfer with randomized team composition and ablations. Add independent runs and a no-sharing control.,demo_learning_07,,,
b2b4466b50e68c25,science study s02 approach 1,Combining Synthetic science paper retrieval scenario 1 with resource-limited collaboration changes performance. Test with matched initial states.,Cross-domain transfer with randomized team composition and ablations. Add independent runs and a no-sharing control.,demo_science_01,,,
b2ece05a3be30127,agents study s00 approach 1,Combining Synthetic agents planning scenario 7 with resource-limited collaboration changes performance. Test with matched initial states.,Cross-domain transfer with randomized team composition and ablations. Add independent runs and a no-sharing control.,demo_agents_07,,,
b2fb4c2950ad9086,science study s08 approach 0,Combining Synthetic science hypothesis generation scenario 0 with resource-limited collaboration changes performance. Test with matched initial states.,Controlled graph benchmark and matched trials. Add independent runs and a no-sharing control.,demo_science_00,,,
b3129ccec0569c52,science study s17 approach 0,Combining Synthetic science hypothesis generation scenario 0 with resource-limited collaboration changes performance.,Controlled graph benchmark and matched trials.,demo_science_00,,,
b3657c5d5cbc3d50,science study s02 approach 1,Combining Synthetic science paper retrieval scenario 1 with resource-limited collaboration changes performance.,Cross-domain transfer with randomized team composition and ablations.,demo_science_01,,,
b3665259887397a5,learning study s10 approach 1,Combining Synthetic learning exploration scenario 7 with resource-limited collaboration changes performance.,Cross-domain transfer with randomized team composition and ablations.,demo_learning_07,,,
b397dbe79d935a59,learning study s13 approach 1,Combining Synthetic learning exploration scenario 7 with resource-limited collaboration changes performance. Test with matched initial states.,Cross-domain transfer with randomized team composition and ablations. Add independent runs and a no-sharing control.,demo_learning_07,,,
b3c0ad34d71731f5,agents study s12 approach 0,Combining Synthetic agents planning scenario 3 with resource-limited collaboration changes performance. Test with matched initial states.,Controlled graph benchmark and matched trials. Add independent runs and a no-sharing control.,demo_agents_03,,,
b3da724a0019284d,learning study s07 approach 1,Combining Synthetic learning exploration scenario 7 with resource-limited collaboration changes performance.,Cross-domain transfer with randomized team composition and ablations.,demo_learning_07,,,
b3ffa2798bec5d24,agents study s06 approach 1,Combining Synthetic agents planning scenario 7 with resource-limited collaboration changes performance. Test with matched initial states.,Cross-domain transfer with randomized team composition and ablations. Add independent runs and a no-sharing control.,demo_agents_07,,,
b41b7392194d4406,learning study s04 approach 1,Combining Synthetic learning exploration scenario 7 with resource-limited collaboration changes performance. Test with matched initial states.,Cross-domain transfer with randomized team composition and ablations. Add independent runs and a no-sharing control.,demo_learning_07,,,
b4737b9c5e3534d7,learning study s04 approach 0,Combining Synthetic learning exploration scenario 3 with resource-limited collaboration changes performance.,Controlled graph benchmark and matched trials.,demo_learning_03,,,
b4dc823e5c9a0895,learning study s10 approach 1,Combining Synthetic learning exploration scenario 7 with resource-limited collaboration changes performance. Test with matched initial states.,Cross-domain transfer with randomized team composition and ablations. Add independent runs and a no-sharing control.,demo_learning_07,,,
b52112f79590545c,science study s17 approach 0,Combining Synthetic science hypothesis generation scenario 0 with resource-limited collaboration changes performance.,Controlled graph benchmark and matched trials.,demo_science_00,,,
b5561cdb495b2a93,science study s11 approach 0,Combining Synthetic science hypothesis generation scenario 0 with resource-limited collaboration changes performance. Test with matched initial states.,Controlled graph benchmark and matched trials. Add independent runs and a no-sharing control.,demo_science_00,,,
b58b0651388915c8,agents study s00 approach 1,Combining Synthetic agents planning scenario 7 with resource-limited collaboration changes performance.,Cross-domain transfer with randomized team composition and ablations.,demo_agents_07,,,
b5a55bc6ebb108ee,science study s08 approach 1,Combining Synthetic science paper retrieval scenario 1 with resource-limited collaboration changes performance. Test with matched initial states.,Cross-domain transfer with randomized team composition and ablations. Add independent runs and a no-sharing control.,demo_science_01,,,
b61d71e842c8cc84,learning study s01 approach 0,Combining Synthetic learning exploration scenario 3 with resource-limited collaboration changes performance.,Controlled graph benchmark and matched trials.,demo_learning_03,,,
b6247a3c7f33e222,learning study s01 approach 0,Combining Synthetic learning exploration scenario 3 with resource-limited collaboration changes performance.,Controlled graph benchmark and matched trials.,demo_learning_03,,,
b63e49e0e9eb8977,science study s08 approach 0,Combining Synthetic science hypothesis generation scenario 0 with resource-limited collaboration changes performance. Test with matched initial states.,Controlled graph benchmark and matched trials. Add independent runs and a no-sharing control.,demo_science_00,,,
b64eae4f604768de,learning study s10 approach 1,Combining Synthetic learning exploration scenario 7 with resource-limited collaboration changes performance. Test with matched initial states.,Cross-domain transfer with randomized team composition and ablations. Add independent runs and a no-sharing control.,demo_learning_07,,,
b6a16ab54cf199e5,science study s17 approach 0,Combining Synthetic science hypothesis generation scenario 0 with resource-limited collaboration changes performance.,Controlled graph benchmark and matched trials.,demo_science_00,,,
b6a3b15d78775cf6,science study s11 approach 0,Combining Synthetic science hypothesis generation scenario 0 with resource-limited collaboration changes performance. Test with matched initial states.,Controlled graph benchmark and matched trials. Add independent runs and a no-sharing control.,demo_science_00,,,
b753dd495cbe2248,agents study s09 approach 1,Combining Synthetic agents planning scenario 7 with resource-limited collaboration changes performance.,Cross-domain transfer with randomized team composition and ablations.,demo_agents_07,,,
b7833f323fccf1aa,agents study s00 approach 1,Combining Synthetic agents planning scenario 7 with resource-limited collaboration changes performance. Test with matched initial states.,Cross-domain transfer with randomized team composition and ablations. Add independent runs and a no-sharing control.,demo_agents_07,,,
b7af880e0e9b8fdf,agents study s06 approach 1,Combining Synthetic agents planning scenario 7 with resource-limited collaboration changes performance. Test with matched initial states.,Cross-domain transfer with randomized team composition and ablations. Add independent runs and a no-sharing control.,demo_agents_07,,,
b812312008134a1a,science study s08 approach 0,Combining Synthetic science hypothesis generation scenario 0 with resource-limited collaboration changes performance.,Controlled graph benchmark and matched trials.,demo_science_00,,,
b8724c2d7233b386,science study s11 approach 1,Combining Synthetic science paper retrieval scenario 1 with resource-limited collaboration changes performance.,Cross-domain transfer with randomized team composition and ablations.,demo_science_01,,,
b8978cbd344e850a,science study s05 approach 1,Combining Synthetic science paper retrieval scenario 1 with resource-limited collaboration changes performance. Test with matched initial states.,Cross-domain transfer with randomized team composition and ablations. Add independent runs and a no-sharing control.,demo_science_01,,,
b8def6184d5c1de3,science study s11 approach 1,Combining Synthetic science paper retrieval scenario 1 with resource-limited collaboration changes performance.,Cross-domain transfer with randomized team composition and ablations.,demo_science_01,,,
b8e31d4f8873661f,science study s11 approach 1,Combining Synthetic science paper retrieval scenario 1 with resource-limited collaboration changes performance.,Cross-domain transfer with randomized team composition and ablations.,demo_science_01,,,
b90129daf7c4f5d5,science study s08 approach 0,Combining Synthetic science hypothesis generation scenario 0 with resource-limited collaboration changes performance. Test with matched initial states.,Controlled graph benchmark and matched trials. Add independent runs and a no-sharing control.,demo_science_00,,,
b98df553241309c0,science study s11 approach 0,Combining Synthetic science hypothesis generation scenario 0 with resource-limited collaboration changes performance. Test with matched initial states.,Controlled graph benchmark and matched trials. Add independent runs and a no-sharing control.,demo_science_00,,,
baf1533ce8b852fe,agents study s00 approach 1,Combining Synthetic agents planning scenario 7 with resource-limited collaboration changes performance. Test with matched initial states.,Cross-domain transfer with randomized team composition and ablations. Add independent runs and a no-sharing control.,demo_agents_07,,,
bafde5e642262c9d,agents study s09 approach 1,Combining Synthetic agents planning scenario 7 with resource-limited collaboration changes performance. Test with matched initial states.,Cross-domain transfer with randomized team composition and ablations. Add independent runs and a no-sharing control.,demo_agents_07,,,
bb6968b188ed7cc5,science study s17 approach 0,Combining Synthetic science hypothesis generation scenario 0 with resource-limited collaboration changes performance. Test with matched initial states.,Controlled graph benchmark and matched trials. Add independent runs and a no-sharing control.,demo_science_00,,,
bb88eec9f31d509e,science study s05 approach 1,Combining Synthetic science paper retrieval scenario 1 with resource-limited collaboration changes performance. Test with matched initial states.,Cross-domain transfer with randomized team composition and ablations. Add independent runs and a no-sharing control.,demo_science_01,,,
bc78a987538cbf6d,science study s02 approach 0,Combining Synthetic science hypothesis generation scenario 0 with resource-limited collaboration changes performance. Test with matched initial states.,Controlled graph benchmark and matched trials. Add independent runs and a no-sharing control.,demo_science_00,,,
bca38ac2888d091e,learning study s04 approach 1,Combining Synthetic learning exploration scenario 7 with resource-limited collaboration changes performance.,Cross-domain transfer with randomized team composition and ablations.,demo_learning_07,,,
bcc45127c1f33df0,learning study s04 approach 1,Combining Synthetic learning exploration scenario 7 with resource-limited collaboration changes performance. Test with matched initial states.,Cross-domain transfer with randomized team composition and ablations. Add independent runs and a no-sharing control.,demo_learning_07,,,
bcd66620cc363f33,agents study s09 approach 0,Combining Synthetic agents planning scenario 3 with resource-limited collaboration changes performance. Test with matched initial states.,Controlled graph benchmark and matched trials. Add independent runs and a no-sharing control.,demo_agents_03,,,
bd2138100a38d7d3,learning study s19 approach 0,Combining Synthetic learning exploration scenario 3 with resource-limited collaboration changes performance.,Controlled graph benchmark and matched trials.,demo_learning_03,,,
bd43a9c3875ae90b,agents study s06 approach 1,Combining Synthetic agents planning scenario 7 with resource-limited collaboration changes performance. Test with matched initial states.,Cross-domain transfer with randomized team composition and ablations. Add independent runs and a no-sharing control.,demo_agents_07,,,
bd8af47b89170695,science study s02 approach 1,Combining Synthetic science paper retrieval scenario 1 with resource-limited collaboration changes performance. Test with matched initial states.,Cross-domain transfer with randomized team composition and ablations. Add independent runs and a no-sharing control.,demo_science_01,,,
bd961ce8a070650d,science study s05 approach 0,Combining Synthetic science hypothesis generation scenario 0 with resource-limited collaboration changes performance.,Controlled graph benchmark and matched trials.,demo_science_00,,,
bd9f246b1969555b,learning study s13 approach 0,Combining Synthetic learning exploration scenario 3 with resource-limited collaboration changes performance.,Controlled graph benchmark and matched trials.,demo_learning_03,,,
bdc580e11ea89c02,learning study s07 approach 0,Combining Synthetic learning exploration scenario 3 with resource-limited collaboration changes performance. Test with matched initial states.,Controlled graph benchmark and matched trials. Add independent runs and a no-sharing control.,demo_learning_03,,,
bec22c55ab500201,science study s08 approach 0,Combining Synthetic science hypothesis generation scenario 0 with resource-limited collaboration changes performance. Test with matched initial states.,Controlled graph benchmark and matched trials. Add independent runs and a no-sharing control.,demo_science_00,,,
bf0076da17b349bc,agents study s06 approach 1,Combining Synthetic agents planning scenario 7 with resource-limited collaboration changes performance. Test with matched initial states.,Cross-domain transfer with randomized team composition and ablations. Add independent runs and a no-sharing control.,demo_agents_07,,,
bf0c7151a3acb97c,agents study s09 approach 0,Combining Synthetic agents planning scenario 3 with resource-limited collaboration changes performance. Test with matched initial states.,Controlled graph benchmark and matched trials. Add independent runs and a no-sharing control.,demo_agents_03,,,
bf109e292a0e0124,agents study s12 approach 1,Combining Synthetic agents planning scenario 7 with resource-limited collaboration changes performance. Test with matched initial states.,Cross-domain transfer with randomized team composition and ablations. Add independent runs and a no-sharing control.,demo_agents_07,,,
bf1d323e5c721195,learning study s16 approach 1,Combining Synthetic learning exploration scenario 7 with resource-limited collaboration changes performance. Test with matched initial states.,Cross-domain transfer with randomized team composition and ablations. Add independent runs and a no-sharing control.,demo_learning_07,,,
bf50393d3e91927f,agents study s12 approach 0,Combining Synthetic agents planning scenario 3 with resource-limited collaboration changes performance. Test with matched initial states.,Controlled graph benchmark and matched trials. Add independent runs and a no-sharing control.,demo_agents_03,,,
bf699a5a297c821a,science study s17 approach 1,Combining Synthetic science paper retrieval scenario 1 with resource-limited collaboration changes performance. Test with matched initial states.,Cross-domain transfer with randomized team composition and ablations. Add independent runs and a no-sharing control.,demo_science_01,,,
bf79d03c51eaa3ef,learning study s04 approach 0,Combining Synthetic learning exploration scenario 3 with resource-limited collaboration changes performance. Test with matched initial states.,Controlled graph benchmark and matched trials. Add independent runs and a no-sharing control.,demo_learning_03,,,
bf88cb6a53df5e91,learning study s19 approach 0,Combining Synthetic learning exploration scenario 3 with resource-limited collaboration changes performance.,Controlled graph benchmark and matched trials.,demo_learning_03,,,
bfbae12a34e0d876,agents study s00 approach 0,Combining Synthetic agents planning scenario 3 with resource-limited collaboration changes performance. Test with matched initial states.,Controlled graph benchmark and matched trials. Add independent runs and a no-sharing control.,demo_agents_03,,,
bfe2038cb7a51682,agents study s18 approach 0,Combining Synthetic agents planning scenario 3 with resource-limited collaboration changes performance. Test with matched initial states.,Controlled graph benchmark and matched trials. Add independent runs and a no-sharing control.,demo_agents_03,,,
c001c4318a1aafbe,agents study s18 approach 1,Combining Synthetic agents planning scenario 7 with resource-limited collaboration changes performance. Test with matched initial states.,Cross-domain transfer with randomized team composition and ablations. Add independent runs and a no-sharing control.,demo_agents_07,,,
c04e7863541e8590,learning study s01 approach 0,Combining Synthetic learning exploration scenario 3 with resource-limited collaboration changes performance. Test with matched initial states.,Controlled graph benchmark and matched trials. Add independent runs and a no-sharing control.,demo_learning_03,,,
c0f9040fea884991,science study s08 approach 1,Combining Synthetic science paper retrieval scenario 1 with resource-limited collaboration changes performance. Test with matched initial states.,Cross-domain transfer with randomized team composition and ablations. Add independent runs and a no-sharing control.,demo_science_01,,,
c0fb55974156e677,science study s11 approach 0,Combining Synthetic science hypothesis generation scenario 0 with resource-limited collaboration changes performance.,Controlled graph benchmark and matched trials.,demo_science_00,,,
c1374b87e2e3c354,agents study s03 approach 0,Combining Synthetic agents planning scenario 3 with resource-limited collaboration changes performance. Test with matched initial states.,Controlled graph benchmark and matched trials. Add independent runs and a no-sharing control.,demo_agents_03,,,
c16852612ad09fe3,learning study s04 approach 0,Combining Synthetic learning exploration scenario 3 with resource-limited collaboration changes performance.,Controlled graph benchmark and matched trials.,demo_learning_03,,,
c19833ce042644ba,science study s11 approach 0,Combining Synthetic science hypothesis generation scenario 0 with resource-limited collaboration changes performance. Test with matched initial states.,Controlled graph benchmark and matched trials. Add independent runs and a no-sharing control.,demo_science_00,,,
c1cdac4ee4e79363,science study s02 approach 1,Combining Synthetic science paper retrieval scenario 1 with resource-limited collaboration changes performance. Test with matched initial states.,Cross-domain transfer with randomized team composition and ablations. Add independent runs and a no-sharing control.,demo_science_01,,,
c1ea2fd7ce253328,learning study s19 approach 1,Combining Synthetic learning exploration scenario 7 with resource-limited collaboration changes performance. Test with matched initial states.,Cross-domain transfer with randomized team composition and ablations. Add independent runs and a no-sharing control.,demo_learning_07,,,
c2245f3d55b55147,agents study s12 approach 0,Combining Synthetic agents planning scenario 3 with resource-limited collaboration changes performance. Test with matched initial states.,Controlled graph benchmark and matched trials. Add independent runs and a no-sharing control.,demo_agents_03,,,
c275033589a3662b,learning study s13 approach 1,Combining Synthetic learning exploration scenario 7 with resource-limited collaboration changes performance.,Cross-domain transfer with randomized team composition and ablations.,demo_learning_07,,,
c29077643a549051,agents study s06 approach 1,Combining Synthetic agents planning scenario 7 with resource-limited collaboration changes performance.,Cross-domain transfer with randomized team composition and ablations.,demo_agents_07,,,
c2b28785c33e8718,science study s02 approach 0,Combining Synthetic science hypothesis generation scenario 0 with resource-limited collaboration changes performance.,Controlled graph benchmark and matched trials.,demo_science_00,,,
c2b8c2c90a434cf4,learning study s13 approach 1,Combining Synthetic learning exploration scenario 7 with resource-limited collaboration changes performance.,Cross-domain transfer with randomized team composition and ablations.,demo_learning_07,,,
c2c4d868088dcc4a,learning study s04 approach 0,Combining Synthetic learning exploration scenario 3 with resource-limited collaboration changes performance.,Controlled graph benchmark and matched trials.,demo_learning_03,,,
c2ca070ac6d254d2,learning study s13 approach 1,Combining Synthetic learning exploration scenario 7 with resource-limited collaboration changes performance. Test with matched initial states.,Cross-domain transfer with randomized team composition and ablations. Add independent runs and a no-sharing control.,demo_learning_07,,,
c2f6830b69d30ed3,science study s08 approach 0,Combining Synthetic science hypothesis generation scenario 0 with resource-limited collaboration changes performance.,Controlled graph benchmark and matched trials.,demo_science_00,,,
c30a38a2cd38e9c8,science study s14 approach 0,Combining Synthetic science hypothesis generation scenario 0 with resource-limited collaboration changes performance.,Controlled graph benchmark and matched trials.,demo_science_00,,,
c33ac776c97eadb3,agents study s18 approach 1,Combining Synthetic agents planning scenario 7 with resource-limited collaboration changes performance. Test with matched initial states.,Cross-domain transfer with randomized team composition and ablations. Add independent runs and a no-sharing control.,demo_agents_07,,,
c3cd1d6b7ccac21a,agents study s00 approach 1,Combining Synthetic agents planning scenario 7 with resource-limited collaboration changes performance. Test with matched initial states.,Cross-domain transfer with randomized team composition and ablations. Add independent runs and a no-sharing control.,demo_agents_07,,,
c3dc1776bb77d395,agents study s12 approach 1,Combining Synthetic agents planning scenario 7 with resource-limited collaboration changes performance.,Cross-domain transfer with randomized team composition and ablations.,demo_agents_07,,,
c3fbf7911f65e514,agents study s09 approach 1,Combining Synthetic agents planning scenario 7 with resource-limited collaboration changes performance. Test with matched initial states.,Cross-domain transfer with randomized team composition and ablations. Add independent runs and a no-sharing control.,demo_agents_07,,,
c44f576b4c4f6795,science study s11 approach 0,Combining Synthetic science hypothesis generation scenario 0 with resource-limited collaboration changes performance. Test with matched initial states.,Controlled graph benchmark and matched trials. Add independent runs and a no-sharing control.,demo_science_00,,,
c46868f93ecefc56,agents study s12 approach 1,Combining Synthetic agents planning scenario 7 with resource-limited collaboration changes performance.,Cross-domain transfer with randomized team composition and ablations.,demo_agents_07,,,
c492b758220e487d,science study s05 approach 1,Combining Synthetic science paper retrieval scenario 1 with resource-limited collaboration changes performance. Test with matched initial states.,Cross-domain transfer with randomized team composition and ablations. Add independent runs and a no-sharing control.,demo_science_01,,,
c4bc5a9683504967,science study s14 approach 1,Combining Synthetic science paper retrieval scenario 1 with resource-limited collaboration changes performance. Test with matched initial states.,Cross-domain transfer with randomized team composition and ablations. Add independent runs and a no-sharing control.,demo_science_01,,,
c4c9e774158f007d,learning study s04 approach 1,Combining Synthetic learning exploration scenario 7 with resource-limited collaboration changes performance. Test with matched initial states.,Cross-domain transfer with randomized team composition and ablations. Add independent runs and a no-sharing control.,demo_learning_07,,,
c58ba1a9a13312bf,learning study s13 approach 1,Combining Synthetic learning exploration scenario 7 with resource-limited collaboration changes performance.,Cross-domain transfer with randomized team composition and ablations.,demo_learning_07,,,
c5990684a98e3b48,agents study s15 approach 0,Combining Synthetic agents planning scenario 3 with resource-limited collaboration changes performance. Test with matched initial states.,Controlled graph benchmark and matched trials. Add independent runs and a no-sharing control.,demo_agents_03,,,
c59ad1adaac63414,learning study s07 approach 1,Combining Synthetic learning exploration scenario 7 with resource-limited collaboration changes performance.,Cross-domain transfer with randomized team composition and ablations.,demo_learning_07,,,
c5b5ba0fc5619340,learning study s16 approach 1,Combining Synthetic learning exploration scenario 7 with resource-limited collaboration changes performance. Test with matched initial states.,Cross-domain transfer with randomized team composition and ablations. Add independent runs and a no-sharing control.,demo_learning_07,,,
c5c6a44465dd04bd,learning study s01 approach 1,Combining Synthetic learning exploration scenario 7 with resource-limited collaboration changes performance. Test with matched initial states.,Cross-domain transfer with randomized team composition and ablations. Add independent runs and a no-sharing control.,demo_learning_07,,,
c603cc7b81290e29,learning study s10 approach 1,Combining Synthetic learning exploration scenario 7 with resource-limited collaboration changes performance. Test with matched initial states.,Cross-domain transfer with randomized team composition and ablations. Add independent runs and a no-sharing control.,demo_learning_07,,,
c62b7e7fb9700bc6,learning study s19 approach 0,Combining Synthetic learning exploration scenario 3 with resource-limited collaboration changes performance.,Controlled graph benchmark and matched trials.,demo_learning_03,,,
c6ae9a9feff264be,agents study s03 approach 1,Combining Synthetic agents planning scenario 7 with resource-limited collaboration changes performance. Test with matched initial states.,Cross-domain transfer with randomized team composition and ablations. Add independent runs and a no-sharing control.,demo_agents_07,,,
c6e6b0ce57791d06,agents study s09 approach 0,Combining Synthetic agents planning scenario 3 with resource-limited collaboration changes performance. Test with matched initial states.,Controlled graph benchmark and matched trials. Add independent runs and a no-sharing control.,demo_agents_03,,,
c6fe44597ff8b0dc,agents study s00 approach 0,Combining Synthetic agents planning scenario 3 with resource-limited collaboration changes performance.,Controlled graph benchmark and matched trials.,demo_agents_03,,,
c7086f99a65536ca,learning study s19 approach 1,Combining Synthetic learning exploration scenario 7 with resource-limited collaboration changes performance. Test with matched initial states.,Cross-domain transfer with randomized team composition and ablations. Add independent runs and a no-sharing control.,demo_learning_07,,,
c70cd1a74a088a7e,science study s08 approach 0,Combining Synthetic science hypothesis generation scenario 0 with resource-limited collaboration changes performance.,Controlled graph benchmark and matched trials.,demo_science_00,,,
c76417432374dcf7,science study s02 approach 1,Combining Synthetic science paper retrieval scenario 1 with resource-limited collaboration changes performance.,Cross-domain transfer with randomized team composition and ablations.,demo_science_01,,,
c7e1d58f0dec7e38,agents study s12 approach 0,Combining Synthetic agents planning scenario 3 with resource-limited collaboration changes performance. Test with matched initial states.,Controlled graph benchmark and matched trials. Add independent runs and a no-sharing control.,demo_agents_03,,,
c7ffb02d8359cd45,science study s02 approach 1,Combining Synthetic science paper retrieval scenario 1 with resource-limited collaboration changes performance.,Cross-domain transfer with randomized team composition and ablations.,demo_science_01,,,
c8069d4f84ccd70b,learning study s19 approach 0,Combining Synthetic learning exploration scenario 3 with resource-limited collaboration changes performance.,Controlled graph benchmark and matched trials.,demo_learning_03,,,
c8b5b688a4af242c,learning study s01 approach 0,Combining Synthetic learning exploration scenario 3 with resource-limited collaboration changes performance.,Controlled graph benchmark and matched trials.,demo_learning_03,,,
c8d229ab16f34af4,learning study s16 approach 0,Combining Synthetic learning exploration scenario 3 with resource-limited collaboration changes performance. Test with matched initial states.,Controlled graph benchmark and matched trials. Add independent runs and a no-sharing control.,demo_learning_03,,,
c8de61ca4f85ffc0,agents study s00 approach 0,Combining Synthetic agents planning scenario 3 with resource-limited collaboration changes performance. Test with matched initial states.,Controlled graph benchmark and matched trials. Add independent runs and a no-sharing control.,demo_agents_03,,,
c8ff4be9f6694824,science study s14 approach 1,Combining Synthetic science paper retrieval scenario 1 with resource-limited collaboration changes performance. Test with matched initial states.,Cross-domain transfer with randomized team composition and ablations. Add independent runs and a no-sharing control.,demo_science_01,,,
c95c5625137a0d43,agents study s00 approach 1,Combining Synthetic agents planning scenario 7 with resource-limited collaboration changes performance. Test with matched initial states.,Cross-domain transfer with randomized team composition and ablations. Add independent runs and a no-sharing control.,demo_agents_07,,,
c97cac845b038213,agents study s12 approach 0,Combining Synthetic agents planning scenario 3 with resource-limited collaboration changes performance.,Controlled graph benchmark and matched trials.,demo_agents_03,,,
c9f63c9072fc8450,science study s11 approach 1,Combining Synthetic science paper retrieval scenario 1 with resource-limited collaboration changes performance. Test with matched initial states.,Cross-domain transfer with randomized team composition and ablations. Add independent runs and a no-sharing control.,demo_science_01,,,
c9fe369c52415e85,agents study s03 approach 0,Combining Synthetic agents planning scenario 3 with resource-limited collaboration changes performance.,Controlled graph benchmark and matched trials.,demo_agents_03,,,
ca00b6c8b50790bf,learning study s16 approach 1,Combining Synthetic learning exploration scenario 7 with resource-limited collaboration changes performance. Test with matched initial states.,Cross-domain transfer with randomized team composition and ablations. Add independent runs and a no-sharing control.,demo_learning_07,,,
ca752e9b0f93ee5d,learning study s16 approach 1,Combining Synthetic learning exploration scenario 7 with resource-limited collaboration changes performance. Test with matched initial states.,Cross-domain transfer with randomized team composition and ablations. Add independent runs and a no-sharing control.,demo_learning_07,,,
ca7b573251a966eb,learning study s04 approach 1,Combining Synthetic learning exploration scenario 7 with resource-limited collaboration changes performance. Test with matched initial states.,Cross-domain transfer with randomized team composition and ablations. Add independent runs and a no-sharing control.,demo_learning_07,,,
caa0350943692ccc,agents study s06 approach 0,Combining Synthetic agents planning scenario 3 with resource-limited collaboration changes performance. Test with matched initial states.,Controlled graph benchmark and matched trials. Add independent runs and a no-sharing control.,demo_agents_03,,,
cabc843005f07885,learning study s16 approach 0,Combining Synthetic learning exploration scenario 3 with resource-limited collaboration changes performance.,Controlled graph benchmark and matched trials.,demo_learning_03,,,
cad924150b1d3574,learning study s10 approach 1,Combining Synthetic learning exploration scenario 7 with resource-limited collaboration changes performance. Test with matched initial states.,Cross-domain transfer with randomized team composition and ablations. Add independent runs and a no-sharing control.,demo_learning_07,,,
cb204f054f5b5d43,agents study s09 approach 0,Combining Synthetic agents planning scenario 3 with resource-limited collaboration changes performance. Test with matched initial states.,Controlled graph benchmark and matched trials. Add independent runs and a no-sharing control.,demo_agents_03,,,
cb35a2c9a3469fcb,agents study s00 approach 0,Combining Synthetic agents planning scenario 3 with resource-limited collaboration changes performance.,Controlled graph benchmark and matched trials.,demo_agents_03,,,
cb4b482404ab0f04,learning study s04 approach 1,Combining Synthetic learning exploration scenario 7 with resource-limited collaboration changes performance.,Cross-domain transfer with randomized team composition and ablations.,demo_learning_07,,,
cb536b4c870b68d3,agents study s06 approach 0,Combining Synthetic agents planning scenario 3 with resource-limited collaboration changes performance. Test with matched initial states.,Controlled graph benchmark and matched trials. Add independent runs and a no-sharing control.,demo_agents_03,,,
cb717b2a3ea931ce,learning study s16 approach 0,Combining Synthetic learning exploration scenario 3 with resource-limited collaboration changes performance. Test with matched initial states.,Controlled graph benchmark and matched trials. Add independent runs and a no-sharing control.,demo_learning_03,,,
cb8dc26e908a3564,agents study s18 approach 1,Combining Synthetic agents planning scenario 7 with resource-limited collaboration changes performance. Test with matched initial states.,Cross-domain transfer with randomized team composition and ablations. Add independent runs and a no-sharing control.,demo_agents_07,,,
cb8f8e23aad1a9fa,agents study s06 approach 1,Combining Synthetic agents planning scenario 7 with resource-limited collaboration changes performance. Test with matched initial states.,Cross-domain transfer with randomized team composition and ablations. Add independent runs and a no-sharing control.,demo_agents_07,,,
cbdf4a39ba73e910,learning study s13 approach 0,Combining Synthetic learning exploration scenario 3 with resource-limited collaboration changes performance. Test with matched initial states.,Controlled graph benchmark and matched trials. Add independent runs and a no-sharing control.,demo_learning_03,,,
cc85b0ebaba6bd07,science study s17 approach 0,Combining Synthetic science hypothesis generation scenario 0 with resource-limited collaboration changes performance. Test with matched initial states.,Controlled graph benchmark and matched trials. Add independent runs and a no-sharing control.,demo_science_00,,,
cc9c8f65cfa3c00c,agents study s09 approach 0,Combining Synthetic agents planning scenario 3 with resource-limited collaboration changes performance. Test with matched initial states.,Controlled graph benchmark and matched trials. Add independent runs and a no-sharing control.,demo_agents_03,,,
ccdcd5a752fb5b84,agents study s00 approach 1,Combining Synthetic agents planning scenario 7 with resource-limited collaboration changes performance. Test with matched initial states.,Cross-domain transfer with randomized team composition and ablations. Add independent runs and a no-sharing control.,demo_agents_07,,,
ccf250ff9728e957,agents study s03 approach 0,Combining Synthetic agents planning scenario 3 with resource-limited collaboration changes performance. Test with matched initial states.,Controlled graph benchmark and matched trials. Add independent runs and a no-sharing control.,demo_agents_03,,,
ccfbd8e2fa097a0c,science study s02 approach 0,Combining Synthetic science hypothesis generation scenario 0 with resource-limited collaboration changes performance.,Controlled graph benchmark and matched trials.,demo_science_00,,,
cd43b86d18f36d49,learning study s01 approach 0,Combining Synthetic learning exploration scenario 3 with resource-limited collaboration changes performance. Test with matched initial states.,Controlled graph benchmark and matched trials. Add independent runs and a no-sharing control.,demo_learning_03,,,
cd825f8efa7bff55,agents study s12 approach 0,Combining Synthetic agents planning scenario 3 with resource-limited collaboration changes performance. Test with matched initial states.,Controlled graph benchmark and matched trials. Add independent runs and a no-sharing control.,demo_agents_03,,,
cd8920546a628132,science study s17 approach 0,Combining Synthetic science hypothesis generation scenario 0 with resource-limited collaboration changes performance. Test with matched initial states.,Controlled graph benchmark and matched trials. Add independent runs and a no-sharing control.,demo_science_00,,,
cdf51ddb2badb798,agents study s09 approach 1,Combining Synthetic agents planning scenario 7 with resource-limited collaboration changes performance. Test with matched initial states.,Cross-domain transfer with randomized team composition and ablations. Add independent runs and a no-sharing control.,demo_agents_07,,,
ce1049e39d958a85,agents study s12 approach 1,Combining Synthetic agents planning scenario 7 with resource-limited collaboration changes performance. Test with matched initial states.,Cross-domain transfer with randomized team composition and ablations. Add independent runs and a no-sharing control.,demo_agents_07,,,
ce73b947c2f65b2a,agents study s12 approach 0,Combining Synthetic agents planning scenario 3 with resource-limited collaboration changes performance. Test with matched initial states.,Controlled graph benchmark and matched trials. Add independent runs and a no-sharing control.,demo_agents_03,,,
ce895a6ed28c5231,agents study s06 approach 0,Combining Synthetic agents planning scenario 3 with resource-limited collaboration changes performance. Test with matched initial states.,Controlled graph benchmark and matched trials. Add independent runs and a no-sharing control.,demo_agents_03,,,
ce9b9a201c03721e,learning study s07 approach 0,Combining Synthetic learning exploration scenario 3 with resource-limited collaboration changes performance. Test with matched initial states.,Controlled graph benchmark and matched trials. Add independent runs and a no-sharing control.,demo_learning_03,,,
cefbc503cfc57789,science study s05 approach 1,Combining Synthetic science paper retrieval scenario 1 with resource-limited collaboration changes performance. Test with matched initial states.,Cross-domain transfer with randomized team composition and ablations. Add independent runs and a no-sharing control.,demo_science_01,,,
cf3c76b787501684,science study s05 approach 0,Combining Synthetic science hypothesis generation scenario 0 with resource-limited collaboration changes performance.,Controlled graph benchmark and matched trials.,demo_science_00,,,
cf5dbc499f2b3a00,agents study s18 approach 1,Combining Synthetic agents planning scenario 7 with resource-limited collaboration changes performance. Test with matched initial states.,Cross-domain transfer with randomized team composition and ablations. Add independent runs and a no-sharing control.,demo_agents_07,,,
cf64d6efb7015917,learning study s10 approach 1,Combining Synthetic learning exploration scenario 7 with resource-limited collaboration changes performance. Test with matched initial states.,Cross-domain transfer with randomized team composition and ablations. Add independent runs and a no-sharing control.,demo_learning_07,,,
cf7f146ebb95ff09,agents study s12 approach 0,Combining Synthetic agents planning scenario 3 with resource-limited collaboration changes performance. Test with matched initial states.,Controlled graph benchmark and matched trials. Add independent runs and a no-sharing control.,demo_agents_03,,,
cf8dd54d4735b1f9,agents study s15 approach 1,Combining Synthetic agents planning scenario 7 with resource-limited collaboration changes performance.,Cross-domain transfer with randomized team composition and ablations.,demo_agents_07,,,
cfa8355967f9a84d,learning study s13 approach 1,Combining Synthetic learning exploration scenario 7 with resource-limited collaboration changes performance.,Cross-domain transfer with randomized team composition and ablations.,demo_learning_07,,,
cfc03e2e107d6eab,agents study s18 approach 0,Combining Synthetic agents planning scenario 3 with resource-limited collaboration changes performance.,Controlled graph benchmark and matched trials.,demo_agents_03,,,
cfeca6f8d6cbf746,learning study s07 approach 1,Combining Synthetic learning exploration scenario 7 with resource-limited collaboration changes performance. Test with matched initial states.,Cross-domain transfer with randomized team composition and ablations. Add independent runs and a no-sharing control.,demo_learning_07,,,
cfef2036e9b90467,learning study s07 approach 0,Combining Synthetic learning exploration scenario 3 with resource-limited collaboration changes performance. Test with matched initial states.,Controlled graph benchmark and matched trials. Add independent runs and a no-sharing control.,demo_learning_03,,,
cffd6106efecffc2,learning study s07 approach 0,Combining Synthetic learning exploration scenario 3 with resource-limited collaboration changes performance. Test with matched initial states.,Controlled graph benchmark and matched trials. Add independent runs and a no-sharing control.,demo_learning_03,,,
d05ad5fc4c8de290,learning study s04 approach 0,Combining Synthetic learning exploration scenario 3 with resource-limited collaboration changes performance.,Controlled graph benchmark and matched trials.,demo_learning_03,,,
d0a9a30a797d3ff0,agents study s00 approach 0,Combining Synthetic agents planning scenario 3 with resource-limited collaboration changes performance.,Controlled graph benchmark and matched trials.,demo_agents_03,,,
d1088cea015f6728,learning study s19 approach 0,Combining Synthetic learning exploration scenario 3 with resource-limited collaboration changes performance. Test with matched initial states.,Controlled graph benchmark and matched trials. Add independent runs and a no-sharing control.,demo_learning_03,,,
d11121fcec8ecb33,agents study s03 approach 0,Combining Synthetic agents planning scenario 3 with resource-limited collaboration changes performance.,Controlled graph benchmark and matched trials.,demo_agents_03,,,
d158a24238966ac7,learning study s13 approach 1,Combining Synthetic learning exploration scenario 7 with resource-limited collaboration changes performance.,Cross-domain transfer with randomized team composition and ablations.,demo_learning_07,,,
d16acbbff50b223a,agents study s03 approach 1,Combining Synthetic agents planning scenario 7 with resource-limited collaboration changes performance. Test with matched initial states.,Cross-domain transfer with randomized team composition and ablations. Add independent runs and a no-sharing control.,demo_agents_07,,,
d1be6e5f1cbfca87,science study s17 approach 0,Combining Synthetic science hypothesis generation scenario 0 with resource-limited collaboration changes performance.,Controlled graph benchmark and matched trials.,demo_science_00,,,
d2208c360ba0f00f,science study s05 approach 0,Combining Synthetic science hypothesis generation scenario 0 with resource-limited collaboration changes performance.,Controlled graph benchmark and matched trials.,demo_science_00,,,
d255246ea795eb69,science study s14 approach 0,Combining Synthetic science hypothesis generation scenario 0 with resource-limited collaboration changes performance.,Controlled graph benchmark and matched trials.,demo_science_00,,,
d26049c671d5c620,learning study s04 approach 1,Combining Synthetic learning exploration scenario 7 with resource-limited collaboration changes performance.,Cross-domain transfer with randomized team composition and ablations.,demo_learning_07,,,
d2b6e8c9019bebb7,learning study s04 approach 1,Combining Synthetic learning exploration scenario 7 with resource-limited collaboration changes performance.,Cross-domain transfer with randomized team composition and ablations.,demo_learning_07,,,
d2f26dae00ca7e36,learning study s04 approach 0,Combining Synthetic learning exploration scenario 3 with resource-limited collaboration changes performance. Test with matched initial states.,Controlled graph benchmark and matched trials. Add independent runs and a no-sharing control.,demo_learning_03,,,
d3177ad2949368c3,science study s02 approach 1,Combining Synthetic science paper retrieval scenario 1 with resource-limited collaboration changes performance.,Cross-domain transfer with randomized team composition and ablations.,demo_science_01,,,
d36092ac2a973f1e,science study s17 approach 0,Combining Synthetic science hypothesis generation scenario 0 with resource-limited collaboration changes performance. Test with matched initial states.,Controlled graph benchmark and matched trials. Add independent runs and a no-sharing control.,demo_science_00,,,
d3a081e87e19cb93,agents study s09 approach 0,Combining Synthetic agents planning scenario 3 with resource-limited collaboration changes performance. Test with matched initial states.,Controlled graph benchmark and matched trials. Add independent runs and a no-sharing control.,demo_agents_03,,,
d3ec5475f7df4fba,learning study s16 approach 0,Combining Synthetic learning exploration scenario 3 with resource-limited collaboration changes performance. Test with matched initial states.,Controlled graph benchmark and matched trials. Add independent runs and a no-sharing control.,demo_learning_03,,,
d44da586b3b769cf,science study s05 approach 1,Combining Synthetic science paper retrieval scenario 1 with resource-limited collaboration changes performance. Test with matched initial states.,Cross-domain transfer with randomized team composition and ablations. Add independent runs and a no-sharing control.,demo_science_01,,,
d461e5ff846eb7c5,learning study s19 approach 0,Combining Synthetic learning exploration scenario 3 with resource-limited collaboration changes performance.,Controlled graph benchmark and matched trials.,demo_learning_03,,,
d5104c8b1193bf64,agents study s09 approach 0,Combining Synthetic agents planning scenario 3 with resource-limited collaboration changes performance. Test with matched initial states.,Controlled graph benchmark and matched trials. Add independent runs and a no-sharing control.,demo_agents_03,,,
d516597eb4d4afad,learning study s04 approach 0,Combining Synthetic learning exploration scenario 3 with resource-limited collaboration changes performance.,Controlled graph benchmark and matched trials.,demo_learning_03,,,
d516e8d354999a3f,agents study s06 approach 0,Combining Synthetic agents planning scenario 3 with resource-limited collaboration changes performance. Test with matched initial states.,Controlled graph benchmark and matched trials. Add independent runs and a no-sharing control.,demo_agents_03,,,
d53989c8f75389cd,learning study s04 approach 1,Combining Synthetic learning exploration scenario 7 with resource-limited collaboration changes performance.,Cross-domain transfer with randomized team composition and ablations.,demo_learning_07,,,
d53f39462de3e02c,science study s02 approach 1,Combining Synthetic science paper retrieval scenario 1 with resource-limited collaboration changes performance. Test with matched initial states.,Cross-domain transfer with randomized team composition and ablations. Add independent runs and a no-sharing control.,demo_science_01,,,
d56c175f95f53906,learning study s19 approach 0,Combining Synthetic learning exploration scenario 3 with resource-limited collaboration changes performance. Test with matched initial states.,Controlled graph benchmark and matched trials. Add independent runs and a no-sharing control.,demo_learning_03,,,
d57ff94c2edb3e02,science study s14 approach 1,Combining Synthetic science paper retrieval scenario 1 with resource-limited collaboration changes performance. Test with matched initial states.,Cross-domain transfer with randomized team composition and ablations. Add independent runs and a no-sharing control.,demo_science_01,,,
d58fdbf524fbed90,learning study s04 approach 0,Combining Synthetic learning exploration scenario 3 with resource-limited collaboration changes performance.,Controlled graph benchmark and matched trials.,demo_learning_03,,,
d5977b31fca398df,learning study s01 approach 0,Combining Synthetic learning exploration scenario 3 with resource-limited collaboration changes performance. Test with matched initial states.,Controlled graph benchmark and matched trials. Add independent runs and a no-sharing control.,demo_learning_03,,,
d6078188648b735c,agents study s00 approach 0,Combining Synthetic agents planning scenario 3 with resource-limited collaboration changes performance.,Controlled graph benchmark and matched trials.,demo_agents_03,,,
d6502b3b4e07ac9c,science study s14 approach 0,Combining Synthetic science hypothesis generation scenario 0 with resource-limited collaboration changes performance.,Controlled graph benchmark and matched trials.,demo_science_00,,,
d6c98164462ebc34,agents study s18 approach 1,Combining Synthetic agents planning scenario 7 with resource-limited collaboration changes performance.,Cross-domain transfer with randomized team composition and ablations.,demo_agents_07,,,
d712f5c2b69f036b,agents study s06 approach 0,Combining Synthetic agents planning scenario 3 with resource-limited collaboration changes performance.,Controlled graph benchmark and matched trials.,demo_agents_03,,,
d740fa49bb16f63a,learning study s16 approach 1,Combining Synthetic learning exploration scenario 7 with resource-limited collaboration changes performance.,Cross-domain transfer with randomized team composition and ablations.,demo_learning_07,,,
d7aa52c9c81f35b5,science study s14 approach 1,Combining Synthetic science paper retrieval scenario 1 with resource-limited collaboration changes performance.,Cross-domain transfer with randomized team composition and ablations.,demo_science_01,,,
d84b20ae6e528db5,learning study s07 approach 1,Combining Synthetic learning exploration scenario 7 with resource-limited collaboration changes performance.,Cross-domain transfer with randomized team composition and ablations.,demo_learning_07,,,
d84c6f8ab14c6a3b,agents study s09 approach 1,Combining Synthetic agents planning scenario 7 with resource-limited collaboration changes performance. Test with matched initial states.,Cross-domain transfer with randomized team composition and ablations. Add independent runs and a no-sharing control.,demo_agents_07,,,
d85b1c50c53ca63f,learning study s19 approach 1,Combining Synthetic learning exploration scenario 7 with resource-limited collaboration changes performance. Test with matched initial states.,Cross-domain transfer with randomized team composition and ablations. Add independent runs and a no-sharing control.,demo_learning_07,,,
d88c627bb5b960f5,learning study s19 approach 0,Combining Synthetic learning exploration scenario 3 with resource-limited collaboration changes performance.,Controlled graph benchmark and matched trials.,demo_learning_03,,,
d8c3122d732d5539,science study s05 approach 0,Combining Synthetic science hypothesis generation scenario 0 with resource-limited collaboration changes performance. Test with matched initial states.,Controlled graph benchmark and matched trials. Add independent runs and a no-sharing control.,demo_science_00,,,
d8cdd6c383282412,science study s14 approach 1,Combining Synthetic science paper retrieval scenario 1 with resource-limited collaboration changes performance. Test with matched initial states.,Cross-domain transfer with randomized team composition and ablations. Add independent runs and a no-sharing control.,demo_science_01,,,
d8d567271354c39f,agents study s18 approach 1,Combining Synthetic agents planning scenario 7 with resource-limited collaboration changes performance.,Cross-domain transfer with randomized team composition and ablations.,demo_agents_07,,,
d8f0e72a066ce9f1,agents study s09 approach 0,Combining Synthetic agents planning scenario 3 with resource-limited collaboration changes performance. Test with matched initial states.,Controlled graph benchmark and matched trials. Add independent runs and a no-sharing control.,demo_agents_03,,,
d9c9e89f3812ff11,learning study s07 approach 1,Combining Synthetic learning exploration scenario 7 with resource-limited collaboration changes performance. Test with matched initial states.,Cross-domain transfer with randomized team composition and ablations. Add independent runs and a no-sharing control.,demo_learning_07,,,
d9cbae94aab29f2a,agents study s15 approach 0,Combining Synthetic agents planning scenario 3 with resource-limited collaboration changes performance. Test with matched initial states.,Controlled graph benchmark and matched trials. Add independent runs and a no-sharing control.,demo_agents_03,,,
d9db2fa52adc46c1,learning study s10 approach 1,Combining Synthetic learning exploration scenario 7 with resource-limited collaboration changes performance. Test with matched initial states.,Cross-domain transfer with randomized team composition and ablations. Add independent runs and a no-sharing control.,demo_learning_07,,,
da0398b755a224c4,science study s05 approach 1,Combining Synthetic science paper retrieval scenario 1 with resource-limited collaboration changes performance. Test with matched initial states.,Cross-domain transfer with randomized team composition and ablations. Add independent runs and a no-sharing control.,demo_science_01,,,
da2b7b0821639937,learning study s16 approach 1,Combining Synthetic learning exploration scenario 7 with resource-limited collaboration changes performance. Test with matched initial states.,Cross-domain transfer with randomized team composition and ablations. Add independent runs and a no-sharing control.,demo_learning_07,,,
da2f5221c366567c,learning study s04 approach 1,Combining Synthetic learning exploration scenario 7 with resource-limited collaboration changes performance. Test with matched initial states.,Cross-domain transfer with randomized team composition and ablations. Add independent runs and a no-sharing control.,demo_learning_07,,,
da4d618e1348b839,agents study s15 approach 0,Combining Synthetic agents planning scenario 3 with resource-limited collaboration changes performance. Test with matched initial states.,Controlled graph benchmark and matched trials. Add independent runs and a no-sharing control.,demo_agents_03,,,
db1042f3eb7d8780,science study s11 approach 1,Combining Synthetic science paper retrieval scenario 1 with resource-limited collaboration changes performance. Test with matched initial states.,Cross-domain transfer with randomized team composition and ablations. Add independent runs and a no-sharing control.,demo_science_01,,,
db1147f987bf654b,agents study s09 approach 1,Combining Synthetic agents planning scenario 7 with resource-limited collaboration changes performance.,Cross-domain transfer with randomized team composition and ablations.,demo_agents_07,,,
db1191501390a111,learning study s10 approach 1,Combining Synthetic learning exploration scenario 7 with resource-limited collaboration changes performance. Test with matched initial states.,Cross-domain transfer with randomized team composition and ablations. Add independent runs and a no-sharing control.,demo_learning_07,,,
db8309b0f127ffa7,science study s05 approach 0,Combining Synthetic science hypothesis generation scenario 0 with resource-limited collaboration changes performance.,Controlled graph benchmark and matched trials.,demo_science_00,,,
dbec2921325bb6f3,learning study s13 approach 1,Combining Synthetic learning exploration scenario 7 with resource-limited collaboration changes performance.,Cross-domain transfer with randomized team composition and ablations.,demo_learning_07,,,
dc22214ffa19eb9b,learning study s13 approach 0,Combining Synthetic learning exploration scenario 3 with resource-limited collaboration changes performance. Test with matched initial states.,Controlled graph benchmark and matched trials. Add independent runs and a no-sharing control.,demo_learning_03,,,
dd8269ec393aa857,agents study s09 approach 0,Combining Synthetic agents planning scenario 3 with resource-limited collaboration changes performance. Test with matched initial states.,Controlled graph benchmark and matched trials. Add independent runs and a no-sharing control.,demo_agents_03,,,
ddb8aec5888a32bb,learning study s16 approach 0,Combining Synthetic learning exploration scenario 3 with resource-limited collaboration changes performance. Test with matched initial states.,Controlled graph benchmark and matched trials. Add independent runs and a no-sharing control.,demo_learning_03,,,
ddcebc1aec3da739,learning study s16 approach 1,Combining Synthetic learning exploration scenario 7 with resource-limited collaboration changes performance. Test with matched initial states.,Cross-domain transfer with randomized team composition and ablations. Add independent runs and a no-sharing control.,demo_learning_07,,,
ddfe1c88571e1e47,learning study s13 approach 0,Combining Synthetic learning exploration scenario 3 with resource-limited collaboration changes performance. Test with matched initial states.,Controlled graph benchmark and matched trials. Add independent runs and a no-sharing control.,demo_learning_03,,,
de1cda0f8782d071,science study s02 approach 1,Combining Synthetic science paper retrieval scenario 1 with resource-limited collaboration changes performance.,Cross-domain transfer with randomized team composition and ablations.,demo_science_01,,,
de2142968373e990,science study s11 approach 0,Combining Synthetic science hypothesis generation scenario 0 with resource-limited collaboration changes performance. Test with matched initial states.,Controlled graph benchmark and matched trials. Add independent runs and a no-sharing control.,demo_science_00,,,
de32bd480b865811,agents study s12 approach 0,Combining Synthetic agents planning scenario 3 with resource-limited collaboration changes performance. Test with matched initial states.,Controlled graph benchmark and matched trials. Add independent runs and a no-sharing control.,demo_agents_03,,,
de854e258d8db17d,science study s17 approach 0,Combining Synthetic science hypothesis generation scenario 0 with resource-limited collaboration changes performance.,Controlled graph benchmark and matched trials.,demo_science_00,,,
dee167c4d8e53830,science study s02 approach 1,Combining Synthetic science paper retrieval scenario 1 with resource-limited collaboration changes performance. Test with matched initial states.,Cross-domain transfer with randomized team composition and ablations. Add independent runs and a no-sharing control.,demo_science_01,,,
df0a7a938fcb69f6,science study s14 approach 1,Combining Synthetic science paper retrieval scenario 1 with resource-limited collaboration changes performance. Test with matched initial states.,Cross-domain transfer with randomized team composition and ablations. Add independent runs and a no-sharing control.,demo_science_01,,,
df0c419fc49d6506,science study s02 approach 1,Combining Synthetic science paper retrieval scenario 1 with resource-limited collaboration changes performance.,Cross-domain transfer with randomized team composition and ablations.,demo_science_01,,,
df76e71e5b63908c,learning study s19 approach 0,Combining Synthetic learning exploration scenario 3 with resource-limited collaboration changes performance.,Controlled graph benchmark and matched trials.,demo_learning_03,,,
dfcbc5ce34de1a6f,learning study s13 approach 1,Combining Synthetic learning exploration scenario 7 with resource-limited collaboration changes performance.,Cross-domain transfer with randomized team composition and ablations.,demo_learning_07,,,
e0657fb4b1200a82,science study s14 approach 0,Combining Synthetic science hypothesis generation scenario 0 with resource-limited collaboration changes performance.,Controlled graph benchmark and matched trials.,demo_science_00,,,
e0658461519b81ef,learning study s10 approach 1,Combining Synthetic learning exploration scenario 7 with resource-limited collaboration changes performance.,Cross-domain transfer with randomized team composition and ablations.,demo_learning_07,,,
e1073d1ed2ae4e3f,agents study s06 approach 0,Combining Synthetic agents planning scenario 3 with resource-limited collaboration changes performance. Test with matched initial states.,Controlled graph benchmark and matched trials. Add independent runs and a no-sharing control.,demo_agents_03,,,
e1154cd318c4c348,agents study s00 approach 0,Combining Synthetic agents planning scenario 3 with resource-limited collaboration changes performance. Test with matched initial states.,Controlled graph benchmark and matched trials. Add independent runs and a no-sharing control.,demo_agents_03,,,
e15b02bdf1c790e2,science study s08 approach 0,Combining Synthetic science hypothesis generation scenario 0 with resource-limited collaboration changes performance. Test with matched initial states.,Controlled graph benchmark and matched trials. Add independent runs and a no-sharing control.,demo_science_00,,,
e1a88fdbee84a1cd,science study s02 approach 1,Combining Synthetic science paper retrieval scenario 1 with resource-limited collaboration changes performance. Test with matched initial states.,Cross-domain transfer with randomized team composition and ablations. Add independent runs and a no-sharing control.,demo_science_01,,,
e1bef7d72bac8444,science study s02 approach 1,Combining Synthetic science paper retrieval scenario 1 with resource-limited collaboration changes performance.,Cross-domain transfer with randomized team composition and ablations.,demo_science_01,,,
e1e616fba354fe19,agents study s03 approach 0,Combining Synthetic agents planning scenario 3 with resource-limited collaboration changes performance. Test with matched initial states.,Controlled graph benchmark and matched trials. Add independent runs and a no-sharing control.,demo_agents_03,,,
e24e11b57459ccc8,agents study s06 approach 0,Combining Synthetic agents planning scenario 3 with resource-limited collaboration changes performance. Test with matched initial states.,Controlled graph benchmark and matched trials. Add independent runs and a no-sharing control.,demo_agents_03,,,
e2690c0c9ac622d3,agents study s18 approach 1,Combining Synthetic agents planning scenario 7 with resource-limited collaboration changes performance. Test with matched initial states.,Cross-domain transfer with randomized team composition and ablations. Add independent runs and a no-sharing control.,demo_agents_07,,,
e2787e72795ccf05,science study s17 approach 0,Combining Synthetic science hypothesis generation scenario 0 with resource-limited collaboration changes performance. Test with matched initial states.,Controlled graph benchmark and matched trials. Add independent runs and a no-sharing control.,demo_science_00,,,
e2a308076ff72f43,learning study s04 approach 0,Combining Synthetic learning exploration scenario 3 with resource-limited collaboration changes performance.,Controlled graph benchmark and matched trials.,demo_learning_03,,,
e2b28c8a34282a37,science study s05 approach 1,Combining Synthetic science paper retrieval scenario 1 with resource-limited collaboration changes performance. Test with matched initial states.,Cross-domain transfer with randomized team composition and ablations. Add independent runs and a no-sharing control.,demo_science_01,,,
e2f36912ca7e501d,agents study s09 approach 0,Combining Synthetic agents planning scenario 3 with resource-limited collaboration changes performance. Test with matched initial states.,Controlled graph benchmark and matched trials. Add independent runs and a no-sharing control.,demo_agents_03,,,
e35077e012595936,science study s14 approach 0,Combining Synthetic science hypothesis generation scenario 0 with resource-limited collaboration changes performance. Test with matched initial states.,Controlled graph benchmark and matched trials. Add independent runs and a no-sharing control.,demo_science_00,,,
e3aa11d6441954ca,learning study s01 approach 0,Combining Synthetic learning exploration scenario 3 with resource-limited collaboration changes performance. Test with matched initial states.,Controlled graph benchmark and matched trials. Add independent runs and a no-sharing control.,demo_learning_03,,,
e3b3666b83bc1395,science study s11 approach 1,Combining Synthetic science paper retrieval scenario 1 with resource-limited collaboration changes performance. Test with matched initial states.,Cross-domain transfer with randomized team composition and ablations. Add independent runs and a no-sharing control.,demo_science_01,,,
e3ca22f09337ed6f,agents study s00 approach 0,Combining Synthetic agents planning scenario 3 with resource-limited collaboration changes performance.,Controlled graph benchmark and matched trials.,demo_agents_03,,,
e3d50a9cf7ea5ce5,agents study s18 approach 0,Combining Synthetic agents planning scenario 3 with resource-limited collaboration changes performance.,Controlled graph benchmark and matched trials.,demo_agents_03,,,
e42309e8663d17a8,agents study s15 approach 0,Combining Synthetic agents planning scenario 3 with resource-limited collaboration changes performance. Test with matched initial states.,Controlled graph benchmark and matched trials. Add independent runs and a no-sharing control.,demo_agents_03,,,
e43f3633a614751c,learning study s10 approach 0,Combining Synthetic learning exploration scenario 3 with resource-limited collaboration changes performance. Test with matched initial states.,Controlled graph benchmark and matched trials. Add independent runs and a no-sharing control.,demo_learning_03,,,
e476f08230074de4,learning study s07 approach 1,Combining Synthetic learning exploration scenario 7 with resource-limited collaboration changes performance. Test with matched initial states.,Cross-domain transfer with randomized team composition and ablations. Add independent runs and a no-sharing control.,demo_learning_07,,,
e481108aa8aa121f,learning study s19 approach 0,Combining Synthetic learning exploration scenario 3 with resource-limited collaboration changes performance. Test with matched initial states.,Controlled graph benchmark and matched trials. Add independent runs and a no-sharing control.,demo_learning_03,,,
e4a4e5780cdf0b9c,science study s05 approach 1,Combining Synthetic science paper retrieval scenario 1 with resource-limited collaboration changes performance.,Cross-domain transfer with randomized team composition and ablations.,demo_science_01,,,
e4bc775f5763baf1,learning study s04 approach 0,Combining Synthetic learning exploration scenario 3 with resource-limited collaboration changes performance.,Controlled graph benchmark and matched trials.,demo_learning_03,,,
e4e0c37794641b75,agents study s15 approach 0,Combining Synthetic agents planning scenario 3 with resource-limited collaboration changes performance. Test with matched initial states.,Controlled graph benchmark and matched trials. Add independent runs and a no-sharing control.,demo_agents_03,,,
e50cdf030be2a867,agents study s03 approach 0,Combining Synthetic agents planning scenario 3 with resource-limited collaboration changes performance.,Controlled graph benchmark and matched trials.,demo_agents_03,,,
e51f0dc9d25eb7ba,agents study s18 approach 0,Combining Synthetic agents planning scenario 3 with resource-limited collaboration changes performance.,Controlled graph benchmark and matched trials.,demo_agents_03,,,
e532bafbe0e70848,agents study s12 approach 0,Combining Synthetic agents planning scenario 3 with resource-limited collaboration changes performance. Test with matched initial states.,Controlled graph benchmark and matched trials. Add independent runs and a no-sharing control.,demo_agents_03,,,
e5836a337821ca27,learning study s07 approach 1,Combining Synthetic learning exploration scenario 7 with resource-limited collaboration changes performance.,Cross-domain transfer with randomized team composition and ablations.,demo_learning_07,,,
e6110174a079b154,agents study s06 approach 0,Combining Synthetic agents planning scenario 3 with resource-limited collaboration changes performance. Test with matched initial states.,Controlled graph benchmark and matched trials. Add independent runs and a no-sharing control.,demo_agents_03,,,
e63d07dc0bcb6a50,agents study s15 approach 1,Combining Synthetic agents planning scenario 7 with resource-limited collaboration changes performance.,Cross-domain transfer with randomized team composition and ablations.,demo_agents_07,,,
e654183ec17f2edd,learning study s10 approach 1,Combining Synthetic learning exploration scenario 7 with resource-limited collaboration changes performance. Test with matched initial states.,Cross-domain transfer with randomized team composition and ablations. Add independent runs and a no-sharing control.,demo_learning_07,,,
e6704553d1dc166f,learning study s16 approach 0,Combining Synthetic learning exploration scenario 3 with resource-limited collaboration changes performance. Test with matched initial states.,Controlled graph benchmark and matched trials. Add independent runs and a no-sharing control.,demo_learning_03,,,
e6e046ed61f15b4c,agents study s09 approach 0,Combining Synthetic agents planning scenario 3 with resource-limited collaboration changes performance.,Controlled graph benchmark and matched trials.,demo_agents_03,,,
e6fedd5e1f01bd36,learning study s16 approach 1,Combining Synthetic learning exploration scenario 7 with resource-limited collaboration changes performance.,Cross-domain transfer with randomized team composition and ablations.,demo_learning_07,,,
e74b43c2845c7ea9,learning study s01 approach 0,Combining Synthetic learning exploration scenario 3 with resource-limited collaboration changes performance.,Controlled graph benchmark and matched trials.,demo_learning_03,,,
e82eb6e115a3c759,science study s11 approach 0,Combining Synthetic science hypothesis generation scenario 0 with resource-limited collaboration changes performance. Test with matched initial states.,Controlled graph benchmark and matched trials. Add independent runs and a no-sharing control.,demo_science_00,,,
e85071e48f20c609,learning study s10 approach 1,Combining Synthetic learning exploration scenario 7 with resource-limited collaboration changes performance.,Cross-domain transfer with randomized team composition and ablations.,demo_learning_07,,,
e864680fd7923989,learning study s07 approach 0,Combining Synthetic learning exploration scenario 3 with resource-limited collaboration changes performance. Test with matched initial states.,Controlled graph benchmark and matched trials. Add independent runs and a no-sharing control.,demo_learning_03,,,
e8cc33fb61c8b3bc,agents study s00 approach 0,Combining Synthetic agents planning scenario 3 with resource-limited collaboration changes performance. Test with matched initial states.,Controlled graph benchmark and matched trials. Add independent runs and a no-sharing control.,demo_agents_03,,,
e8cd9791012bd45f,learning study s10 approach 1,Combining Synthetic learning exploration scenario 7 with resource-limited collaboration changes performance. Test with matched initial states.,Cross-domain transfer with randomized team composition and ablations. Add independent runs and a no-sharing control.,demo_learning_07,,,
e9507018e61d369a,science study s02 approach 0,Combining Synthetic science hypothesis generation scenario 0 with resource-limited collaboration changes performance. Test with matched initial states.,Controlled graph benchmark and matched trials. Add independent runs and a no-sharing control.,demo_science_00,,,
e9d884894c2cabb6,science study s14 approach 1,Combining Synthetic science paper retrieval scenario 1 with resource-limited collaboration changes performance.,Cross-domain transfer with randomized team composition and ablations.,demo_science_01,,,
eaa22e7aa972e1a8,science study s14 approach 1,Combining Synthetic science paper retrieval scenario 1 with resource-limited collaboration changes performance. Test with matched initial states.,Cross-domain transfer with randomized team composition and ablations. Add independent runs and a no-sharing control.,demo_science_01,,,
eb0d2016358a1da5,science study s17 approach 0,Combining Synthetic science hypothesis generation scenario 0 with resource-limited collaboration changes performance. Test with matched initial states.,Controlled graph benchmark and matched trials. Add independent runs and a no-sharing control.,demo_science_00,,,
eb2b0c58e077d8b9,learning study s19 approach 0,Combining Synthetic learning exploration scenario 3 with resource-limited collaboration changes performance.,Controlled graph benchmark and matched trials.,demo_learning_03,,,
eb5891fc9a507929,science study s02 approach 0,Combining Synthetic science hypothesis generation scenario 0 with resource-limited collaboration changes performance.,Controlled graph benchmark and matched trials.,demo_science_00,,,
eb79d4ad43a4d767,science study s08 approach 0,Combining Synthetic science hypothesis generation scenario 0 with resource-limited collaboration changes performance. Test with matched initial states.,Controlled graph benchmark and matched trials. Add independent runs and a no-sharing control.,demo_science_00,,,
eb9511bd1fb94ae6,learning study s07 approach 1,Combining Synthetic learning exploration scenario 7 with resource-limited collaboration changes performance.,Cross-domain transfer with randomized team composition and ablations.,demo_learning_07,,,
ebd22406fad451cc,science study s14 approach 0,Combining Synthetic science hypothesis generation scenario 0 with resource-limited collaboration changes performance.,Controlled graph benchmark and matched trials.,demo_science_00,,,
ebd5bbb64b88222a,learning study s16 approach 0,Combining Synthetic learning exploration scenario 3 with resource-limited collaboration changes performance.,Controlled graph benchmark and matched trials.,demo_learning_03,,,
ec06309bd80bdb1f,agents study s18 approach 0,Combining Synthetic agents planning scenario 3 with resource-limited collaboration changes performance.,Controlled graph benchmark and matched trials.,demo_agents_03,,,
ec09200af2c61226,learning study s07 approach 1,Combining Synthetic learning exploration scenario 7 with resource-limited collaboration changes performance. Test with matched initial states.,Cross-domain transfer with randomized team composition and ablations. Add independent runs and a no-sharing control.,demo_learning_07,,,
eca5ec9f672bed3f,science study s02 approach 1,Combining Synthetic science paper retrieval scenario 1 with resource-limited collaboration changes performance.,Cross-domain transfer with randomized team composition and ablations.,demo_science_01,,,
ecc46c4bf58115fe,agents study s15 approach 0,Combining Synthetic agents planning scenario 3 with resource-limited collaboration changes performance.,Controlled graph benchmark and matched trials.,demo_agents_03,,,
ecf25019f6bd435f,agents study s15 approach 1,Combining Synthetic agents planning scenario 7 with resource-limited collaboration changes performance.,Cross-domain transfer with randomized team composition and ablations.,demo_agents_07,,,
ecf475d6b7aa18f8,learning study s16 approach 1,Combining Synthetic learning exploration scenario 7 with resource-limited collaboration changes performance.,Cross-domain transfer with randomized team composition and ablations.,demo_learning_07,,,
ecf73f910bd769c8,agents study s09 approach 0,Combining Synthetic agents planning scenario 3 with resource-limited collaboration changes performance. Test with matched initial states.,Controlled graph benchmark and matched trials. Add independent runs and a no-sharing control.,demo_agents_03,,,
ed16145bce348b91,agents study s18 approach 0,Combining Synthetic agents planning scenario 3 with resource-limited collaboration changes performance. Test with matched initial states.,Controlled graph benchmark and matched trials. Add independent runs and a no-sharing control.,demo_agents_03,,,
ed44d072cf450ce6,learning study s13 approach 0,Combining Synthetic learning exploration scenario 3 with resource-limited collaboration changes performance. Test with matched initial states.,Controlled graph benchmark and matched trials. Add independent runs and a no-sharing control.,demo_learning_03,,,
ed5b66c249bb8dba,agents study s00 approach 0,Combining Synthetic agents planning scenario 3 with resource-limited collaboration changes performance.,Controlled graph benchmark and matched trials.,demo_agents_03,,,
edb0ca8fad70bf3d,learning study s04 approach 1,Combining Synthetic learning exploration scenario 7 with resource-limited collaboration changes performance. Test with matched initial states.,Cross-domain transfer with randomized team composition and ablations. Add independent runs and a no-sharing control.,demo_learning_07,,,
edd56b2e077dfdbd,agents study s03 approach 1,Combining Synthetic agents planning scenario 7 with resource-limited collaboration changes performance. Test with matched initial states.,Cross-domain transfer with randomized team composition and ablations. Add independent runs and a no-sharing control.,demo_agents_07,,,
edf4b4086a19f142,learning study s19 approach 1,Combining Synthetic learning exploration scenario 7 with resource-limited collaboration changes performance. Test with matched initial states.,Cross-domain transfer with randomized team composition and ablations. Add independent runs and a no-sharing control.,demo_learning_07,,,
ee03414f61d64c6a,learning study s10 approach 1,Combining Synthetic learning exploration scenario 7 with resource-limited collaboration changes performance. Test with matched initial states.,Cross-domain transfer with randomized team composition and ablations. Add independent runs and a no-sharing control.,demo_learning_07,,,
ee0682bf7cddf646,science study s08 approach 0,Combining Synthetic science hypothesis generation scenario 0 with resource-limited collaboration changes performance.,Controlled graph benchmark and matched trials.,demo_science_00,,,
ee3c36557df50e81,science study s17 approach 0,Combining Synthetic science hypothesis generation scenario 0 with resource-limited collaboration changes performance. Test with matched initial states.,Controlled graph benchmark and matched trials. Add independent runs and a no-sharing control.,demo_science_00,,,
ee3f5cba27d21a14,agents study s03 approach 0,Combining Synthetic agents planning scenario 3 with resource-limited collaboration changes performance.,Controlled graph benchmark and matched trials.,demo_agents_03,,,
ee4e4b0000c30307,agents study s15 approach 1,Combining Synthetic agents planning scenario 7 with resource-limited collaboration changes performance. Test with matched initial states.,Cross-domain transfer with randomized team composition and ablations. Add independent runs and a no-sharing control.,demo_agents_07,,,
ee6b10daaead177c,learning study s07 approach 1,Combining Synthetic learning exploration scenario 7 with resource-limited collaboration changes performance. Test with matched initial states.,Cross-domain transfer with randomized team composition and ablations. Add independent runs and a no-sharing control.,demo_learning_07,,,
ee891b6e703127d4,learning study s04 approach 1,Combining Synthetic learning exploration scenario 7 with resource-limited collaboration changes performance. Test with matched initial states.,Cross-domain transfer with randomized team composition and ablations. Add independent runs and a no-sharing control.,demo_learning_07,,,
ee98ef9941a9a404,learning study s13 approach 0,Combining Synthetic learning exploration scenario 3 with resource-limited collaboration changes performance. Test with matched initial states.,Controlled graph benchmark and matched trials. Add independent runs and a no-sharing control.,demo_learning_03,,,
eebeb22648009fdf,science study s17 approach 1,Combining Synthetic science paper retrieval scenario 1 with resource-limited collaboration changes performance.,Cross-domain transfer with randomized team composition and ablations.,demo_science_01,,,
eec9fcba6c184654,science study s17 approach 0,Combining Synthetic science hypothesis generation scenario 0 with resource-limited collaboration changes performance. Test with matched initial states.,Controlled graph benchmark and matched trials. Add independent runs and a no-sharing control.,demo_science_00,,,
eecbae7dde594c5c,science study s05 approach 1,Combining Synthetic science paper retrieval scenario 1 with resource-limited collaboration changes performance. Test with matched initial states.,Cross-domain transfer with randomized team composition and ablations. Add independent runs and a no-sharing control.,demo_science_01,,,
ef878ca4eae1b6c4,agents study s03 approach 1,Combining Synthetic agents planning scenario 7 with resource-limited collaboration changes performance. Test with matched initial states.,Cross-domain transfer with randomized team composition and ablations. Add independent runs and a no-sharing control.,demo_agents_07,,,
efd6821f2f26c3ce,learning study s19 approach 0,Combining Synthetic learning exploration scenario 3 with resource-limited collaboration changes performance. Test with matched initial states.,Controlled graph benchmark and matched trials. Add independent runs and a no-sharing control.,demo_learning_03,,,
efeb7b74822c4821,science study s08 approach 0,Combining Synthetic science hypothesis generation scenario 0 with resource-limited collaboration changes performance.,Controlled graph benchmark and matched trials.,demo_science_00,,,
f079b1f61fab2864,learning study s01 approach 0,Combining Synthetic learning exploration scenario 3 with resource-limited collaboration changes performance.,Controlled graph benchmark and matched trials.,demo_learning_03,,,
f0f4077450187319,science study s11 approach 0,Combining Synthetic science hypothesis generation scenario 0 with resource-limited collaboration changes performance. Test with matched initial states.,Controlled graph benchmark and matched trials. Add independent runs and a no-sharing control.,demo_science_00,,,
f11ee5934df5ffae,agents study s15 approach 1,Combining Synthetic agents planning scenario 7 with resource-limited collaboration changes performance.,Cross-domain transfer with randomized team composition and ablations.,demo_agents_07,,,
f1a9a0864826b44e,science study s17 approach 0,Combining Synthetic science hypothesis generation scenario 0 with resource-limited collaboration changes performance.,Controlled graph benchmark and matched trials.,demo_science_00,,,
f212a255de909787,science study s05 approach 1,Combining Synthetic science paper retrieval scenario 1 with resource-limited collaboration changes performance. Test with matched initial states.,Cross-domain transfer with randomized team composition and ablations. Add independent runs and a no-sharing control.,demo_science_01,,,
f235605aec47a1a0,agents study s00 approach 1,Combining Synthetic agents planning scenario 7 with resource-limited collaboration changes performance. Test with matched initial states.,Cross-domain transfer with randomized team composition and ablations. Add independent runs and a no-sharing control.,demo_agents_07,,,
f2a9cbec38ab09b7,learning study s19 approach 0,Combining Synthetic learning exploration scenario 3 with resource-limited collaboration changes performance.,Controlled graph benchmark and matched trials.,demo_learning_03,,,
f2bfbb3a7fa77977,agents study s15 approach 0,Combining Synthetic agents planning scenario 3 with resource-limited collaboration changes performance. Test with matched initial states.,Controlled graph benchmark and matched trials. Add independent runs and a no-sharing control.,demo_agents_03,,,
f2f80293c9c0f601,learning study s07 approach 1,Combining Synthetic learning exploration scenario 7 with resource-limited collaboration changes performance.,Cross-domain transfer with randomized team composition and ablations.,demo_learning_07,,,
f2f9ede994f6873b,science study s17 approach 0,Combining Synthetic science hypothesis generation scenario 0 with resource-limited collaboration changes performance. Test with matched initial states.,Controlled graph benchmark and matched trials. Add independent runs and a no-sharing control.,demo_science_00,,,
f32564b4b3746311,learning study s07 approach 0,Combining Synthetic learning exploration scenario 3 with resource-limited collaboration changes performance. Test with matched initial states.,Controlled graph benchmark and matched trials. Add independent runs and a no-sharing control.,demo_learning_03,,,
f327bc50f0f583e1,learning study s04 approach 0,Combining Synthetic learning exploration scenario 3 with resource-limited collaboration changes performance. Test with matched initial states.,Controlled graph benchmark and matched trials. Add independent runs and a no-sharing control.,demo_learning_03,,,
f33578fc3d454e51,agents study s12 approach 0,Combining Synthetic agents planning scenario 3 with resource-limited collaboration changes performance. Test with matched initial states.,Controlled graph benchmark and matched trials. Add independent runs and a no-sharing control.,demo_agents_03,,,
f34d9832998ef588,science study s08 approach 0,Combining Synthetic science hypothesis generation scenario 0 with resource-limited collaboration changes performance.,Controlled graph benchmark and matched trials.,demo_science_00,,,
f37ff600344812e7,science study s02 approach 0,Combining Synthetic science hypothesis generation scenario 0 with resource-limited collaboration changes performance.,Controlled graph benchmark and matched trials.,demo_science_00,,,
f38a7f0db95f30c1,agents study s18 approach 0,Combining Synthetic agents planning scenario 3 with resource-limited collaboration changes performance.,Controlled graph benchmark and matched trials.,demo_agents_03,,,
f3a3ce5c1b1dc4db,learning study s04 approach 0,Combining Synthetic learning exploration scenario 3 with resource-limited collaboration changes performance.,Controlled graph benchmark and matched trials.,demo_learning_03,,,
f3b17dd51fe50991,agents study s09 approach 0,Combining Synthetic agents planning scenario 3 with resource-limited collaboration changes performance. Test with matched initial states.,Controlled graph benchmark and matched trials. Add independent runs and a no-sharing control.,demo_agents_03,,,
f3d246fca02e5ede,learning study s04 approach 1,Combining Synthetic learning exploration scenario 7 with resource-limited collaboration changes performance.,Cross-domain transfer with randomized team composition and ablations.,demo_learning_07,,,
f3ec0c683ce901e0,science study s08 approach 0,Combining Synthetic science hypothesis generation scenario 0 with resource-limited collaboration changes performance.,Controlled graph benchmark and matched trials.,demo_science_00,,,
f485d596cf295ae6,agents study s15 approach 0,Combining Synthetic agents planning scenario 3 with resource-limited collaboration changes performance.,Controlled graph benchmark and matched trials.,demo_agents_03,,,
f4bad0b20427b9ae,learning study s07 approach 1,Combining Synthetic learning exploration scenario 7 with resource-limited collaboration changes performance. Test with matched initial states.,Cross-domain transfer with randomized team composition and ablations. Add independent runs and a no-sharing control.,demo_learning_07,,,
f50bdace8ba21a04,learning study s16 approach 1,Combining Synthetic learning exploration scenario 7 with resource-limited collaboration changes performance. Test with matched initial states.,Cross-domain transfer with randomized team composition and ablations. Add independent runs and a no-sharing control.,demo_learning_07,,,
f5547ab9fb6644ce,agents study s00 approach 1,Combining Synthetic agents planning scenario 7 with resource-limited collaboration changes performance. Test with matched initial states.,Cross-domain transfer with randomized team composition and ablations. Add independent runs and a no-sharing control.,demo_agents_07,,,
f55c6021d198ba3f,science study s02 approach 0,Combining Synthetic science hypothesis generation scenario 0 with resource-limited collaboration changes performance.,Controlled graph benchmark and matched trials.,demo_science_00,,,
f5c37b7f2d72586b,agents study s00 approach 0,Combining Synthetic agents planning scenario 3 with resource-limited collaboration changes performance. Test with matched initial states.,Controlled graph benchmark and matched trials. Add independent runs and a no-sharing control.,demo_agents_03,,,
f5c41a5e5e73c787,science study s08 approach 1,Combining Synthetic science paper retrieval scenario 1 with resource-limited collaboration changes performance.,Cross-domain transfer with randomized team composition and ablations.,demo_science_01,,,
f5cd6f6779f66a0e,learning study s19 approach 0,Combining Synthetic learning exploration scenario 3 with resource-limited collaboration changes performance.,Controlled graph benchmark and matched trials.,demo_learning_03,,,
f643c8770e34487c,agents study s18 approach 1,Combining Synthetic agents planning scenario 7 with resource-limited collaboration changes performance. Test with matched initial states.,Cross-domain transfer with randomized team composition and ablations. Add independent runs and a no-sharing control.,demo_agents_07,,,
f660b157dc79a4c1,learning study s04 approach 0,Combining Synthetic learning exploration scenario 3 with resource-limited collaboration changes performance.,Controlled graph benchmark and matched trials.,demo_learning_03,,,
f6a35db8ad91ed39,agents study s06 approach 1,Combining Synthetic agents planning scenario 7 with resource-limited collaboration changes performance. Test with matched initial states.,Cross-domain transfer with randomized team composition and ablations. Add independent runs and a no-sharing control.,demo_agents_07,,,
f6a503cb06d80749,science study s05 approach 0,Combining Synthetic science hypothesis generation scenario 0 with resource-limited collaboration changes performance. Test with matched initial states.,Controlled graph benchmark and matched trials. Add independent runs and a no-sharing control.,demo_science_00,,,
f72b8b3eaee85a7c,learning study s19 approach 1,Combining Synthetic learning exploration scenario 7 with resource-limited collaboration changes performance. Test with matched initial states.,Cross-domain transfer with randomized team composition and ablations. Add independent runs and a no-sharing control.,demo_learning_07,,,
f7338e9245b1d4d5,learning study s19 approach 1,Combining Synthetic learning exploration scenario 7 with resource-limited collaboration changes performance. Test with matched initial states.,Cross-domain transfer with randomized team composition and ablations. Add independent runs and a no-sharing control.,demo_learning_07,,,
f76c4e16280f43d8,learning study s19 approach 0,Combining Synthetic learning exploration scenario 3 with resource-limited collaboration changes performance.,Controlled graph benchmark and matched trials.,demo_learning_03,,,
f794cb9ae6ac9218,science study s14 approach 1,Combining Synthetic science paper retrieval scenario 1 with resource-limited collaboration changes performance. Test with matched initial states.,Cross-domain transfer with randomized team composition and ablations. Add independent runs and a no-sharing control.,demo_science_01,,,
f7a7b149d891897f,agents study s15 approach 1,Combining Synthetic agents planning scenario 7 with resource-limited collaboration changes performance.,Cross-domain transfer with randomized team composition and ablations.,demo_agents_07,,,
f7ca7274d1a848d9,science study s11 approach 1,Combining Synthetic science paper retrieval scenario 1 with resource-limited collaboration changes performance. Test with matched initial states.,Cross-domain transfer with randomized team composition and ablations. Add independent runs and a no-sharing control.,demo_science_01,,,
f83f24ccb3e9af7f,science study s11 approach 1,Combining Synthetic science paper retrieval scenario 1 with resource-limited collaboration changes performance. Test with matched initial states.,Cross-domain transfer with randomized team composition and ablations. Add independent runs and a no-sharing control.,demo_science_01,,,
f84bc482bafcf05d,science study s11 approach 1,Combining Synthetic science paper retrieval scenario 1 with resource-limited collaboration changes performance.,Cross-domain transfer with randomized team composition and ablations.,demo_science_01,,,
f8a2e2cadfe071b9,learning study s10 approach 1,Combining Synthetic learning exploration scenario 7 with resource-limited collaboration changes performance. Test with matched initial states.,Cross-domain transfer with randomized team composition and ablations. Add independent runs and a no-sharing control.,demo_learning_07,,,
f8b3a608a7624aaf,agents study s03 approach 0,Combining Synthetic agents planning scenario 3 with resource-limited collaboration changes performance.,Controlled graph benchmark and matched trials.,demo_agents_03,,,
f94cbdae645f8542,agents study s09 approach 1,Combining Synthetic agents planning scenario 7 with resource-limited collaboration changes performance. Test with matched initial states.,Cross-domain transfer with randomized team composition and ablations. Add independent runs and a no-sharing control.,demo_agents_07,,,
f94d46732482a6bb,learning study s07 approach 1,Combining Synthetic learning exploration scenario 7 with resource-limited collaboration changes performance. Test with matched initial states.,Cross-domain transfer with randomized team composition and ablations. Add independent runs and a no-sharing control.,demo_learning_07,,,
f96e53e28b690c78,science study s11 approach 1,Combining Synthetic science paper retrieval scenario 1 with resource-limited collaboration changes performance. Test with matched initial states.,Cross-domain transfer with randomized team composition and ablations. Add independent runs and a no-sharing control.,demo_science_01,,,
f9a9c4e15b220f79,agents study s15 approach 0,Combining Synthetic agents planning scenario 3 with resource-limited collaboration changes performance. Test with matched initial states.,Controlled graph benchmark and matched trials. Add independent runs and a no-sharing control.,demo_agents_03,,,
fa1de21ef35292af,learning study s07 approach 1,Combining Synthetic learning exploration scenario 7 with resource-limited collaboration changes performance. Test with matched initial states.,Cross-domain transfer with randomized team composition and ablations. Add independent runs and a no-sharing control.,demo_learning_07,,,
fa5afc0c54a9fafc,agents study s12 approach 0,Combining Synthetic agents planning scenario 3 with resource-limited collaboration changes performance. Test with matched initial states.,Controlled graph benchmark and matched trials. Add independent runs and a no-sharing control.,demo_agents_03,,,
faf418ffcdbcdfd7,agents study s06 approach 0,Combining Synthetic agents planning scenario 3 with resource-limited collaboration changes performance. Test with matched initial states.,Controlled graph benchmark and matched trials. Add independent runs and a no-sharing control.,demo_agents_03,,,
fb021c51c0688d02,science study s02 approach 0,Combining Synthetic science hypothesis generation scenario 0 with resource-limited collaboration changes performance.,Controlled graph benchmark and matched trials.,demo_science_00,,,
fb650199bdce41e5,science study s08 approach 0,Combining Synthetic science hypothesis generation scenario 0 with resource-limited collaboration changes performance. Test with matched initial states.,Controlled graph benchmark and matched trials. Add independent runs and a no-sharing control.,demo_science_00,,,
fb9fbe9e3cb0e7d0,science study s02 approach 1,Combining Synthetic science paper retrieval scenario 1 with resource-limited collaboration changes performance.,Cross-domain transfer with randomized team composition and ablations.,demo_science_01,,,
fc6ee55257d3a6eb,agents study s15 approach 0,Combining Synthetic agents planning scenario 3 with resource-limited collaboration changes performance. Test with matched initial states.,Controlled graph benchmark and matched trials. Add independent runs and a no-sharing control.,demo_agents_03,,,
fc7b1fd9bc0c40a6,learning study s19 approach 0,Combining Synthetic learning exploration scenario 3 with resource-limited collaboration changes performance.,Controlled graph benchmark and matched trials.,demo_learning_03,,,
fce23d52b86646ac,science study s08 approach 0,Combining Synthetic science hypothesis generation scenario 0 with resource-limited collaboration changes performance.,Controlled graph benchmark and matched trials.,demo_science_00,,,
fd04c57f9d327867,agents study s18 approach 1,Combining Synthetic agents planning scenario 7 with resource-limited collaboration changes performance. Test with matched initial states.,Cross-domain transfer with randomized team composition and ablations. Add independent runs and a no-sharing control.,demo_agents_07,,,
fd0b17ee380d7f33,agents study s06 approach 1,Combining Synthetic agents planning scenario 7 with resource-limited collaboration changes performance.,Cross-domain transfer with randomized team composition and ablations.,demo_agents_07,,,
fd1e6737206a7736,science study s08 approach 0,Combining Synthetic science hypothesis generation scenario 0 with resource-limited collaboration changes performance.,Controlled graph benchmark and matched trials.,demo_science_00,,,
fd9c45256de7e7c5,science study s05 approach 0,Combining Synthetic science hypothesis generation scenario 0 with resource-limited collaboration changes performance.,Controlled graph benchmark and matched trials.,demo_science_00,,,
fdca0dd474edf366,science study s17 approach 0,Combining Synthetic science hypothesis generation scenario 0 with resource-limited collaboration changes performance. Test with matched initial states.,Controlled graph benchmark and matched trials. Add independent runs and a no-sharing control.,demo_science_00,,,
fdd719d3f447b86b,agents study s12 approach 1,Combining Synthetic agents planning scenario 7 with resource-limited collaboration changes performance. Test with matched initial states.,Cross-domain transfer with randomized team composition and ablations. Add independent runs and a no-sharing control.,demo_agents_07,,,
ff19a49b826734dd,agents study s03 approach 1,Combining Synthetic agents planning scenario 7 with resource-limited collaboration changes performance. Test with matched initial states.,Cross-domain transfer with randomized team composition and ablations. Add independent runs and a no-sharing control.,demo_agents_07,,,
ff854abb4e6637fe,science study s14 approach 1,Combining Synthetic science paper retrieval scenario 1 with resource-limited collaboration changes performance. Test with matched initial states.,Cross-domain transfer with randomized team composition and ablations. Add independent runs and a no-sharing control.,demo_science_01,,,
ff87b9bec151a28d,agents study s03 approach 0,Combining Synthetic agents planning scenario 3 with resource-limited collaboration changes performance.,Controlled graph benchmark and matched trials.,demo_agents_03,,,
ffa0df51f0d81a35,science study s14 approach 0,Combining Synthetic science hypothesis generation scenario 0 with resource-limited collaboration changes performance.,Controlled graph benchmark and matched trials.,demo_science_00,,,
ffb226b42c54717b,agents study s03 approach 1,Combining Synthetic agents planning scenario 7 with resource-limited collaboration changes performance. Test with matched initial states.,Cross-domain transfer with randomized team composition and ablations. Add independent runs and a no-sharing control.,demo_agents_07,,,
ffcd0458e5dda79e,science study s11 approach 1,Combining Synthetic science paper retrieval scenario 1 with resource-limited collaboration changes performance.,Cross-domain transfer with randomized team composition and ablations.,demo_science_01,,,
ffde65b5a4e0f3ee,learning study s16 approach 1,Combining Synthetic learning exploration scenario 7 with resource-limited collaboration changes performance. Test with matched initial states.,Cross-domain transfer with randomized team composition and ablations. Add independent runs and a no-sharing control.,demo_learning_07,,,
fffeadc993712bf3,agents study s18 approach 1,Combining Synthetic agents planning scenario 7 with resource-limited collaboration changes performance. Test with matched initial states.,Cross-domain transfer with randomized team composition and ablations. Add independent runs and a no-sharing control.,demo_agents_07,,,
